customer_id,name,email,country,segment,created_at
CUST-00001,Customer 1,customer1@example.com,FR,small-business,2023-07-21T00:00:00
CUST-00002,Customer 2,customer2@example.com,AU,mid-market,2020-05-30T00:00:00
CUST-00003,Customer 3,customer3@example.com,AU,consumer,2020-04-08T00:00:00
CUST-00004,Customer 4,customer4@example.com,US,consumer,2020-09-30T00:00:00
CUST-00005,Customer 5,customer5@example.com,UK,mid-market,2020-03-25T00:00:00
CUST-00006,Customer 6,customer6@example.com,JP,mid-market,2023-03-15T00:00:00
CUST-00007,Customer 7,customer7@example.com,AU,mid-market,2023-08-11T00:00:00
CUST-00008,Customer 8,customer8@example.com,UK,consumer,2021-04-24T00:00:00
CUST-00009,Customer 9,customer9@example.com,IN,consumer,2023-01-24T00:00:00
CUST-00010,Customer 10,customer10@example.com,CA,consumer,2021-03-21T00:00:00
CUST-00011,Customer 11,customer11@example.com,IN,mid-market,2023-08-14T00:00:00
CUST-00012,Customer 12,customer12@example.com,US,mid-market,2023-02-10T00:00:00
CUST-00013,Customer 13,customer13@example.com,JP,mid-market,2021-08-04T00:00:00
CUST-00014,Customer 14,customer14@example.com,US,small-business,2020-04-05T00:00:00
CUST-00015,Customer 15,customer15@example.com,BR,consumer,2021-08-24T00:00:00
CUST-00016,Customer 16,customer16@example.com,UK,consumer,2022-11-18T00:00:00
CUST-00017,Customer 17,customer17@example.com,KR,small-business,2023-01-27T00:00:00
CUST-00018,Customer 18,customer18@example.com,IN,enterprise,2022-01-26T00:00:00
CUST-00019,Customer 19,customer19@example.com,AU,mid-market,2021-02-01T00:00:00
CUST-00020,Customer 20,customer20@example.com,KR,small-business,2022-03-24T00:00:00
CUST-00021,Customer 21,customer21@example.com,US,small-business,2023-01-23T00:00:00
CUST-00022,Customer 22,customer22@example.com,BR,enterprise,2021-12-10T00:00:00
CUST-00023,Customer 23,customer23@example.com,UK,small-business,2020-01-14T00:00:00
CUST-00024,Customer 24,customer24@example.com,BR,consumer,2020-02-07T00:00:00
CUST-00025,Customer 25,customer25@example.com,DE,enterprise,2021-01-08T00:00:00
CUST-00026,Customer 26,customer26@example.com,JP,consumer,2022-08-08T00:00:00
CUST-00027,Customer 27,customer27@example.com,KR,mid-market,2022-01-05T00:00:00
CUST-00028,Customer 28,customer28@example.com,KR,small-business,2020-12-01T00:00:00
CUST-00029,Customer 29,customer29@example.com,BR,mid-market,2021-03-22T00:00:00
CUST-00030,Customer 30,customer30@example.com,FR,consumer,2022-12-16T00:00:00
CUST-00031,Customer 31,customer31@example.com,KR,mid-market,2023-08-01T00:00:00
CUST-00032,Customer 32,customer32@example.com,DE,small-business,2023-09-20T00:00:00
CUST-00033,Customer 33,customer33@example.com,US,consumer,2021-12-30T00:00:00
CUST-00034,Customer 34,customer34@example.com,IN,enterprise,2023-05-02T00:00:00
CUST-00035,Customer 35,customer35@example.com,AU,enterprise,2021-06-06T00:00:00
CUST-00036,Customer 36,customer36@example.com,IN,small-business,2022-07-05T00:00:00
CUST-00037,Customer 37,customer37@example.com,JP,small-business,2023-06-24T00:00:00
CUST-00038,Customer 38,customer38@example.com,UK,small-business,2022-11-29T00:00:00
CUST-00039,Customer 39,customer39@example.com,KR,consumer,2020-09-22T00:00:00
CUST-00040,Customer 40,customer40@example.com,US,mid-market,2022-06-21T00:00:00
CUST-00041,Customer 41,customer41@example.com,UK,enterprise,2022-03-27T00:00:00
CUST-00042,Customer 42,customer42@example.com,BR,mid-market,2023-12-24T00:00:00
CUST-00043,Customer 43,customer43@example.com,US,mid-market,2020-01-11T00:00:00
CUST-00044,Customer 44,customer44@example.com,IN,mid-market,2021-09-24T00:00:00
CUST-00045,Customer 45,customer45@example.com,AU,enterprise,2023-02-15T00:00:00
CUST-00046,Customer 46,customer46@example.com,JP,consumer,2021-04-06T00:00:00
CUST-00047,Customer 47,customer47@example.com,KR,enterprise,2020-02-20T00:00:00
CUST-00048,Customer 48,customer48@example.com,US,consumer,2020-09-20T00:00:00
CUST-00049,Customer 49,customer49@example.com,IN,consumer,2021-01-11T00:00:00
CUST-00050,Customer 50,customer50@example.com,JP,mid-market,2022-01-17T00:00:00
CUST-00051,Customer 51,customer51@example.com,UK,mid-market,2022-05-24T00:00:00
CUST-00052,Customer 52,customer52@example.com,BR,enterprise,2023-02-03T00:00:00
CUST-00053,Customer 53,customer53@example.com,FR,consumer,2022-05-15T00:00:00
CUST-00054,Customer 54,customer54@example.com,KR,enterprise,2021-09-02T00:00:00
CUST-00055,Customer 55,customer55@example.com,JP,small-business,2023-01-06T00:00:00
CUST-00056,Customer 56,customer56@example.com,AU,enterprise,2020-10-03T00:00:00
CUST-00057,Customer 57,customer57@example.com,AU,small-business,2022-10-06T00:00:00
CUST-00058,Customer 58,customer58@example.com,IN,consumer,2022-03-25T00:00:00
CUST-00059,Customer 59,customer59@example.com,JP,consumer,2021-06-04T00:00:00
CUST-00060,Customer 60,customer60@example.com,UK,consumer,2021-07-23T00:00:00
CUST-00061,Customer 61,customer61@example.com,IN,enterprise,2022-11-19T00:00:00
CUST-00062,Customer 62,customer62@example.com,BR,mid-market,2021-12-26T00:00:00
CUST-00063,Customer 63,customer63@example.com,BR,enterprise,2020-01-10T00:00:00
CUST-00064,Customer 64,customer64@example.com,FR,mid-market,2020-12-31T00:00:00
CUST-00065,Customer 65,customer65@example.com,IN,enterprise,2021-03-01T00:00:00
CUST-00066,Customer 66,customer66@example.com,FR,mid-market,2023-05-31T00:00:00
CUST-00067,Customer 67,customer67@example.com,UK,small-business,2022-09-17T00:00:00
CUST-00068,Customer 68,customer68@example.com,IN,consumer,2020-03-22T00:00:00
CUST-00069,Customer 69,customer69@example.com,UK,mid-market,2021-08-03T00:00:00
CUST-00070,Customer 70,customer70@example.com,CA,small-business,2022-05-10T00:00:00
CUST-00071,Customer 71,customer71@example.com,IN,enterprise,2022-11-19T00:00:00
CUST-00072,Customer 72,customer72@example.com,DE,enterprise,2023-02-27T00:00:00
CUST-00073,Customer 73,customer73@example.com,KR,consumer,2022-09-09T00:00:00
CUST-00074,Customer 74,customer74@example.com,FR,small-business,2022-04-12T00:00:00
CUST-00075,Customer 75,customer75@example.com,KR,small-business,2021-10-06T00:00:00
CUST-00076,Customer 76,customer76@example.com,CA,small-business,2020-11-08T00:00:00
CUST-00077,Customer 77,customer77@example.com,US,enterprise,2022-02-12T00:00:00
CUST-00078,Customer 78,customer78@example.com,KR,consumer,2022-09-02T00:00:00
CUST-00079,Customer 79,customer79@example.com,AU,consumer,2020-01-01T00:00:00
CUST-00080,Customer 80,customer80@example.com,US,small-business,2022-03-14T00:00:00
CUST-00081,Customer 81,customer81@example.com,KR,consumer,2022-03-28T00:00:00
CUST-00082,Customer 82,customer82@example.com,FR,consumer,2022-12-05T00:00:00
CUST-00083,Customer 83,customer83@example.com,KR,mid-market,2023-01-13T00:00:00
CUST-00084,Customer 84,customer84@example.com,AU,small-business,2023-12-06T00:00:00
CUST-00085,Customer 85,customer85@example.com,BR,small-business,2023-10-09T00:00:00
CUST-00086,Customer 86,customer86@example.com,AU,consumer,2023-12-06T00:00:00
CUST-00087,Customer 87,customer87@example.com,US,consumer,2023-10-29T00:00:00
CUST-00088,Customer 88,customer88@example.com,DE,consumer,2023-02-08T00:00:00
CUST-00089,Customer 89,customer89@example.com,AU,enterprise,2021-03-16T00:00:00
CUST-00090,Customer 90,customer90@example.com,BR,consumer,2022-02-27T00:00:00
CUST-00091,Customer 91,customer91@example.com,AU,small-business,2020-10-07T00:00:00
CUST-00092,Customer 92,customer92@example.com,CA,consumer,2021-09-19T00:00:00
CUST-00093,Customer 93,customer93@example.com,DE,mid-market,2023-11-18T00:00:00
CUST-00094,Customer 94,customer94@example.com,KR,small-business,2023-12-13T00:00:00
CUST-00095,Customer 95,customer95@example.com,UK,enterprise,2023-05-22T00:00:00
CUST-00096,Customer 96,customer96@example.com,CA,enterprise,2021-08-11T00:00:00
CUST-00097,Customer 97,customer97@example.com,FR,enterprise,2023-01-23T00:00:00
CUST-00098,Customer 98,customer98@example.com,BR,consumer,2021-07-25T00:00:00
CUST-00099,Customer 99,customer99@example.com,JP,mid-market,2022-03-15T00:00:00
CUST-00100,Customer 100,customer100@example.com,AU,mid-market,2020-08-23T00:00:00
CUST-00101,Customer 101,customer101@example.com,CA,enterprise,2023-09-11T00:00:00
CUST-00102,Customer 102,customer102@example.com,US,consumer,2021-03-26T00:00:00
CUST-00103,Customer 103,customer103@example.com,AU,small-business,2020-02-10T00:00:00
CUST-00104,Customer 104,customer104@example.com,IN,small-business,2023-01-23T00:00:00
CUST-00105,Customer 105,customer105@example.com,KR,enterprise,2021-08-15T00:00:00
CUST-00106,Customer 106,customer106@example.com,IN,enterprise,2020-01-19T00:00:00
CUST-00107,Customer 107,customer107@example.com,IN,enterprise,2022-11-18T00:00:00
CUST-00108,Customer 108,customer108@example.com,AU,enterprise,2021-10-23T00:00:00
CUST-00109,Customer 109,customer109@example.com,DE,mid-market,2021-10-28T00:00:00
CUST-00110,Customer 110,customer110@example.com,IN,small-business,2023-09-24T00:00:00
CUST-00111,Customer 111,customer111@example.com,FR,mid-market,2021-07-16T00:00:00
CUST-00112,Customer 112,customer112@example.com,KR,enterprise,2022-12-31T00:00:00
CUST-00113,Customer 113,customer113@example.com,UK,mid-market,2022-11-13T00:00:00
CUST-00114,Customer 114,customer114@example.com,AU,enterprise,2021-03-22T00:00:00
CUST-00115,Customer 115,customer115@example.com,FR,mid-market,2023-11-06T00:00:00
CUST-00116,Customer 116,customer116@example.com,DE,small-business,2022-12-08T00:00:00
CUST-00117,Customer 117,customer117@example.com,CA,small-business,2023-06-26T00:00:00
CUST-00118,Customer 118,customer118@example.com,UK,mid-market,2023-11-22T00:00:00
CUST-00119,Customer 119,customer119@example.com,US,enterprise,2023-02-18T00:00:00
CUST-00120,Customer 120,customer120@example.com,JP,small-business,2022-01-09T00:00:00
CUST-00121,Customer 121,customer121@example.com,DE,enterprise,2022-06-01T00:00:00
CUST-00122,Customer 122,customer122@example.com,DE,small-business,2020-07-25T00:00:00
CUST-00123,Customer 123,customer123@example.com,AU,consumer,2020-04-06T00:00:00
CUST-00124,Customer 124,customer124@example.com,KR,small-business,2021-02-15T00:00:00
CUST-00125,Customer 125,customer125@example.com,JP,enterprise,2023-06-24T00:00:00
CUST-00126,Customer 126,customer126@example.com,DE,enterprise,2021-01-20T00:00:00
CUST-00127,Customer 127,customer127@example.com,US,consumer,2020-04-21T00:00:00
CUST-00128,Customer 128,customer128@example.com,AU,consumer,2023-09-27T00:00:00
CUST-00129,Customer 129,customer129@example.com,IN,enterprise,2021-12-03T00:00:00
CUST-00130,Customer 130,customer130@example.com,DE,consumer,2020-01-27T00:00:00
CUST-00131,Customer 131,customer131@example.com,AU,consumer,2022-01-10T00:00:00
CUST-00132,Customer 132,customer132@example.com,DE,consumer,2021-01-22T00:00:00
CUST-00133,Customer 133,customer133@example.com,UK,mid-market,2021-10-07T00:00:00
CUST-00134,Customer 134,customer134@example.com,FR,enterprise,2023-12-13T00:00:00
CUST-00135,Customer 135,customer135@example.com,JP,consumer,2022-03-08T00:00:00
CUST-00136,Customer 136,customer136@example.com,JP,enterprise,2023-02-16T00:00:00
CUST-00137,Customer 137,customer137@example.com,KR,consumer,2022-03-14T00:00:00
CUST-00138,Customer 138,customer138@example.com,AU,mid-market,2020-12-22T00:00:00
CUST-00139,Customer 139,customer139@example.com,DE,consumer,2023-09-25T00:00:00
CUST-00140,Customer 140,customer140@example.com,AU,small-business,2020-09-27T00:00:00
CUST-00141,Customer 141,customer141@example.com,IN,enterprise,2023-02-21T00:00:00
CUST-00142,Customer 142,customer142@example.com,AU,small-business,2022-09-21T00:00:00
CUST-00143,Customer 143,customer143@example.com,CA,mid-market,2022-08-18T00:00:00
CUST-00144,Customer 144,customer144@example.com,IN,mid-market,2023-07-04T00:00:00
CUST-00145,Customer 145,customer145@example.com,UK,small-business,2023-01-08T00:00:00
CUST-00146,Customer 146,customer146@example.com,DE,mid-market,2023-03-19T00:00:00
CUST-00147,Customer 147,customer147@example.com,IN,consumer,2022-04-09T00:00:00
CUST-00148,Customer 148,customer148@example.com,US,mid-market,2023-08-23T00:00:00
CUST-00149,Customer 149,customer149@example.com,US,mid-market,2021-03-14T00:00:00
CUST-00150,Customer 150,customer150@example.com,JP,enterprise,2020-12-05T00:00:00
CUST-00151,Customer 151,customer151@example.com,CA,small-business,2021-10-11T00:00:00
CUST-00152,Customer 152,customer152@example.com,BR,enterprise,2020-03-09T00:00:00
CUST-00153,Customer 153,customer153@example.com,AU,mid-market,2020-12-01T00:00:00
CUST-00154,Customer 154,customer154@example.com,AU,mid-market,2021-05-09T00:00:00
CUST-00155,Customer 155,customer155@example.com,JP,consumer,2021-06-15T00:00:00
CUST-00156,Customer 156,customer156@example.com,CA,enterprise,2021-11-28T00:00:00
CUST-00157,Customer 157,customer157@example.com,UK,mid-market,2021-01-22T00:00:00
CUST-00158,Customer 158,customer158@example.com,DE,mid-market,2021-07-31T00:00:00
CUST-00159,Customer 159,customer159@example.com,JP,consumer,2020-08-13T00:00:00
CUST-00160,Customer 160,customer160@example.com,KR,consumer,2021-03-20T00:00:00
CUST-00161,Customer 161,customer161@example.com,AU,mid-market,2022-09-04T00:00:00
CUST-00162,Customer 162,customer162@example.com,US,mid-market,2020-07-12T00:00:00
CUST-00163,Customer 163,customer163@example.com,JP,small-business,2022-11-02T00:00:00
CUST-00164,Customer 164,customer164@example.com,JP,consumer,2021-07-22T00:00:00
CUST-00165,Customer 165,customer165@example.com,KR,small-business,2021-07-02T00:00:00
CUST-00166,Customer 166,customer166@example.com,US,enterprise,2021-01-01T00:00:00
CUST-00167,Customer 167,customer167@example.com,UK,enterprise,2022-07-19T00:00:00
CUST-00168,Customer 168,customer168@example.com,CA,mid-market,2020-01-05T00:00:00
CUST-00169,Customer 169,customer169@example.com,CA,enterprise,2023-06-18T00:00:00
CUST-00170,Customer 170,customer170@example.com,US,consumer,2021-10-28T00:00:00
CUST-00171,Customer 171,customer171@example.com,FR,small-business,2023-06-06T00:00:00
CUST-00172,Customer 172,customer172@example.com,UK,consumer,2022-10-28T00:00:00
CUST-00173,Customer 173,customer173@example.com,UK,enterprise,2022-03-14T00:00:00
CUST-00174,Customer 174,customer174@example.com,BR,consumer,2021-02-28T00:00:00
CUST-00175,Customer 175,customer175@example.com,IN,consumer,2023-06-22T00:00:00
CUST-00176,Customer 176,customer176@example.com,US,small-business,2021-05-21T00:00:00
CUST-00177,Customer 177,customer177@example.com,AU,consumer,2020-04-09T00:00:00
CUST-00178,Customer 178,customer178@example.com,KR,enterprise,2021-02-16T00:00:00
CUST-00179,Customer 179,customer179@example.com,IN,enterprise,2020-03-02T00:00:00
CUST-00180,Customer 180,customer180@example.com,JP,enterprise,2023-02-28T00:00:00
CUST-00181,Customer 181,customer181@example.com,CA,enterprise,2020-10-01T00:00:00
CUST-00182,Customer 182,customer182@example.com,AU,small-business,2021-06-27T00:00:00
CUST-00183,Customer 183,customer183@example.com,DE,mid-market,2022-07-27T00:00:00
CUST-00184,Customer 184,customer184@example.com,UK,small-business,2020-04-28T00:00:00
CUST-00185,Customer 185,customer185@example.com,DE,small-business,2021-01-25T00:00:00
CUST-00186,Customer 186,customer186@example.com,UK,enterprise,2022-10-31T00:00:00
CUST-00187,Customer 187,customer187@example.com,UK,consumer,2023-06-29T00:00:00
CUST-00188,Customer 188,customer188@example.com,KR,enterprise,2021-06-22T00:00:00
CUST-00189,Customer 189,customer189@example.com,CA,enterprise,2020-10-27T00:00:00
CUST-00190,Customer 190,customer190@example.com,FR,mid-market,2023-03-11T00:00:00
CUST-00191,Customer 191,customer191@example.com,UK,mid-market,2020-08-23T00:00:00
CUST-00192,Customer 192,customer192@example.com,FR,mid-market,2023-08-13T00:00:00
CUST-00193,Customer 193,customer193@example.com,FR,mid-market,2022-07-10T00:00:00
CUST-00194,Customer 194,customer194@example.com,AU,consumer,2021-12-11T00:00:00
CUST-00195,Customer 195,customer195@example.com,IN,mid-market,2020-03-27T00:00:00
CUST-00196,Customer 196,customer196@example.com,IN,mid-market,2022-09-24T00:00:00
CUST-00197,Customer 197,customer197@example.com,FR,mid-market,2023-11-01T00:00:00
CUST-00198,Customer 198,customer198@example.com,US,consumer,2020-06-23T00:00:00
CUST-00199,Customer 199,customer199@example.com,UK,consumer,2022-06-05T00:00:00
CUST-00200,Customer 200,customer200@example.com,FR,consumer,2021-04-21T00:00:00
CUST-00201,Customer 201,customer201@example.com,JP,enterprise,2022-04-12T00:00:00
CUST-00202,Customer 202,customer202@example.com,DE,consumer,2020-09-18T00:00:00
CUST-00203,Customer 203,customer203@example.com,CA,small-business,2022-05-21T00:00:00
CUST-00204,Customer 204,customer204@example.com,JP,consumer,2020-10-27T00:00:00
CUST-00205,Customer 205,customer205@example.com,KR,small-business,2021-02-13T00:00:00
CUST-00206,Customer 206,customer206@example.com,US,consumer,2021-03-06T00:00:00
CUST-00207,Customer 207,customer207@example.com,BR,mid-market,2021-08-09T00:00:00
CUST-00208,Customer 208,customer208@example.com,AU,consumer,2020-05-21T00:00:00
CUST-00209,Customer 209,customer209@example.com,US,consumer,2022-07-26T00:00:00
CUST-00210,Customer 210,customer210@example.com,CA,enterprise,2020-09-18T00:00:00
CUST-00211,Customer 211,customer211@example.com,DE,enterprise,2021-05-17T00:00:00
CUST-00212,Customer 212,customer212@example.com,AU,mid-market,2020-05-11T00:00:00
CUST-00213,Customer 213,customer213@example.com,CA,enterprise,2020-08-23T00:00:00
CUST-00214,Customer 214,customer214@example.com,IN,enterprise,2023-01-10T00:00:00
CUST-00215,Customer 215,customer215@example.com,IN,small-business,2021-07-14T00:00:00
CUST-00216,Customer 216,customer216@example.com,IN,mid-market,2020-07-23T00:00:00
CUST-00217,Customer 217,customer217@example.com,FR,mid-market,2022-02-13T00:00:00
CUST-00218,Customer 218,customer218@example.com,DE,small-business,2023-07-19T00:00:00
CUST-00219,Customer 219,customer219@example.com,US,enterprise,2020-09-06T00:00:00
CUST-00220,Customer 220,customer220@example.com,AU,consumer,2022-04-15T00:00:00
CUST-00221,Customer 221,customer221@example.com,DE,enterprise,2020-06-06T00:00:00
CUST-00222,Customer 222,customer222@example.com,CA,enterprise,2021-07-19T00:00:00
CUST-00223,Customer 223,customer223@example.com,DE,enterprise,2023-04-13T00:00:00
CUST-00224,Customer 224,customer224@example.com,JP,enterprise,2023-02-03T00:00:00
CUST-00225,Customer 225,customer225@example.com,US,mid-market,2023-05-08T00:00:00
CUST-00226,Customer 226,customer226@example.com,BR,consumer,2023-08-25T00:00:00
CUST-00227,Customer 227,customer227@example.com,IN,consumer,2023-08-27T00:00:00
CUST-00228,Customer 228,customer228@example.com,FR,enterprise,2020-03-20T00:00:00
CUST-00229,Customer 229,customer229@example.com,KR,small-business,2023-09-16T00:00:00
CUST-00230,Customer 230,customer230@example.com,KR,consumer,2023-09-05T00:00:00
CUST-00231,Customer 231,customer231@example.com,FR,consumer,2023-12-16T00:00:00
CUST-00232,Customer 232,customer232@example.com,IN,consumer,2023-05-06T00:00:00
CUST-00233,Customer 233,customer233@example.com,US,mid-market,2023-09-27T00:00:00
CUST-00234,Customer 234,customer234@example.com,KR,mid-market,2023-06-25T00:00:00
CUST-00235,Customer 235,customer235@example.com,JP,small-business,2023-12-13T00:00:00
CUST-00236,Customer 236,customer236@example.com,DE,enterprise,2022-07-07T00:00:00
CUST-00237,Customer 237,customer237@example.com,FR,consumer,2022-09-02T00:00:00
CUST-00238,Customer 238,customer238@example.com,FR,small-business,2021-08-01T00:00:00
CUST-00239,Customer 239,customer239@example.com,JP,small-business,2023-09-09T00:00:00
CUST-00240,Customer 240,customer240@example.com,JP,consumer,2020-06-07T00:00:00
CUST-00241,Customer 241,customer241@example.com,UK,small-business,2022-02-05T00:00:00
CUST-00242,Customer 242,customer242@example.com,BR,consumer,2020-01-26T00:00:00
CUST-00243,Customer 243,customer243@example.com,KR,mid-market,2020-01-08T00:00:00
CUST-00244,Customer 244,customer244@example.com,FR,enterprise,2020-03-10T00:00:00
CUST-00245,Customer 245,customer245@example.com,AU,enterprise,2021-07-11T00:00:00
CUST-00246,Customer 246,customer246@example.com,US,consumer,2021-04-11T00:00:00
CUST-00247,Customer 247,customer247@example.com,US,mid-market,2023-08-27T00:00:00
CUST-00248,Customer 248,customer248@example.com,JP,small-business,2022-12-04T00:00:00
CUST-00249,Customer 249,customer249@example.com,FR,mid-market,2020-02-06T00:00:00
CUST-00250,Customer 250,customer250@example.com,KR,enterprise,2023-07-19T00:00:00
CUST-00251,Customer 251,customer251@example.com,DE,small-business,2022-08-28T00:00:00
CUST-00252,Customer 252,customer252@example.com,FR,small-business,2022-06-25T00:00:00
CUST-00253,Customer 253,customer253@example.com,IN,consumer,2023-09-13T00:00:00
CUST-00254,Customer 254,customer254@example.com,DE,mid-market,2023-12-25T00:00:00
CUST-00255,Customer 255,customer255@example.com,IN,mid-market,2021-12-16T00:00:00
CUST-00256,Customer 256,customer256@example.com,JP,small-business,2022-09-30T00:00:00
CUST-00257,Customer 257,customer257@example.com,CA,enterprise,2021-04-09T00:00:00
CUST-00258,Customer 258,customer258@example.com,DE,small-business,2021-12-05T00:00:00
CUST-00259,Customer 259,customer259@example.com,IN,enterprise,2020-06-15T00:00:00
CUST-00260,Customer 260,customer260@example.com,UK,small-business,2022-02-17T00:00:00
CUST-00261,Customer 261,customer261@example.com,JP,consumer,2020-04-02T00:00:00
CUST-00262,Customer 262,customer262@example.com,FR,enterprise,2022-11-25T00:00:00
CUST-00263,Customer 263,customer263@example.com,JP,mid-market,2022-11-22T00:00:00
CUST-00264,Customer 264,customer264@example.com,US,enterprise,2020-09-10T00:00:00
CUST-00265,Customer 265,customer265@example.com,JP,consumer,2022-06-07T00:00:00
CUST-00266,Customer 266,customer266@example.com,KR,mid-market,2021-11-05T00:00:00
CUST-00267,Customer 267,customer267@example.com,US,consumer,2021-11-26T00:00:00
CUST-00268,Customer 268,customer268@example.com,CA,mid-market,2023-09-19T00:00:00
CUST-00269,Customer 269,customer269@example.com,AU,enterprise,2020-05-14T00:00:00
CUST-00270,Customer 270,customer270@example.com,JP,consumer,2020-03-02T00:00:00
CUST-00271,Customer 271,customer271@example.com,JP,small-business,2020-12-10T00:00:00
CUST-00272,Customer 272,customer272@example.com,UK,mid-market,2020-06-24T00:00:00
CUST-00273,Customer 273,customer273@example.com,DE,mid-market,2020-11-29T00:00:00
CUST-00274,Customer 274,customer274@example.com,FR,small-business,2020-09-24T00:00:00
CUST-00275,Customer 275,customer275@example.com,JP,consumer,2023-11-21T00:00:00
CUST-00276,Customer 276,customer276@example.com,KR,small-business,2023-05-04T00:00:00
CUST-00277,Customer 277,customer277@example.com,FR,small-business,2021-02-23T00:00:00
CUST-00278,Customer 278,customer278@example.com,JP,consumer,2022-11-13T00:00:00
CUST-00279,Customer 279,customer279@example.com,BR,small-business,2022-04-19T00:00:00
CUST-00280,Customer 280,customer280@example.com,CA,enterprise,2023-07-03T00:00:00
CUST-00281,Customer 281,customer281@example.com,BR,mid-market,2023-10-28T00:00:00
CUST-00282,Customer 282,customer282@example.com,DE,small-business,2022-12-02T00:00:00
CUST-00283,Customer 283,customer283@example.com,FR,consumer,2022-05-27T00:00:00
CUST-00284,Customer 284,customer284@example.com,JP,small-business,2023-07-07T00:00:00
CUST-00285,Customer 285,customer285@example.com,JP,mid-market,2023-06-21T00:00:00
CUST-00286,Customer 286,customer286@example.com,US,consumer,2022-04-23T00:00:00
CUST-00287,Customer 287,customer287@example.com,BR,mid-market,2023-01-02T00:00:00
CUST-00288,Customer 288,customer288@example.com,KR,enterprise,2020-08-08T00:00:00
CUST-00289,Customer 289,customer289@example.com,DE,mid-market,2020-12-07T00:00:00
CUST-00290,Customer 290,customer290@example.com,BR,small-business,2023-03-23T00:00:00
CUST-00291,Customer 291,customer291@example.com,AU,mid-market,2020-06-29T00:00:00
CUST-00292,Customer 292,customer292@example.com,US,small-business,2021-09-28T00:00:00
CUST-00293,Customer 293,customer293@example.com,JP,consumer,2022-05-04T00:00:00
CUST-00294,Customer 294,customer294@example.com,KR,small-business,2022-01-10T00:00:00
CUST-00295,Customer 295,customer295@example.com,BR,consumer,2021-03-02T00:00:00
CUST-00296,Customer 296,customer296@example.com,CA,enterprise,2020-04-17T00:00:00
CUST-00297,Customer 297,customer297@example.com,UK,consumer,2023-10-31T00:00:00
CUST-00298,Customer 298,customer298@example.com,JP,mid-market,2023-07-29T00:00:00
CUST-00299,Customer 299,customer299@example.com,BR,enterprise,2020-09-04T00:00:00
CUST-00300,Customer 300,customer300@example.com,AU,small-business,2021-06-06T00:00:00
CUST-00301,Customer 301,customer301@example.com,JP,consumer,2020-06-24T00:00:00
CUST-00302,Customer 302,customer302@example.com,DE,enterprise,2023-12-08T00:00:00
CUST-00303,Customer 303,customer303@example.com,AU,mid-market,2020-02-07T00:00:00
CUST-00304,Customer 304,customer304@example.com,BR,enterprise,2023-02-16T00:00:00
CUST-00305,Customer 305,customer305@example.com,FR,enterprise,2022-06-18T00:00:00
CUST-00306,Customer 306,customer306@example.com,JP,mid-market,2023-04-10T00:00:00
CUST-00307,Customer 307,customer307@example.com,JP,mid-market,2021-07-06T00:00:00
CUST-00308,Customer 308,customer308@example.com,BR,mid-market,2023-09-14T00:00:00
CUST-00309,Customer 309,customer309@example.com,IN,consumer,2022-10-13T00:00:00
CUST-00310,Customer 310,customer310@example.com,KR,mid-market,2020-02-10T00:00:00
CUST-00311,Customer 311,customer311@example.com,JP,small-business,2020-02-16T00:00:00
CUST-00312,Customer 312,customer312@example.com,US,consumer,2021-04-23T00:00:00
CUST-00313,Customer 313,customer313@example.com,JP,mid-market,2023-04-12T00:00:00
CUST-00314,Customer 314,customer314@example.com,DE,consumer,2022-07-11T00:00:00
CUST-00315,Customer 315,customer315@example.com,US,enterprise,2021-12-24T00:00:00
CUST-00316,Customer 316,customer316@example.com,CA,enterprise,2022-08-11T00:00:00
CUST-00317,Customer 317,customer317@example.com,IN,enterprise,2021-04-17T00:00:00
CUST-00318,Customer 318,customer318@example.com,UK,consumer,2022-03-24T00:00:00
CUST-00319,Customer 319,customer319@example.com,US,mid-market,2020-04-04T00:00:00
CUST-00320,Customer 320,customer320@example.com,FR,mid-market,2020-12-07T00:00:00
CUST-00321,Customer 321,customer321@example.com,KR,mid-market,2022-01-24T00:00:00
CUST-00322,Customer 322,customer322@example.com,CA,consumer,2021-03-05T00:00:00
CUST-00323,Customer 323,customer323@example.com,CA,consumer,2023-09-16T00:00:00
CUST-00324,Customer 324,customer324@example.com,IN,consumer,2020-09-27T00:00:00
CUST-00325,Customer 325,customer325@example.com,CA,mid-market,2023-08-25T00:00:00
CUST-00326,Customer 326,customer326@example.com,DE,mid-market,2020-12-14T00:00:00
CUST-00327,Customer 327,customer327@example.com,IN,consumer,2020-02-27T00:00:00
CUST-00328,Customer 328,customer328@example.com,US,enterprise,2021-01-03T00:00:00
CUST-00329,Customer 329,customer329@example.com,UK,small-business,2021-08-17T00:00:00
CUST-00330,Customer 330,customer330@example.com,KR,consumer,2023-05-20T00:00:00
CUST-00331,Customer 331,customer331@example.com,AU,mid-market,2022-06-16T00:00:00
CUST-00332,Customer 332,customer332@example.com,IN,consumer,2022-06-26T00:00:00
CUST-00333,Customer 333,customer333@example.com,AU,mid-market,2022-03-06T00:00:00
CUST-00334,Customer 334,customer334@example.com,FR,consumer,2023-12-22T00:00:00
CUST-00335,Customer 335,customer335@example.com,AU,small-business,2022-04-17T00:00:00
CUST-00336,Customer 336,customer336@example.com,UK,enterprise,2021-10-13T00:00:00
CUST-00337,Customer 337,customer337@example.com,US,small-business,2022-04-27T00:00:00
CUST-00338,Customer 338,customer338@example.com,FR,consumer,2022-07-17T00:00:00
CUST-00339,Customer 339,customer339@example.com,IN,consumer,2021-07-02T00:00:00
CUST-00340,Customer 340,customer340@example.com,US,consumer,2020-02-17T00:00:00
CUST-00341,Customer 341,customer341@example.com,JP,consumer,2022-06-18T00:00:00
CUST-00342,Customer 342,customer342@example.com,IN,mid-market,2023-04-11T00:00:00
CUST-00343,Customer 343,customer343@example.com,UK,mid-market,2023-12-08T00:00:00
CUST-00344,Customer 344,customer344@example.com,JP,mid-market,2021-04-30T00:00:00
CUST-00345,Customer 345,customer345@example.com,IN,small-business,2023-10-05T00:00:00
CUST-00346,Customer 346,customer346@example.com,US,enterprise,2022-01-16T00:00:00
CUST-00347,Customer 347,customer347@example.com,AU,mid-market,2023-07-02T00:00:00
CUST-00348,Customer 348,customer348@example.com,JP,enterprise,2020-06-16T00:00:00
CUST-00349,Customer 349,customer349@example.com,US,consumer,2022-05-25T00:00:00
CUST-00350,Customer 350,customer350@example.com,FR,small-business,2023-06-11T00:00:00
CUST-00351,Customer 351,customer351@example.com,BR,small-business,2020-11-23T00:00:00
CUST-00352,Customer 352,customer352@example.com,US,consumer,2021-04-17T00:00:00
CUST-00353,Customer 353,customer353@example.com,AU,small-business,2023-11-24T00:00:00
CUST-00354,Customer 354,customer354@example.com,FR,small-business,2023-03-03T00:00:00
CUST-00355,Customer 355,customer355@example.com,BR,enterprise,2021-04-17T00:00:00
CUST-00356,Customer 356,customer356@example.com,IN,consumer,2020-04-06T00:00:00
CUST-00357,Customer 357,customer357@example.com,FR,enterprise,2022-03-08T00:00:00
CUST-00358,Customer 358,customer358@example.com,IN,mid-market,2021-08-16T00:00:00
CUST-00359,Customer 359,customer359@example.com,CA,consumer,2022-04-12T00:00:00
CUST-00360,Customer 360,customer360@example.com,IN,consumer,2020-01-09T00:00:00
CUST-00361,Customer 361,customer361@example.com,UK,small-business,2022-05-26T00:00:00
CUST-00362,Customer 362,customer362@example.com,DE,mid-market,2023-10-22T00:00:00
CUST-00363,Customer 363,customer363@example.com,US,consumer,2022-09-01T00:00:00
CUST-00364,Customer 364,customer364@example.com,UK,mid-market,2021-06-06T00:00:00
CUST-00365,Customer 365,customer365@example.com,JP,mid-market,2021-01-28T00:00:00
CUST-00366,Customer 366,customer366@example.com,UK,consumer,2022-02-21T00:00:00
CUST-00367,Customer 367,customer367@example.com,FR,mid-market,2021-12-09T00:00:00
CUST-00368,Customer 368,customer368@example.com,BR,small-business,2022-12-29T00:00:00
CUST-00369,Customer 369,customer369@example.com,AU,enterprise,2020-11-17T00:00:00
CUST-00370,Customer 370,customer370@example.com,IN,small-business,2020-11-12T00:00:00
CUST-00371,Customer 371,customer371@example.com,DE,mid-market,2020-07-10T00:00:00
CUST-00372,Customer 372,customer372@example.com,CA,mid-market,2023-03-08T00:00:00
CUST-00373,Customer 373,customer373@example.com,CA,consumer,2020-02-08T00:00:00
CUST-00374,Customer 374,customer374@example.com,CA,enterprise,2021-03-23T00:00:00
CUST-00375,Customer 375,customer375@example.com,UK,enterprise,2020-02-14T00:00:00
CUST-00376,Customer 376,customer376@example.com,KR,mid-market,2022-05-07T00:00:00
CUST-00377,Customer 377,customer377@example.com,AU,enterprise,2021-10-14T00:00:00
CUST-00378,Customer 378,customer378@example.com,JP,enterprise,2022-05-30T00:00:00
CUST-00379,Customer 379,customer379@example.com,US,small-business,2023-08-08T00:00:00
CUST-00380,Customer 380,customer380@example.com,CA,mid-market,2022-10-08T00:00:00
CUST-00381,Customer 381,customer381@example.com,BR,small-business,2021-01-01T00:00:00
CUST-00382,Customer 382,customer382@example.com,BR,small-business,2022-10-05T00:00:00
CUST-00383,Customer 383,customer383@example.com,KR,small-business,2020-01-06T00:00:00
CUST-00384,Customer 384,customer384@example.com,UK,consumer,2023-04-06T00:00:00
CUST-00385,Customer 385,customer385@example.com,JP,mid-market,2023-06-12T00:00:00
CUST-00386,Customer 386,customer386@example.com,US,enterprise,2020-04-22T00:00:00
CUST-00387,Customer 387,customer387@example.com,US,consumer,2022-09-29T00:00:00
CUST-00388,Customer 388,customer388@example.com,IN,mid-market,2021-09-11T00:00:00
CUST-00389,Customer 389,customer389@example.com,AU,consumer,2021-04-16T00:00:00
CUST-00390,Customer 390,customer390@example.com,DE,consumer,2020-06-23T00:00:00
CUST-00391,Customer 391,customer391@example.com,DE,consumer,2021-07-18T00:00:00
CUST-00392,Customer 392,customer392@example.com,UK,consumer,2021-04-17T00:00:00
CUST-00393,Customer 393,customer393@example.com,AU,mid-market,2022-06-12T00:00:00
CUST-00394,Customer 394,customer394@example.com,BR,enterprise,2022-12-19T00:00:00
CUST-00395,Customer 395,customer395@example.com,US,enterprise,2023-03-17T00:00:00
CUST-00396,Customer 396,customer396@example.com,DE,small-business,2022-01-30T00:00:00
CUST-00397,Customer 397,customer397@example.com,JP,consumer,2023-11-09T00:00:00
CUST-00398,Customer 398,customer398@example.com,KR,small-business,2021-06-20T00:00:00
CUST-00399,Customer 399,customer399@example.com,JP,small-business,2023-10-22T00:00:00
CUST-00400,Customer 400,customer400@example.com,US,mid-market,2020-01-24T00:00:00
CUST-00401,Customer 401,customer401@example.com,DE,mid-market,2020-02-15T00:00:00
CUST-00402,Customer 402,customer402@example.com,UK,mid-market,2023-09-30T00:00:00
CUST-00403,Customer 403,customer403@example.com,KR,consumer,2023-06-04T00:00:00
CUST-00404,Customer 404,customer404@example.com,US,enterprise,2020-02-22T00:00:00
CUST-00405,Customer 405,customer405@example.com,CA,enterprise,2022-08-30T00:00:00
CUST-00406,Customer 406,customer406@example.com,CA,consumer,2021-07-09T00:00:00
CUST-00407,Customer 407,customer407@example.com,CA,enterprise,2022-09-24T00:00:00
CUST-00408,Customer 408,customer408@example.com,UK,consumer,2020-03-29T00:00:00
CUST-00409,Customer 409,customer409@example.com,US,consumer,2021-11-28T00:00:00
CUST-00410,Customer 410,customer410@example.com,CA,small-business,2021-09-21T00:00:00
CUST-00411,Customer 411,customer411@example.com,DE,mid-market,2022-07-05T00:00:00
CUST-00412,Customer 412,customer412@example.com,UK,enterprise,2020-03-24T00:00:00
CUST-00413,Customer 413,customer413@example.com,CA,consumer,2022-08-25T00:00:00
CUST-00414,Customer 414,customer414@example.com,JP,consumer,2020-03-06T00:00:00
CUST-00415,Customer 415,customer415@example.com,UK,consumer,2023-01-23T00:00:00
CUST-00416,Customer 416,customer416@example.com,US,mid-market,2022-07-18T00:00:00
CUST-00417,Customer 417,customer417@example.com,FR,mid-market,2023-09-04T00:00:00
CUST-00418,Customer 418,customer418@example.com,FR,enterprise,2022-03-31T00:00:00
CUST-00419,Customer 419,customer419@example.com,CA,small-business,2022-04-16T00:00:00
CUST-00420,Customer 420,customer420@example.com,KR,consumer,2023-08-18T00:00:00
CUST-00421,Customer 421,customer421@example.com,IN,mid-market,2022-04-18T00:00:00
CUST-00422,Customer 422,customer422@example.com,KR,mid-market,2023-08-06T00:00:00
CUST-00423,Customer 423,customer423@example.com,BR,consumer,2022-04-05T00:00:00
CUST-00424,Customer 424,customer424@example.com,BR,mid-market,2020-07-03T00:00:00
CUST-00425,Customer 425,customer425@example.com,UK,small-business,2020-10-04T00:00:00
CUST-00426,Customer 426,customer426@example.com,DE,enterprise,2022-03-10T00:00:00
CUST-00427,Customer 427,customer427@example.com,KR,consumer,2023-07-21T00:00:00
CUST-00428,Customer 428,customer428@example.com,US,small-business,2021-05-28T00:00:00
CUST-00429,Customer 429,customer429@example.com,JP,consumer,2020-07-16T00:00:00
CUST-00430,Customer 430,customer430@example.com,FR,enterprise,2021-03-11T00:00:00
CUST-00431,Customer 431,customer431@example.com,US,small-business,2023-11-09T00:00:00
CUST-00432,Customer 432,customer432@example.com,CA,enterprise,2021-05-25T00:00:00
CUST-00433,Customer 433,customer433@example.com,IN,enterprise,2023-02-07T00:00:00
CUST-00434,Customer 434,customer434@example.com,FR,mid-market,2020-04-02T00:00:00
CUST-00435,Customer 435,customer435@example.com,DE,small-business,2022-08-23T00:00:00
CUST-00436,Customer 436,customer436@example.com,BR,consumer,2022-12-24T00:00:00
CUST-00437,Customer 437,customer437@example.com,UK,small-business,2023-12-24T00:00:00
CUST-00438,Customer 438,customer438@example.com,UK,mid-market,2022-05-31T00:00:00
CUST-00439,Customer 439,customer439@example.com,IN,enterprise,2022-10-12T00:00:00
CUST-00440,Customer 440,customer440@example.com,CA,enterprise,2022-08-22T00:00:00
CUST-00441,Customer 441,customer441@example.com,DE,mid-market,2021-07-07T00:00:00
CUST-00442,Customer 442,customer442@example.com,DE,enterprise,2023-11-23T00:00:00
CUST-00443,Customer 443,customer443@example.com,AU,consumer,2021-03-20T00:00:00
CUST-00444,Customer 444,customer444@example.com,KR,small-business,2021-03-26T00:00:00
CUST-00445,Customer 445,customer445@example.com,UK,enterprise,2021-05-13T00:00:00
CUST-00446,Customer 446,customer446@example.com,BR,consumer,2021-05-13T00:00:00
CUST-00447,Customer 447,customer447@example.com,JP,mid-market,2020-09-20T00:00:00
CUST-00448,Customer 448,customer448@example.com,FR,mid-market,2020-01-12T00:00:00
CUST-00449,Customer 449,customer449@example.com,CA,mid-market,2022-11-11T00:00:00
CUST-00450,Customer 450,customer450@example.com,UK,enterprise,2021-07-26T00:00:00
CUST-00451,Customer 451,customer451@example.com,KR,enterprise,2022-02-15T00:00:00
CUST-00452,Customer 452,customer452@example.com,BR,mid-market,2022-04-10T00:00:00
CUST-00453,Customer 453,customer453@example.com,CA,small-business,2022-10-04T00:00:00
CUST-00454,Customer 454,customer454@example.com,UK,small-business,2020-11-24T00:00:00
CUST-00455,Customer 455,customer455@example.com,KR,small-business,2020-07-10T00:00:00
CUST-00456,Customer 456,customer456@example.com,FR,small-business,2022-02-06T00:00:00
CUST-00457,Customer 457,customer457@example.com,FR,enterprise,2022-09-03T00:00:00
CUST-00458,Customer 458,customer458@example.com,IN,small-business,2021-11-10T00:00:00
CUST-00459,Customer 459,customer459@example.com,FR,enterprise,2023-03-11T00:00:00
CUST-00460,Customer 460,customer460@example.com,KR,small-business,2023-03-16T00:00:00
CUST-00461,Customer 461,customer461@example.com,IN,consumer,2020-12-01T00:00:00
CUST-00462,Customer 462,customer462@example.com,CA,consumer,2023-12-11T00:00:00
CUST-00463,Customer 463,customer463@example.com,FR,mid-market,2023-11-13T00:00:00
CUST-00464,Customer 464,customer464@example.com,AU,small-business,2020-06-24T00:00:00
CUST-00465,Customer 465,customer465@example.com,FR,enterprise,2022-10-27T00:00:00
CUST-00466,Customer 466,customer466@example.com,JP,enterprise,2023-04-18T00:00:00
CUST-00467,Customer 467,customer467@example.com,DE,small-business,2023-05-05T00:00:00
CUST-00468,Customer 468,customer468@example.com,KR,consumer,2023-10-08T00:00:00
CUST-00469,Customer 469,customer469@example.com,FR,consumer,2023-04-09T00:00:00
CUST-00470,Customer 470,customer470@example.com,JP,small-business,2021-05-06T00:00:00
CUST-00471,Customer 471,customer471@example.com,CA,small-business,2020-01-03T00:00:00
CUST-00472,Customer 472,customer472@example.com,JP,mid-market,2021-06-13T00:00:00
CUST-00473,Customer 473,customer473@example.com,FR,consumer,2020-09-04T00:00:00
CUST-00474,Customer 474,customer474@example.com,JP,small-business,2023-07-05T00:00:00
CUST-00475,Customer 475,customer475@example.com,JP,consumer,2021-03-20T00:00:00
CUST-00476,Customer 476,customer476@example.com,IN,enterprise,2022-04-20T00:00:00
CUST-00477,Customer 477,customer477@example.com,US,small-business,2021-10-06T00:00:00
CUST-00478,Customer 478,customer478@example.com,US,consumer,2021-07-03T00:00:00
CUST-00479,Customer 479,customer479@example.com,UK,consumer,2020-03-15T00:00:00
CUST-00480,Customer 480,customer480@example.com,US,consumer,2020-11-11T00:00:00
CUST-00481,Customer 481,customer481@example.com,DE,mid-market,2020-09-08T00:00:00
CUST-00482,Customer 482,customer482@example.com,IN,small-business,2021-12-06T00:00:00
CUST-00483,Customer 483,customer483@example.com,JP,mid-market,2023-09-27T00:00:00
CUST-00484,Customer 484,customer484@example.com,FR,consumer,2020-02-06T00:00:00
CUST-00485,Customer 485,customer485@example.com,IN,small-business,2021-09-14T00:00:00
CUST-00486,Customer 486,customer486@example.com,US,consumer,2021-04-27T00:00:00
CUST-00487,Customer 487,customer487@example.com,DE,consumer,2020-12-16T00:00:00
CUST-00488,Customer 488,customer488@example.com,US,consumer,2021-03-30T00:00:00
CUST-00489,Customer 489,customer489@example.com,KR,enterprise,2022-09-10T00:00:00
CUST-00490,Customer 490,customer490@example.com,DE,small-business,2021-04-27T00:00:00
CUST-00491,Customer 491,customer491@example.com,AU,consumer,2021-04-01T00:00:00
CUST-00492,Customer 492,customer492@example.com,CA,consumer,2023-11-09T00:00:00
CUST-00493,Customer 493,customer493@example.com,CA,mid-market,2023-01-30T00:00:00
CUST-00494,Customer 494,customer494@example.com,KR,small-business,2020-05-24T00:00:00
CUST-00495,Customer 495,customer495@example.com,US,consumer,2021-11-22T00:00:00
CUST-00496,Customer 496,customer496@example.com,AU,enterprise,2023-01-31T00:00:00
CUST-00497,Customer 497,customer497@example.com,JP,consumer,2022-12-02T00:00:00
CUST-00498,Customer 498,customer498@example.com,DE,small-business,2023-05-17T00:00:00
CUST-00499,Customer 499,customer499@example.com,US,consumer,2023-07-11T00:00:00
CUST-00500,Customer 500,customer500@example.com,US,consumer,2022-08-23T00:00:00
CUST-00501,Customer 501,customer501@example.com,CA,consumer,2021-08-26T00:00:00
CUST-00502,Customer 502,customer502@example.com,BR,small-business,2020-10-16T00:00:00
CUST-00503,Customer 503,customer503@example.com,US,enterprise,2023-02-04T00:00:00
CUST-00504,Customer 504,customer504@example.com,BR,consumer,2023-05-08T00:00:00
CUST-00505,Customer 505,customer505@example.com,US,consumer,2020-02-15T00:00:00
CUST-00506,Customer 506,customer506@example.com,JP,enterprise,2020-04-28T00:00:00
CUST-00507,Customer 507,customer507@example.com,BR,small-business,2023-12-26T00:00:00
CUST-00508,Customer 508,customer508@example.com,BR,enterprise,2023-02-21T00:00:00
CUST-00509,Customer 509,customer509@example.com,DE,enterprise,2023-11-12T00:00:00
CUST-00510,Customer 510,customer510@example.com,UK,small-business,2021-08-17T00:00:00
CUST-00511,Customer 511,customer511@example.com,DE,mid-market,2021-12-12T00:00:00
CUST-00512,Customer 512,customer512@example.com,KR,enterprise,2020-09-23T00:00:00
CUST-00513,Customer 513,customer513@example.com,IN,consumer,2021-04-07T00:00:00
CUST-00514,Customer 514,customer514@example.com,JP,enterprise,2021-01-25T00:00:00
CUST-00515,Customer 515,customer515@example.com,DE,enterprise,2022-11-28T00:00:00
CUST-00516,Customer 516,customer516@example.com,DE,consumer,2020-12-22T00:00:00
CUST-00517,Customer 517,customer517@example.com,IN,enterprise,2021-07-23T00:00:00
CUST-00518,Customer 518,customer518@example.com,CA,consumer,2020-01-31T00:00:00
CUST-00519,Customer 519,customer519@example.com,UK,consumer,2020-06-20T00:00:00
CUST-00520,Customer 520,customer520@example.com,CA,enterprise,2020-06-28T00:00:00
CUST-00521,Customer 521,customer521@example.com,DE,consumer,2021-03-01T00:00:00
CUST-00522,Customer 522,customer522@example.com,FR,small-business,2021-12-30T00:00:00
CUST-00523,Customer 523,customer523@example.com,BR,consumer,2023-04-28T00:00:00
CUST-00524,Customer 524,customer524@example.com,DE,enterprise,2021-07-12T00:00:00
CUST-00525,Customer 525,customer525@example.com,BR,enterprise,2021-01-07T00:00:00
CUST-00526,Customer 526,customer526@example.com,KR,consumer,2021-07-07T00:00:00
CUST-00527,Customer 527,customer527@example.com,FR,small-business,2020-01-11T00:00:00
CUST-00528,Customer 528,customer528@example.com,US,enterprise,2021-04-01T00:00:00
CUST-00529,Customer 529,customer529@example.com,BR,small-business,2023-09-11T00:00:00
CUST-00530,Customer 530,customer530@example.com,CA,consumer,2021-02-14T00:00:00
CUST-00531,Customer 531,customer531@example.com,BR,enterprise,2020-10-31T00:00:00
CUST-00532,Customer 532,customer532@example.com,DE,consumer,2022-09-23T00:00:00
CUST-00533,Customer 533,customer533@example.com,AU,enterprise,2020-07-23T00:00:00
CUST-00534,Customer 534,customer534@example.com,IN,consumer,2020-11-30T00:00:00
CUST-00535,Customer 535,customer535@example.com,DE,mid-market,2020-01-14T00:00:00
CUST-00536,Customer 536,customer536@example.com,KR,consumer,2020-10-28T00:00:00
CUST-00537,Customer 537,customer537@example.com,US,consumer,2023-07-31T00:00:00
CUST-00538,Customer 538,customer538@example.com,FR,enterprise,2022-07-25T00:00:00
CUST-00539,Customer 539,customer539@example.com,CA,small-business,2021-09-29T00:00:00
CUST-00540,Customer 540,customer540@example.com,CA,consumer,2022-11-23T00:00:00
CUST-00541,Customer 541,customer541@example.com,UK,mid-market,2023-03-21T00:00:00
CUST-00542,Customer 542,customer542@example.com,IN,small-business,2022-03-25T00:00:00
CUST-00543,Customer 543,customer543@example.com,AU,mid-market,2023-09-15T00:00:00
CUST-00544,Customer 544,customer544@example.com,IN,enterprise,2020-05-27T00:00:00
CUST-00545,Customer 545,customer545@example.com,DE,enterprise,2023-08-24T00:00:00
CUST-00546,Customer 546,customer546@example.com,BR,small-business,2021-05-26T00:00:00
CUST-00547,Customer 547,customer547@example.com,KR,mid-market,2020-07-08T00:00:00
CUST-00548,Customer 548,customer548@example.com,AU,consumer,2022-10-24T00:00:00
CUST-00549,Customer 549,customer549@example.com,KR,small-business,2022-02-15T00:00:00
CUST-00550,Customer 550,customer550@example.com,FR,consumer,2023-03-20T00:00:00
CUST-00551,Customer 551,customer551@example.com,FR,consumer,2022-01-16T00:00:00
CUST-00552,Customer 552,customer552@example.com,US,mid-market,2022-05-12T00:00:00
CUST-00553,Customer 553,customer553@example.com,US,mid-market,2022-06-20T00:00:00
CUST-00554,Customer 554,customer554@example.com,IN,small-business,2020-01-21T00:00:00
CUST-00555,Customer 555,customer555@example.com,UK,small-business,2022-12-18T00:00:00
CUST-00556,Customer 556,customer556@example.com,UK,consumer,2022-08-20T00:00:00
CUST-00557,Customer 557,customer557@example.com,JP,consumer,2023-12-08T00:00:00
CUST-00558,Customer 558,customer558@example.com,US,mid-market,2022-12-31T00:00:00
CUST-00559,Customer 559,customer559@example.com,AU,consumer,2020-10-21T00:00:00
CUST-00560,Customer 560,customer560@example.com,FR,mid-market,2020-06-19T00:00:00
CUST-00561,Customer 561,customer561@example.com,US,mid-market,2021-06-29T00:00:00
CUST-00562,Customer 562,customer562@example.com,KR,enterprise,2022-04-03T00:00:00
CUST-00563,Customer 563,customer563@example.com,JP,mid-market,2021-12-04T00:00:00
CUST-00564,Customer 564,customer564@example.com,CA,consumer,2022-05-14T00:00:00
CUST-00565,Customer 565,customer565@example.com,KR,consumer,2021-11-14T00:00:00
CUST-00566,Customer 566,customer566@example.com,KR,small-business,2023-05-31T00:00:00
CUST-00567,Customer 567,customer567@example.com,UK,consumer,2023-10-27T00:00:00
CUST-00568,Customer 568,customer568@example.com,BR,consumer,2020-04-20T00:00:00
CUST-00569,Customer 569,customer569@example.com,JP,consumer,2020-12-15T00:00:00
CUST-00570,Customer 570,customer570@example.com,US,consumer,2022-06-28T00:00:00
CUST-00571,Customer 571,customer571@example.com,AU,consumer,2021-09-18T00:00:00
CUST-00572,Customer 572,customer572@example.com,AU,consumer,2020-10-10T00:00:00
CUST-00573,Customer 573,customer573@example.com,AU,enterprise,2022-04-28T00:00:00
CUST-00574,Customer 574,customer574@example.com,UK,enterprise,2023-09-17T00:00:00
CUST-00575,Customer 575,customer575@example.com,JP,enterprise,2022-04-28T00:00:00
CUST-00576,Customer 576,customer576@example.com,AU,consumer,2021-06-01T00:00:00
CUST-00577,Customer 577,customer577@example.com,BR,consumer,2022-04-29T00:00:00
CUST-00578,Customer 578,customer578@example.com,IN,enterprise,2020-06-24T00:00:00
CUST-00579,Customer 579,customer579@example.com,DE,enterprise,2021-10-25T00:00:00
CUST-00580,Customer 580,customer580@example.com,IN,consumer,2020-06-20T00:00:00
CUST-00581,Customer 581,customer581@example.com,DE,enterprise,2023-04-26T00:00:00
CUST-00582,Customer 582,customer582@example.com,CA,small-business,2020-11-12T00:00:00
CUST-00583,Customer 583,customer583@example.com,UK,mid-market,2020-04-20T00:00:00
CUST-00584,Customer 584,customer584@example.com,IN,consumer,2020-03-26T00:00:00
CUST-00585,Customer 585,customer585@example.com,UK,small-business,2021-02-11T00:00:00
CUST-00586,Customer 586,customer586@example.com,KR,consumer,2020-09-19T00:00:00
CUST-00587,Customer 587,customer587@example.com,AU,mid-market,2022-02-13T00:00:00
CUST-00588,Customer 588,customer588@example.com,JP,enterprise,2021-07-08T00:00:00
CUST-00589,Customer 589,customer589@example.com,BR,consumer,2020-10-10T00:00:00
CUST-00590,Customer 590,customer590@example.com,BR,mid-market,2022-05-12T00:00:00
CUST-00591,Customer 591,customer591@example.com,UK,mid-market,2023-01-11T00:00:00
CUST-00592,Customer 592,customer592@example.com,DE,enterprise,2020-02-26T00:00:00
CUST-00593,Customer 593,customer593@example.com,JP,mid-market,2020-02-26T00:00:00
CUST-00594,Customer 594,customer594@example.com,US,small-business,2023-02-03T00:00:00
CUST-00595,Customer 595,customer595@example.com,JP,small-business,2020-08-02T00:00:00
CUST-00596,Customer 596,customer596@example.com,US,mid-market,2022-01-15T00:00:00
CUST-00597,Customer 597,customer597@example.com,DE,consumer,2022-01-31T00:00:00
CUST-00598,Customer 598,customer598@example.com,DE,consumer,2022-07-29T00:00:00
CUST-00599,Customer 599,customer599@example.com,UK,consumer,2021-04-09T00:00:00
CUST-00600,Customer 600,customer600@example.com,BR,consumer,2023-12-20T00:00:00
CUST-00601,Customer 601,customer601@example.com,CA,small-business,2020-12-06T00:00:00
CUST-00602,Customer 602,customer602@example.com,IN,consumer,2021-01-08T00:00:00
CUST-00603,Customer 603,customer603@example.com,KR,enterprise,2022-07-29T00:00:00
CUST-00604,Customer 604,customer604@example.com,KR,consumer,2020-11-24T00:00:00
CUST-00605,Customer 605,customer605@example.com,AU,small-business,2023-03-30T00:00:00
CUST-00606,Customer 606,customer606@example.com,KR,small-business,2020-05-24T00:00:00
CUST-00607,Customer 607,customer607@example.com,US,consumer,2020-01-31T00:00:00
CUST-00608,Customer 608,customer608@example.com,US,small-business,2022-01-16T00:00:00
CUST-00609,Customer 609,customer609@example.com,CA,mid-market,2023-08-07T00:00:00
CUST-00610,Customer 610,customer610@example.com,BR,consumer,2022-09-10T00:00:00
CUST-00611,Customer 611,customer611@example.com,AU,mid-market,2021-06-08T00:00:00
CUST-00612,Customer 612,customer612@example.com,AU,mid-market,2021-02-18T00:00:00
CUST-00613,Customer 613,customer613@example.com,AU,mid-market,2022-09-06T00:00:00
CUST-00614,Customer 614,customer614@example.com,FR,enterprise,2022-03-27T00:00:00
CUST-00615,Customer 615,customer615@example.com,UK,small-business,2022-12-20T00:00:00
CUST-00616,Customer 616,customer616@example.com,KR,mid-market,2023-06-17T00:00:00
CUST-00617,Customer 617,customer617@example.com,BR,small-business,2021-12-20T00:00:00
CUST-00618,Customer 618,customer618@example.com,DE,consumer,2023-06-09T00:00:00
CUST-00619,Customer 619,customer619@example.com,BR,mid-market,2020-01-08T00:00:00
CUST-00620,Customer 620,customer620@example.com,FR,consumer,2023-11-28T00:00:00
CUST-00621,Customer 621,customer621@example.com,DE,enterprise,2022-03-24T00:00:00
CUST-00622,Customer 622,customer622@example.com,KR,consumer,2023-05-12T00:00:00
CUST-00623,Customer 623,customer623@example.com,IN,consumer,2023-07-14T00:00:00
CUST-00624,Customer 624,customer624@example.com,US,small-business,2020-08-21T00:00:00
CUST-00625,Customer 625,customer625@example.com,FR,enterprise,2023-07-23T00:00:00
CUST-00626,Customer 626,customer626@example.com,US,mid-market,2023-02-17T00:00:00
CUST-00627,Customer 627,customer627@example.com,IN,small-business,2021-02-05T00:00:00
CUST-00628,Customer 628,customer628@example.com,BR,consumer,2021-03-11T00:00:00
CUST-00629,Customer 629,customer629@example.com,JP,mid-market,2020-01-21T00:00:00
CUST-00630,Customer 630,customer630@example.com,JP,mid-market,2020-09-01T00:00:00
CUST-00631,Customer 631,customer631@example.com,CA,enterprise,2021-11-01T00:00:00
CUST-00632,Customer 632,customer632@example.com,JP,mid-market,2022-11-18T00:00:00
CUST-00633,Customer 633,customer633@example.com,DE,enterprise,2022-12-20T00:00:00
CUST-00634,Customer 634,customer634@example.com,DE,small-business,2021-03-26T00:00:00
CUST-00635,Customer 635,customer635@example.com,JP,small-business,2022-01-09T00:00:00
CUST-00636,Customer 636,customer636@example.com,IN,consumer,2020-10-18T00:00:00
CUST-00637,Customer 637,customer637@example.com,UK,mid-market,2023-11-29T00:00:00
CUST-00638,Customer 638,customer638@example.com,US,mid-market,2020-12-12T00:00:00
CUST-00639,Customer 639,customer639@example.com,IN,mid-market,2022-04-19T00:00:00
CUST-00640,Customer 640,customer640@example.com,BR,consumer,2020-06-25T00:00:00
CUST-00641,Customer 641,customer641@example.com,US,consumer,2022-05-14T00:00:00
CUST-00642,Customer 642,customer642@example.com,JP,consumer,2020-09-20T00:00:00
CUST-00643,Customer 643,customer643@example.com,DE,enterprise,2022-03-12T00:00:00
CUST-00644,Customer 644,customer644@example.com,UK,mid-market,2022-05-29T00:00:00
CUST-00645,Customer 645,customer645@example.com,UK,small-business,2020-08-22T00:00:00
CUST-00646,Customer 646,customer646@example.com,JP,consumer,2021-04-24T00:00:00
CUST-00647,Customer 647,customer647@example.com,US,small-business,2020-04-26T00:00:00
CUST-00648,Customer 648,customer648@example.com,UK,mid-market,2022-10-28T00:00:00
CUST-00649,Customer 649,customer649@example.com,US,small-business,2020-04-02T00:00:00
CUST-00650,Customer 650,customer650@example.com,BR,mid-market,2020-04-09T00:00:00
CUST-00651,Customer 651,customer651@example.com,CA,consumer,2021-09-30T00:00:00
CUST-00652,Customer 652,customer652@example.com,US,mid-market,2020-12-04T00:00:00
CUST-00653,Customer 653,customer653@example.com,UK,enterprise,2021-09-08T00:00:00
CUST-00654,Customer 654,customer654@example.com,BR,enterprise,2023-02-06T00:00:00
CUST-00655,Customer 655,customer655@example.com,CA,consumer,2020-02-14T00:00:00
CUST-00656,Customer 656,customer656@example.com,IN,mid-market,2020-11-24T00:00:00
CUST-00657,Customer 657,customer657@example.com,FR,small-business,2022-04-25T00:00:00
CUST-00658,Customer 658,customer658@example.com,IN,enterprise,2023-07-21T00:00:00
CUST-00659,Customer 659,customer659@example.com,AU,mid-market,2022-07-11T00:00:00
CUST-00660,Customer 660,customer660@example.com,BR,small-business,2020-05-25T00:00:00
CUST-00661,Customer 661,customer661@example.com,CA,enterprise,2022-02-10T00:00:00
CUST-00662,Customer 662,customer662@example.com,JP,mid-market,2022-07-29T00:00:00
CUST-00663,Customer 663,customer663@example.com,KR,small-business,2020-09-16T00:00:00
CUST-00664,Customer 664,customer664@example.com,KR,enterprise,2020-07-04T00:00:00
CUST-00665,Customer 665,customer665@example.com,CA,mid-market,2020-11-19T00:00:00
CUST-00666,Customer 666,customer666@example.com,KR,enterprise,2021-04-03T00:00:00
CUST-00667,Customer 667,customer667@example.com,DE,mid-market,2020-06-12T00:00:00
CUST-00668,Customer 668,customer668@example.com,UK,enterprise,2020-01-15T00:00:00
CUST-00669,Customer 669,customer669@example.com,JP,consumer,2021-02-25T00:00:00
CUST-00670,Customer 670,customer670@example.com,FR,consumer,2021-10-15T00:00:00
CUST-00671,Customer 671,customer671@example.com,US,small-business,2022-03-02T00:00:00
CUST-00672,Customer 672,customer672@example.com,IN,enterprise,2022-02-05T00:00:00
CUST-00673,Customer 673,customer673@example.com,FR,mid-market,2023-09-09T00:00:00
CUST-00674,Customer 674,customer674@example.com,BR,mid-market,2021-06-13T00:00:00
CUST-00675,Customer 675,customer675@example.com,FR,enterprise,2021-03-28T00:00:00
CUST-00676,Customer 676,customer676@example.com,US,small-business,2020-11-27T00:00:00
CUST-00677,Customer 677,customer677@example.com,BR,enterprise,2023-01-08T00:00:00
CUST-00678,Customer 678,customer678@example.com,IN,enterprise,2021-09-13T00:00:00
CUST-00679,Customer 679,customer679@example.com,CA,consumer,2020-10-19T00:00:00
CUST-00680,Customer 680,customer680@example.com,US,enterprise,2020-05-12T00:00:00
CUST-00681,Customer 681,customer681@example.com,AU,mid-market,2023-04-27T00:00:00
CUST-00682,Customer 682,customer682@example.com,AU,consumer,2022-04-05T00:00:00
CUST-00683,Customer 683,customer683@example.com,BR,enterprise,2023-06-08T00:00:00
CUST-00684,Customer 684,customer684@example.com,CA,small-business,2021-06-11T00:00:00
CUST-00685,Customer 685,customer685@example.com,US,enterprise,2023-03-23T00:00:00
CUST-00686,Customer 686,customer686@example.com,US,enterprise,2023-02-17T00:00:00
CUST-00687,Customer 687,customer687@example.com,BR,mid-market,2021-10-14T00:00:00
CUST-00688,Customer 688,customer688@example.com,BR,mid-market,2021-12-26T00:00:00
CUST-00689,Customer 689,customer689@example.com,US,small-business,2021-02-12T00:00:00
CUST-00690,Customer 690,customer690@example.com,AU,enterprise,2023-11-13T00:00:00
CUST-00691,Customer 691,customer691@example.com,FR,mid-market,2022-12-12T00:00:00
CUST-00692,Customer 692,customer692@example.com,US,enterprise,2022-06-24T00:00:00
CUST-00693,Customer 693,customer693@example.com,DE,consumer,2023-07-02T00:00:00
CUST-00694,Customer 694,customer694@example.com,CA,mid-market,2023-10-16T00:00:00
CUST-00695,Customer 695,customer695@example.com,DE,small-business,2023-06-06T00:00:00
CUST-00696,Customer 696,customer696@example.com,DE,consumer,2021-04-02T00:00:00
CUST-00697,Customer 697,customer697@example.com,JP,small-business,2020-08-08T00:00:00
CUST-00698,Customer 698,customer698@example.com,IN,mid-market,2021-02-13T00:00:00
CUST-00699,Customer 699,customer699@example.com,AU,small-business,2023-10-04T00:00:00
CUST-00700,Customer 700,customer700@example.com,BR,enterprise,2023-11-18T00:00:00
CUST-00701,Customer 701,customer701@example.com,FR,small-business,2022-04-29T00:00:00
CUST-00702,Customer 702,customer702@example.com,US,small-business,2020-04-25T00:00:00
CUST-00703,Customer 703,customer703@example.com,BR,enterprise,2023-11-19T00:00:00
CUST-00704,Customer 704,customer704@example.com,CA,enterprise,2020-01-21T00:00:00
CUST-00705,Customer 705,customer705@example.com,FR,mid-market,2020-09-11T00:00:00
CUST-00706,Customer 706,customer706@example.com,AU,small-business,2020-06-17T00:00:00
CUST-00707,Customer 707,customer707@example.com,AU,consumer,2020-06-27T00:00:00
CUST-00708,Customer 708,customer708@example.com,KR,mid-market,2023-04-09T00:00:00
CUST-00709,Customer 709,customer709@example.com,UK,enterprise,2022-05-07T00:00:00
CUST-00710,Customer 710,customer710@example.com,DE,consumer,2022-05-12T00:00:00
CUST-00711,Customer 711,customer711@example.com,KR,consumer,2023-01-09T00:00:00
CUST-00712,Customer 712,customer712@example.com,KR,small-business,2021-03-29T00:00:00
CUST-00713,Customer 713,customer713@example.com,DE,small-business,2020-08-17T00:00:00
CUST-00714,Customer 714,customer714@example.com,IN,enterprise,2023-04-28T00:00:00
CUST-00715,Customer 715,customer715@example.com,AU,consumer,2022-02-18T00:00:00
CUST-00716,Customer 716,customer716@example.com,AU,enterprise,2020-05-22T00:00:00
CUST-00717,Customer 717,customer717@example.com,IN,consumer,2021-02-22T00:00:00
CUST-00718,Customer 718,customer718@example.com,FR,consumer,2023-05-09T00:00:00
CUST-00719,Customer 719,customer719@example.com,IN,consumer,2022-07-29T00:00:00
CUST-00720,Customer 720,customer720@example.com,AU,enterprise,2023-09-05T00:00:00
CUST-00721,Customer 721,customer721@example.com,BR,mid-market,2022-12-23T00:00:00
CUST-00722,Customer 722,customer722@example.com,BR,small-business,2023-02-26T00:00:00
CUST-00723,Customer 723,customer723@example.com,KR,consumer,2021-01-25T00:00:00
CUST-00724,Customer 724,customer724@example.com,JP,small-business,2022-06-14T00:00:00
CUST-00725,Customer 725,customer725@example.com,AU,enterprise,2023-01-24T00:00:00
CUST-00726,Customer 726,customer726@example.com,AU,mid-market,2020-04-20T00:00:00
CUST-00727,Customer 727,customer727@example.com,KR,enterprise,2020-06-28T00:00:00
CUST-00728,Customer 728,customer728@example.com,DE,small-business,2022-12-01T00:00:00
CUST-00729,Customer 729,customer729@example.com,US,consumer,2022-06-24T00:00:00
CUST-00730,Customer 730,customer730@example.com,JP,consumer,2023-08-31T00:00:00
CUST-00731,Customer 731,customer731@example.com,AU,mid-market,2023-09-29T00:00:00
CUST-00732,Customer 732,customer732@example.com,UK,small-business,2023-11-09T00:00:00
CUST-00733,Customer 733,customer733@example.com,UK,enterprise,2021-04-17T00:00:00
CUST-00734,Customer 734,customer734@example.com,UK,mid-market,2022-06-20T00:00:00
CUST-00735,Customer 735,customer735@example.com,DE,consumer,2023-07-21T00:00:00
CUST-00736,Customer 736,customer736@example.com,DE,consumer,2021-12-28T00:00:00
CUST-00737,Customer 737,customer737@example.com,US,enterprise,2021-12-31T00:00:00
CUST-00738,Customer 738,customer738@example.com,CA,enterprise,2020-06-20T00:00:00
CUST-00739,Customer 739,customer739@example.com,JP,enterprise,2022-05-25T00:00:00
CUST-00740,Customer 740,customer740@example.com,JP,mid-market,2021-08-02T00:00:00
CUST-00741,Customer 741,customer741@example.com,US,enterprise,2023-02-01T00:00:00
CUST-00742,Customer 742,customer742@example.com,CA,small-business,2021-02-26T00:00:00
CUST-00743,Customer 743,customer743@example.com,JP,small-business,2023-12-29T00:00:00
CUST-00744,Customer 744,customer744@example.com,US,small-business,2022-11-09T00:00:00
CUST-00745,Customer 745,customer745@example.com,FR,consumer,2022-03-05T00:00:00
CUST-00746,Customer 746,customer746@example.com,AU,small-business,2021-05-20T00:00:00
CUST-00747,Customer 747,customer747@example.com,KR,enterprise,2022-02-25T00:00:00
CUST-00748,Customer 748,customer748@example.com,KR,mid-market,2022-12-28T00:00:00
CUST-00749,Customer 749,customer749@example.com,FR,small-business,2020-05-07T00:00:00
CUST-00750,Customer 750,customer750@example.com,IN,consumer,2023-03-24T00:00:00
CUST-00751,Customer 751,customer751@example.com,DE,consumer,2023-02-04T00:00:00
CUST-00752,Customer 752,customer752@example.com,AU,mid-market,2023-01-13T00:00:00
CUST-00753,Customer 753,customer753@example.com,IN,enterprise,2020-09-04T00:00:00
CUST-00754,Customer 754,customer754@example.com,US,consumer,2021-09-04T00:00:00
CUST-00755,Customer 755,customer755@example.com,JP,consumer,2021-11-17T00:00:00
CUST-00756,Customer 756,customer756@example.com,UK,small-business,2020-07-17T00:00:00
CUST-00757,Customer 757,customer757@example.com,CA,consumer,2022-01-30T00:00:00
CUST-00758,Customer 758,customer758@example.com,JP,consumer,2022-06-24T00:00:00
CUST-00759,Customer 759,customer759@example.com,IN,consumer,2021-10-25T00:00:00
CUST-00760,Customer 760,customer760@example.com,KR,small-business,2023-12-02T00:00:00
CUST-00761,Customer 761,customer761@example.com,CA,enterprise,2023-09-06T00:00:00
CUST-00762,Customer 762,customer762@example.com,DE,consumer,2022-03-23T00:00:00
CUST-00763,Customer 763,customer763@example.com,US,mid-market,2020-10-31T00:00:00
CUST-00764,Customer 764,customer764@example.com,IN,consumer,2021-05-16T00:00:00
CUST-00765,Customer 765,customer765@example.com,JP,enterprise,2021-07-12T00:00:00
CUST-00766,Customer 766,customer766@example.com,DE,mid-market,2021-12-22T00:00:00
CUST-00767,Customer 767,customer767@example.com,KR,small-business,2020-07-20T00:00:00
CUST-00768,Customer 768,customer768@example.com,CA,consumer,2022-04-11T00:00:00
CUST-00769,Customer 769,customer769@example.com,UK,small-business,2020-09-27T00:00:00
CUST-00770,Customer 770,customer770@example.com,US,mid-market,2020-04-18T00:00:00
CUST-00771,Customer 771,customer771@example.com,US,enterprise,2023-09-13T00:00:00
CUST-00772,Customer 772,customer772@example.com,US,enterprise,2022-11-15T00:00:00
CUST-00773,Customer 773,customer773@example.com,FR,mid-market,2020-06-10T00:00:00
CUST-00774,Customer 774,customer774@example.com,AU,mid-market,2022-09-15T00:00:00
CUST-00775,Customer 775,customer775@example.com,IN,enterprise,2023-12-05T00:00:00
CUST-00776,Customer 776,customer776@example.com,FR,enterprise,2021-09-01T00:00:00
CUST-00777,Customer 777,customer777@example.com,IN,enterprise,2020-11-08T00:00:00
CUST-00778,Customer 778,customer778@example.com,JP,enterprise,2021-07-02T00:00:00
CUST-00779,Customer 779,customer779@example.com,JP,small-business,2020-11-22T00:00:00
CUST-00780,Customer 780,customer780@example.com,AU,small-business,2021-03-21T00:00:00
CUST-00781,Customer 781,customer781@example.com,CA,small-business,2020-10-04T00:00:00
CUST-00782,Customer 782,customer782@example.com,US,consumer,2021-02-24T00:00:00
CUST-00783,Customer 783,customer783@example.com,AU,small-business,2022-11-05T00:00:00
CUST-00784,Customer 784,customer784@example.com,DE,enterprise,2020-04-07T00:00:00
CUST-00785,Customer 785,customer785@example.com,FR,mid-market,2023-05-26T00:00:00
CUST-00786,Customer 786,customer786@example.com,KR,small-business,2022-02-26T00:00:00
CUST-00787,Customer 787,customer787@example.com,BR,mid-market,2022-10-12T00:00:00
CUST-00788,Customer 788,customer788@example.com,US,consumer,2022-04-30T00:00:00
CUST-00789,Customer 789,customer789@example.com,AU,small-business,2023-04-29T00:00:00
CUST-00790,Customer 790,customer790@example.com,US,enterprise,2022-06-12T00:00:00
CUST-00791,Customer 791,customer791@example.com,US,consumer,2022-04-16T00:00:00
CUST-00792,Customer 792,customer792@example.com,UK,enterprise,2022-05-15T00:00:00
CUST-00793,Customer 793,customer793@example.com,BR,small-business,2020-01-25T00:00:00
CUST-00794,Customer 794,customer794@example.com,JP,mid-market,2021-09-15T00:00:00
CUST-00795,Customer 795,customer795@example.com,DE,consumer,2023-08-06T00:00:00
CUST-00796,Customer 796,customer796@example.com,KR,small-business,2023-11-02T00:00:00
CUST-00797,Customer 797,customer797@example.com,KR,small-business,2022-05-29T00:00:00
CUST-00798,Customer 798,customer798@example.com,US,consumer,2022-02-25T00:00:00
CUST-00799,Customer 799,customer799@example.com,FR,mid-market,2020-07-19T00:00:00
CUST-00800,Customer 800,customer800@example.com,FR,mid-market,2022-12-06T00:00:00
CUST-00801,Customer 801,customer801@example.com,KR,mid-market,2021-03-24T00:00:00
CUST-00802,Customer 802,customer802@example.com,BR,mid-market,2020-03-12T00:00:00
CUST-00803,Customer 803,customer803@example.com,FR,mid-market,2020-03-20T00:00:00
CUST-00804,Customer 804,customer804@example.com,JP,enterprise,2022-08-30T00:00:00
CUST-00805,Customer 805,customer805@example.com,AU,small-business,2022-03-23T00:00:00
CUST-00806,Customer 806,customer806@example.com,KR,mid-market,2021-05-22T00:00:00
CUST-00807,Customer 807,customer807@example.com,JP,mid-market,2020-11-04T00:00:00
CUST-00808,Customer 808,customer808@example.com,FR,consumer,2023-08-21T00:00:00
CUST-00809,Customer 809,customer809@example.com,JP,consumer,2022-02-25T00:00:00
CUST-00810,Customer 810,customer810@example.com,US,mid-market,2021-06-05T00:00:00
CUST-00811,Customer 811,customer811@example.com,AU,consumer,2022-12-13T00:00:00
CUST-00812,Customer 812,customer812@example.com,BR,consumer,2022-05-19T00:00:00
CUST-00813,Customer 813,customer813@example.com,JP,small-business,2020-12-08T00:00:00
CUST-00814,Customer 814,customer814@example.com,IN,enterprise,2023-03-04T00:00:00
CUST-00815,Customer 815,customer815@example.com,UK,consumer,2022-10-20T00:00:00
CUST-00816,Customer 816,customer816@example.com,CA,enterprise,2021-07-27T00:00:00
CUST-00817,Customer 817,customer817@example.com,IN,small-business,2022-06-09T00:00:00
CUST-00818,Customer 818,customer818@example.com,CA,mid-market,2020-09-03T00:00:00
CUST-00819,Customer 819,customer819@example.com,FR,consumer,2022-01-27T00:00:00
CUST-00820,Customer 820,customer820@example.com,JP,mid-market,2023-11-30T00:00:00
CUST-00821,Customer 821,customer821@example.com,JP,consumer,2020-09-30T00:00:00
CUST-00822,Customer 822,customer822@example.com,KR,small-business,2023-12-01T00:00:00
CUST-00823,Customer 823,customer823@example.com,IN,small-business,2021-11-19T00:00:00
CUST-00824,Customer 824,customer824@example.com,DE,enterprise,2020-07-26T00:00:00
CUST-00825,Customer 825,customer825@example.com,KR,consumer,2022-03-15T00:00:00
CUST-00826,Customer 826,customer826@example.com,AU,consumer,2021-07-03T00:00:00
CUST-00827,Customer 827,customer827@example.com,IN,enterprise,2022-03-16T00:00:00
CUST-00828,Customer 828,customer828@example.com,AU,mid-market,2022-09-07T00:00:00
CUST-00829,Customer 829,customer829@example.com,US,small-business,2022-02-07T00:00:00
CUST-00830,Customer 830,customer830@example.com,KR,small-business,2020-09-07T00:00:00
CUST-00831,Customer 831,customer831@example.com,UK,mid-market,2021-10-22T00:00:00
CUST-00832,Customer 832,customer832@example.com,AU,enterprise,2021-06-29T00:00:00
CUST-00833,Customer 833,customer833@example.com,US,enterprise,2021-11-22T00:00:00
CUST-00834,Customer 834,customer834@example.com,KR,small-business,2023-07-25T00:00:00
CUST-00835,Customer 835,customer835@example.com,US,mid-market,2023-06-04T00:00:00
CUST-00836,Customer 836,customer836@example.com,US,mid-market,2022-07-07T00:00:00
CUST-00837,Customer 837,customer837@example.com,US,small-business,2020-01-04T00:00:00
CUST-00838,Customer 838,customer838@example.com,IN,consumer,2023-02-20T00:00:00
CUST-00839,Customer 839,customer839@example.com,JP,enterprise,2022-11-02T00:00:00
CUST-00840,Customer 840,customer840@example.com,IN,enterprise,2021-01-18T00:00:00
CUST-00841,Customer 841,customer841@example.com,CA,enterprise,2022-02-01T00:00:00
CUST-00842,Customer 842,customer842@example.com,CA,mid-market,2020-09-18T00:00:00
CUST-00843,Customer 843,customer843@example.com,US,mid-market,2023-06-26T00:00:00
CUST-00844,Customer 844,customer844@example.com,CA,mid-market,2021-08-06T00:00:00
CUST-00845,Customer 845,customer845@example.com,AU,consumer,2023-06-12T00:00:00
CUST-00846,Customer 846,customer846@example.com,IN,enterprise,2021-10-25T00:00:00
CUST-00847,Customer 847,customer847@example.com,BR,consumer,2023-10-07T00:00:00
CUST-00848,Customer 848,customer848@example.com,US,enterprise,2020-09-05T00:00:00
CUST-00849,Customer 849,customer849@example.com,UK,small-business,2020-06-05T00:00:00
CUST-00850,Customer 850,customer850@example.com,FR,small-business,2022-04-07T00:00:00
CUST-00851,Customer 851,customer851@example.com,BR,enterprise,2021-11-11T00:00:00
CUST-00852,Customer 852,customer852@example.com,US,enterprise,2022-06-03T00:00:00
CUST-00853,Customer 853,customer853@example.com,KR,small-business,2021-09-09T00:00:00
CUST-00854,Customer 854,customer854@example.com,AU,consumer,2023-09-30T00:00:00
CUST-00855,Customer 855,customer855@example.com,BR,consumer,2023-10-31T00:00:00
CUST-00856,Customer 856,customer856@example.com,JP,consumer,2020-10-19T00:00:00
CUST-00857,Customer 857,customer857@example.com,AU,enterprise,2022-06-23T00:00:00
CUST-00858,Customer 858,customer858@example.com,BR,consumer,2023-11-04T00:00:00
CUST-00859,Customer 859,customer859@example.com,US,small-business,2021-04-18T00:00:00
CUST-00860,Customer 860,customer860@example.com,UK,small-business,2021-10-01T00:00:00
CUST-00861,Customer 861,customer861@example.com,JP,mid-market,2023-12-03T00:00:00
CUST-00862,Customer 862,customer862@example.com,JP,small-business,2022-10-20T00:00:00
CUST-00863,Customer 863,customer863@example.com,US,mid-market,2021-08-15T00:00:00
CUST-00864,Customer 864,customer864@example.com,DE,small-business,2022-03-11T00:00:00
CUST-00865,Customer 865,customer865@example.com,IN,small-business,2023-06-18T00:00:00
CUST-00866,Customer 866,customer866@example.com,BR,small-business,2020-08-22T00:00:00
CUST-00867,Customer 867,customer867@example.com,FR,mid-market,2023-12-04T00:00:00
CUST-00868,Customer 868,customer868@example.com,KR,enterprise,2020-12-11T00:00:00
CUST-00869,Customer 869,customer869@example.com,JP,enterprise,2020-10-03T00:00:00
CUST-00870,Customer 870,customer870@example.com,JP,small-business,2022-07-19T00:00:00
CUST-00871,Customer 871,customer871@example.com,BR,mid-market,2022-09-19T00:00:00
CUST-00872,Customer 872,customer872@example.com,CA,enterprise,2022-12-23T00:00:00
CUST-00873,Customer 873,customer873@example.com,IN,enterprise,2022-01-08T00:00:00
CUST-00874,Customer 874,customer874@example.com,DE,enterprise,2021-02-26T00:00:00
CUST-00875,Customer 875,customer875@example.com,AU,consumer,2020-01-21T00:00:00
CUST-00876,Customer 876,customer876@example.com,AU,consumer,2020-02-06T00:00:00
CUST-00877,Customer 877,customer877@example.com,IN,consumer,2020-10-19T00:00:00
CUST-00878,Customer 878,customer878@example.com,DE,mid-market,2023-08-27T00:00:00
CUST-00879,Customer 879,customer879@example.com,AU,enterprise,2020-11-05T00:00:00
CUST-00880,Customer 880,customer880@example.com,AU,enterprise,2020-11-22T00:00:00
CUST-00881,Customer 881,customer881@example.com,FR,enterprise,2020-04-10T00:00:00
CUST-00882,Customer 882,customer882@example.com,CA,small-business,2022-07-14T00:00:00
CUST-00883,Customer 883,customer883@example.com,CA,mid-market,2023-01-27T00:00:00
CUST-00884,Customer 884,customer884@example.com,CA,small-business,2021-03-02T00:00:00
CUST-00885,Customer 885,customer885@example.com,JP,consumer,2020-04-30T00:00:00
CUST-00886,Customer 886,customer886@example.com,CA,mid-market,2020-04-30T00:00:00
CUST-00887,Customer 887,customer887@example.com,DE,mid-market,2023-01-17T00:00:00
CUST-00888,Customer 888,customer888@example.com,BR,consumer,2022-05-03T00:00:00
CUST-00889,Customer 889,customer889@example.com,KR,mid-market,2022-06-17T00:00:00
CUST-00890,Customer 890,customer890@example.com,UK,consumer,2022-05-19T00:00:00
CUST-00891,Customer 891,customer891@example.com,UK,enterprise,2023-05-17T00:00:00
CUST-00892,Customer 892,customer892@example.com,FR,enterprise,2022-05-29T00:00:00
CUST-00893,Customer 893,customer893@example.com,IN,consumer,2020-10-11T00:00:00
CUST-00894,Customer 894,customer894@example.com,JP,consumer,2021-10-13T00:00:00
CUST-00895,Customer 895,customer895@example.com,KR,mid-market,2023-12-16T00:00:00
CUST-00896,Customer 896,customer896@example.com,CA,consumer,2020-04-09T00:00:00
CUST-00897,Customer 897,customer897@example.com,UK,consumer,2021-11-23T00:00:00
CUST-00898,Customer 898,customer898@example.com,JP,small-business,2023-09-25T00:00:00
CUST-00899,Customer 899,customer899@example.com,AU,enterprise,2021-11-04T00:00:00
CUST-00900,Customer 900,customer900@example.com,FR,enterprise,2021-09-25T00:00:00
CUST-00901,Customer 901,customer901@example.com,US,consumer,2020-03-09T00:00:00
CUST-00902,Customer 902,customer902@example.com,KR,consumer,2020-06-17T00:00:00
CUST-00903,Customer 903,customer903@example.com,BR,enterprise,2021-01-21T00:00:00
CUST-00904,Customer 904,customer904@example.com,BR,mid-market,2023-03-10T00:00:00
CUST-00905,Customer 905,customer905@example.com,US,consumer,2023-02-15T00:00:00
CUST-00906,Customer 906,customer906@example.com,DE,mid-market,2020-08-22T00:00:00
CUST-00907,Customer 907,customer907@example.com,FR,enterprise,2022-12-30T00:00:00
CUST-00908,Customer 908,customer908@example.com,AU,consumer,2021-02-22T00:00:00
CUST-00909,Customer 909,customer909@example.com,AU,small-business,2020-06-25T00:00:00
CUST-00910,Customer 910,customer910@example.com,BR,consumer,2021-11-09T00:00:00
CUST-00911,Customer 911,customer911@example.com,US,mid-market,2022-03-07T00:00:00
CUST-00912,Customer 912,customer912@example.com,CA,mid-market,2021-05-11T00:00:00
CUST-00913,Customer 913,customer913@example.com,AU,enterprise,2023-03-24T00:00:00
CUST-00914,Customer 914,customer914@example.com,FR,small-business,2021-11-08T00:00:00
CUST-00915,Customer 915,customer915@example.com,CA,small-business,2022-07-13T00:00:00
CUST-00916,Customer 916,customer916@example.com,DE,small-business,2022-06-07T00:00:00
CUST-00917,Customer 917,customer917@example.com,UK,small-business,2023-02-13T00:00:00
CUST-00918,Customer 918,customer918@example.com,AU,small-business,2021-02-04T00:00:00
CUST-00919,Customer 919,customer919@example.com,DE,small-business,2021-06-07T00:00:00
CUST-00920,Customer 920,customer920@example.com,CA,small-business,2020-09-05T00:00:00
CUST-00921,Customer 921,customer921@example.com,CA,consumer,2023-06-30T00:00:00
CUST-00922,Customer 922,customer922@example.com,KR,enterprise,2021-03-05T00:00:00
CUST-00923,Customer 923,customer923@example.com,UK,mid-market,2021-12-24T00:00:00
CUST-00924,Customer 924,customer924@example.com,KR,mid-market,2021-02-04T00:00:00
CUST-00925,Customer 925,customer925@example.com,BR,enterprise,2020-03-13T00:00:00
CUST-00926,Customer 926,customer926@example.com,BR,small-business,2023-04-21T00:00:00
CUST-00927,Customer 927,customer927@example.com,FR,small-business,2021-06-21T00:00:00
CUST-00928,Customer 928,customer928@example.com,IN,mid-market,2020-03-14T00:00:00
CUST-00929,Customer 929,customer929@example.com,US,consumer,2022-04-19T00:00:00
CUST-00930,Customer 930,customer930@example.com,FR,small-business,2020-04-05T00:00:00
CUST-00931,Customer 931,customer931@example.com,KR,enterprise,2023-10-07T00:00:00
CUST-00932,Customer 932,customer932@example.com,CA,consumer,2021-03-13T00:00:00
CUST-00933,Customer 933,customer933@example.com,JP,mid-market,2020-12-05T00:00:00
CUST-00934,Customer 934,customer934@example.com,IN,small-business,2020-08-27T00:00:00
CUST-00935,Customer 935,customer935@example.com,KR,consumer,2023-11-19T00:00:00
CUST-00936,Customer 936,customer936@example.com,AU,consumer,2021-03-17T00:00:00
CUST-00937,Customer 937,customer937@example.com,CA,mid-market,2020-06-02T00:00:00
CUST-00938,Customer 938,customer938@example.com,DE,mid-market,2023-04-17T00:00:00
CUST-00939,Customer 939,customer939@example.com,AU,enterprise,2022-11-09T00:00:00
CUST-00940,Customer 940,customer940@example.com,FR,consumer,2020-08-31T00:00:00
CUST-00941,Customer 941,customer941@example.com,CA,enterprise,2023-03-08T00:00:00
CUST-00942,Customer 942,customer942@example.com,UK,consumer,2020-11-25T00:00:00
CUST-00943,Customer 943,customer943@example.com,KR,small-business,2022-07-10T00:00:00
CUST-00944,Customer 944,customer944@example.com,CA,small-business,2022-01-26T00:00:00
CUST-00945,Customer 945,customer945@example.com,KR,consumer,2021-07-08T00:00:00
CUST-00946,Customer 946,customer946@example.com,IN,mid-market,2020-10-01T00:00:00
CUST-00947,Customer 947,customer947@example.com,CA,mid-market,2022-09-03T00:00:00
CUST-00948,Customer 948,customer948@example.com,IN,small-business,2021-07-29T00:00:00
CUST-00949,Customer 949,customer949@example.com,FR,mid-market,2022-10-31T00:00:00
CUST-00950,Customer 950,customer950@example.com,BR,enterprise,2021-05-11T00:00:00
CUST-00951,Customer 951,customer951@example.com,DE,small-business,2021-01-30T00:00:00
CUST-00952,Customer 952,customer952@example.com,JP,enterprise,2020-07-27T00:00:00
CUST-00953,Customer 953,customer953@example.com,US,consumer,2020-12-18T00:00:00
CUST-00954,Customer 954,customer954@example.com,AU,enterprise,2023-12-18T00:00:00
CUST-00955,Customer 955,customer955@example.com,KR,enterprise,2020-04-01T00:00:00
CUST-00956,Customer 956,customer956@example.com,UK,mid-market,2023-12-12T00:00:00
CUST-00957,Customer 957,customer957@example.com,US,mid-market,2022-08-09T00:00:00
CUST-00958,Customer 958,customer958@example.com,JP,consumer,2023-07-18T00:00:00
CUST-00959,Customer 959,customer959@example.com,BR,enterprise,2020-03-27T00:00:00
CUST-00960,Customer 960,customer960@example.com,DE,consumer,2020-11-14T00:00:00
CUST-00961,Customer 961,customer961@example.com,DE,consumer,2021-07-29T00:00:00
CUST-00962,Customer 962,customer962@example.com,KR,enterprise,2021-01-19T00:00:00
CUST-00963,Customer 963,customer963@example.com,KR,consumer,2021-08-26T00:00:00
CUST-00964,Customer 964,customer964@example.com,UK,mid-market,2020-08-29T00:00:00
CUST-00965,Customer 965,customer965@example.com,IN,consumer,2021-06-18T00:00:00
CUST-00966,Customer 966,customer966@example.com,BR,enterprise,2020-06-27T00:00:00
CUST-00967,Customer 967,customer967@example.com,FR,consumer,2020-12-22T00:00:00
CUST-00968,Customer 968,customer968@example.com,IN,consumer,2020-07-19T00:00:00
CUST-00969,Customer 969,customer969@example.com,KR,consumer,2021-07-09T00:00:00
CUST-00970,Customer 970,customer970@example.com,DE,enterprise,2022-02-06T00:00:00
CUST-00971,Customer 971,customer971@example.com,BR,mid-market,2021-02-01T00:00:00
CUST-00972,Customer 972,customer972@example.com,KR,enterprise,2022-01-23T00:00:00
CUST-00973,Customer 973,customer973@example.com,JP,consumer,2023-10-09T00:00:00
CUST-00974,Customer 974,customer974@example.com,KR,enterprise,2021-05-17T00:00:00
CUST-00975,Customer 975,customer975@example.com,AU,consumer,2022-10-15T00:00:00
CUST-00976,Customer 976,customer976@example.com,UK,enterprise,2022-03-01T00:00:00
CUST-00977,Customer 977,customer977@example.com,AU,consumer,2022-06-19T00:00:00
CUST-00978,Customer 978,customer978@example.com,AU,small-business,2020-08-24T00:00:00
CUST-00979,Customer 979,customer979@example.com,DE,small-business,2020-12-10T00:00:00
CUST-00980,Customer 980,customer980@example.com,UK,mid-market,2020-01-01T00:00:00
CUST-00981,Customer 981,customer981@example.com,DE,consumer,2022-09-16T00:00:00
CUST-00982,Customer 982,customer982@example.com,AU,consumer,2021-12-11T00:00:00
CUST-00983,Customer 983,customer983@example.com,AU,enterprise,2022-12-23T00:00:00
CUST-00984,Customer 984,customer984@example.com,FR,mid-market,2020-06-29T00:00:00
CUST-00985,Customer 985,customer985@example.com,FR,small-business,2021-07-21T00:00:00
CUST-00986,Customer 986,customer986@example.com,IN,enterprise,2021-04-03T00:00:00
CUST-00987,Customer 987,customer987@example.com,DE,consumer,2023-01-07T00:00:00
CUST-00988,Customer 988,customer988@example.com,KR,enterprise,2022-10-14T00:00:00
CUST-00989,Customer 989,customer989@example.com,AU,consumer,2023-01-13T00:00:00
CUST-00990,Customer 990,customer990@example.com,IN,mid-market,2023-09-25T00:00:00
CUST-00991,Customer 991,customer991@example.com,IN,small-business,2022-12-25T00:00:00
CUST-00992,Customer 992,customer992@example.com,US,mid-market,2021-10-01T00:00:00
CUST-00993,Customer 993,customer993@example.com,BR,consumer,2020-12-28T00:00:00
CUST-00994,Customer 994,customer994@example.com,BR,consumer,2022-10-28T00:00:00
CUST-00995,Customer 995,customer995@example.com,JP,small-business,2021-08-18T00:00:00
CUST-00996,Customer 996,customer996@example.com,JP,small-business,2020-12-29T00:00:00
CUST-00997,Customer 997,customer997@example.com,AU,small-business,2021-09-16T00:00:00
CUST-00998,Customer 998,customer998@example.com,BR,enterprise,2023-08-01T00:00:00
CUST-00999,Customer 999,customer999@example.com,DE,mid-market,2020-04-29T00:00:00
CUST-01000,Customer 1000,customer1000@example.com,JP,mid-market,2022-10-23T00:00:00
CUST-01001,Customer 1001,customer1001@example.com,BR,small-business,2023-09-27T00:00:00
CUST-01002,Customer 1002,customer1002@example.com,KR,enterprise,2020-05-05T00:00:00
CUST-01003,Customer 1003,customer1003@example.com,UK,mid-market,2022-01-13T00:00:00
CUST-01004,Customer 1004,customer1004@example.com,KR,mid-market,2023-03-03T00:00:00
CUST-01005,Customer 1005,customer1005@example.com,FR,consumer,2023-06-11T00:00:00
CUST-01006,Customer 1006,customer1006@example.com,US,consumer,2022-05-23T00:00:00
CUST-01007,Customer 1007,customer1007@example.com,DE,enterprise,2023-10-05T00:00:00
CUST-01008,Customer 1008,customer1008@example.com,AU,mid-market,2023-03-17T00:00:00
CUST-01009,Customer 1009,customer1009@example.com,AU,mid-market,2021-01-19T00:00:00
CUST-01010,Customer 1010,customer1010@example.com,UK,enterprise,2021-03-21T00:00:00
CUST-01011,Customer 1011,customer1011@example.com,FR,mid-market,2020-09-25T00:00:00
CUST-01012,Customer 1012,customer1012@example.com,UK,consumer,2021-11-18T00:00:00
CUST-01013,Customer 1013,customer1013@example.com,US,enterprise,2021-11-07T00:00:00
CUST-01014,Customer 1014,customer1014@example.com,IN,enterprise,2022-12-03T00:00:00
CUST-01015,Customer 1015,customer1015@example.com,UK,small-business,2022-01-12T00:00:00
CUST-01016,Customer 1016,customer1016@example.com,UK,mid-market,2021-12-02T00:00:00
CUST-01017,Customer 1017,customer1017@example.com,DE,enterprise,2020-12-10T00:00:00
CUST-01018,Customer 1018,customer1018@example.com,BR,small-business,2022-07-04T00:00:00
CUST-01019,Customer 1019,customer1019@example.com,AU,enterprise,2022-12-08T00:00:00
CUST-01020,Customer 1020,customer1020@example.com,UK,small-business,2021-06-04T00:00:00
CUST-01021,Customer 1021,customer1021@example.com,JP,enterprise,2021-02-04T00:00:00
CUST-01022,Customer 1022,customer1022@example.com,US,small-business,2020-03-02T00:00:00
CUST-01023,Customer 1023,customer1023@example.com,CA,consumer,2021-08-13T00:00:00
CUST-01024,Customer 1024,customer1024@example.com,IN,consumer,2022-01-13T00:00:00
CUST-01025,Customer 1025,customer1025@example.com,KR,mid-market,2020-09-25T00:00:00
CUST-01026,Customer 1026,customer1026@example.com,DE,small-business,2020-09-19T00:00:00
CUST-01027,Customer 1027,customer1027@example.com,BR,enterprise,2021-08-26T00:00:00
CUST-01028,Customer 1028,customer1028@example.com,AU,small-business,2021-06-02T00:00:00
CUST-01029,Customer 1029,customer1029@example.com,CA,small-business,2022-03-27T00:00:00
CUST-01030,Customer 1030,customer1030@example.com,AU,small-business,2022-10-17T00:00:00
CUST-01031,Customer 1031,customer1031@example.com,BR,consumer,2023-07-10T00:00:00
CUST-01032,Customer 1032,customer1032@example.com,KR,mid-market,2023-09-12T00:00:00
CUST-01033,Customer 1033,customer1033@example.com,US,small-business,2022-01-23T00:00:00
CUST-01034,Customer 1034,customer1034@example.com,FR,consumer,2023-01-19T00:00:00
CUST-01035,Customer 1035,customer1035@example.com,BR,mid-market,2021-10-16T00:00:00
CUST-01036,Customer 1036,customer1036@example.com,CA,enterprise,2023-03-11T00:00:00
CUST-01037,Customer 1037,customer1037@example.com,UK,small-business,2023-05-20T00:00:00
CUST-01038,Customer 1038,customer1038@example.com,AU,mid-market,2021-07-10T00:00:00
CUST-01039,Customer 1039,customer1039@example.com,FR,mid-market,2021-11-29T00:00:00
CUST-01040,Customer 1040,customer1040@example.com,KR,enterprise,2020-08-11T00:00:00
CUST-01041,Customer 1041,customer1041@example.com,FR,enterprise,2022-05-01T00:00:00
CUST-01042,Customer 1042,customer1042@example.com,IN,consumer,2021-01-13T00:00:00
CUST-01043,Customer 1043,customer1043@example.com,UK,mid-market,2022-02-04T00:00:00
CUST-01044,Customer 1044,customer1044@example.com,US,consumer,2023-12-05T00:00:00
CUST-01045,Customer 1045,customer1045@example.com,DE,mid-market,2022-04-13T00:00:00
CUST-01046,Customer 1046,customer1046@example.com,JP,mid-market,2021-07-02T00:00:00
CUST-01047,Customer 1047,customer1047@example.com,UK,enterprise,2020-06-29T00:00:00
CUST-01048,Customer 1048,customer1048@example.com,JP,mid-market,2021-07-03T00:00:00
CUST-01049,Customer 1049,customer1049@example.com,CA,mid-market,2020-06-27T00:00:00
CUST-01050,Customer 1050,customer1050@example.com,AU,consumer,2020-08-31T00:00:00
CUST-01051,Customer 1051,customer1051@example.com,DE,enterprise,2023-11-04T00:00:00
CUST-01052,Customer 1052,customer1052@example.com,DE,consumer,2021-11-03T00:00:00
CUST-01053,Customer 1053,customer1053@example.com,CA,mid-market,2020-05-29T00:00:00
CUST-01054,Customer 1054,customer1054@example.com,JP,small-business,2022-02-21T00:00:00
CUST-01055,Customer 1055,customer1055@example.com,UK,enterprise,2023-06-25T00:00:00
CUST-01056,Customer 1056,customer1056@example.com,BR,consumer,2023-01-15T00:00:00
CUST-01057,Customer 1057,customer1057@example.com,UK,enterprise,2022-05-13T00:00:00
CUST-01058,Customer 1058,customer1058@example.com,UK,consumer,2021-06-23T00:00:00
CUST-01059,Customer 1059,customer1059@example.com,UK,consumer,2021-02-25T00:00:00
CUST-01060,Customer 1060,customer1060@example.com,UK,small-business,2020-09-09T00:00:00
CUST-01061,Customer 1061,customer1061@example.com,FR,small-business,2021-07-28T00:00:00
CUST-01062,Customer 1062,customer1062@example.com,FR,small-business,2023-11-06T00:00:00
CUST-01063,Customer 1063,customer1063@example.com,BR,mid-market,2020-07-17T00:00:00
CUST-01064,Customer 1064,customer1064@example.com,US,mid-market,2023-05-06T00:00:00
CUST-01065,Customer 1065,customer1065@example.com,UK,mid-market,2020-05-04T00:00:00
CUST-01066,Customer 1066,customer1066@example.com,US,enterprise,2022-01-27T00:00:00
CUST-01067,Customer 1067,customer1067@example.com,DE,mid-market,2021-12-31T00:00:00
CUST-01068,Customer 1068,customer1068@example.com,DE,enterprise,2021-02-11T00:00:00
CUST-01069,Customer 1069,customer1069@example.com,IN,mid-market,2020-05-25T00:00:00
CUST-01070,Customer 1070,customer1070@example.com,FR,mid-market,2023-05-28T00:00:00
CUST-01071,Customer 1071,customer1071@example.com,FR,small-business,2021-10-24T00:00:00
CUST-01072,Customer 1072,customer1072@example.com,UK,enterprise,2021-02-10T00:00:00
CUST-01073,Customer 1073,customer1073@example.com,DE,mid-market,2022-02-16T00:00:00
CUST-01074,Customer 1074,customer1074@example.com,JP,mid-market,2022-08-02T00:00:00
CUST-01075,Customer 1075,customer1075@example.com,AU,small-business,2020-05-15T00:00:00
CUST-01076,Customer 1076,customer1076@example.com,US,enterprise,2020-08-25T00:00:00
CUST-01077,Customer 1077,customer1077@example.com,JP,enterprise,2022-08-10T00:00:00
CUST-01078,Customer 1078,customer1078@example.com,KR,small-business,2020-12-09T00:00:00
CUST-01079,Customer 1079,customer1079@example.com,CA,consumer,2020-07-05T00:00:00
CUST-01080,Customer 1080,customer1080@example.com,US,small-business,2023-06-20T00:00:00
CUST-01081,Customer 1081,customer1081@example.com,UK,enterprise,2021-03-29T00:00:00
CUST-01082,Customer 1082,customer1082@example.com,BR,consumer,2022-07-27T00:00:00
CUST-01083,Customer 1083,customer1083@example.com,US,enterprise,2020-09-09T00:00:00
CUST-01084,Customer 1084,customer1084@example.com,DE,small-business,2021-01-08T00:00:00
CUST-01085,Customer 1085,customer1085@example.com,BR,enterprise,2020-01-13T00:00:00
CUST-01086,Customer 1086,customer1086@example.com,FR,mid-market,2022-12-24T00:00:00
CUST-01087,Customer 1087,customer1087@example.com,FR,enterprise,2020-06-25T00:00:00
CUST-01088,Customer 1088,customer1088@example.com,CA,small-business,2020-03-26T00:00:00
CUST-01089,Customer 1089,customer1089@example.com,US,consumer,2021-03-06T00:00:00
CUST-01090,Customer 1090,customer1090@example.com,BR,small-business,2020-08-27T00:00:00
CUST-01091,Customer 1091,customer1091@example.com,DE,consumer,2022-07-09T00:00:00
CUST-01092,Customer 1092,customer1092@example.com,IN,enterprise,2021-12-16T00:00:00
CUST-01093,Customer 1093,customer1093@example.com,IN,mid-market,2023-09-30T00:00:00
CUST-01094,Customer 1094,customer1094@example.com,JP,enterprise,2020-03-15T00:00:00
CUST-01095,Customer 1095,customer1095@example.com,AU,mid-market,2020-04-08T00:00:00
CUST-01096,Customer 1096,customer1096@example.com,AU,enterprise,2023-06-23T00:00:00
CUST-01097,Customer 1097,customer1097@example.com,UK,small-business,2021-03-16T00:00:00
CUST-01098,Customer 1098,customer1098@example.com,AU,consumer,2022-02-17T00:00:00
CUST-01099,Customer 1099,customer1099@example.com,FR,enterprise,2020-01-24T00:00:00
CUST-01100,Customer 1100,customer1100@example.com,BR,consumer,2022-11-30T00:00:00
CUST-01101,Customer 1101,customer1101@example.com,AU,mid-market,2022-07-20T00:00:00
CUST-01102,Customer 1102,customer1102@example.com,BR,mid-market,2022-11-21T00:00:00
CUST-01103,Customer 1103,customer1103@example.com,UK,consumer,2023-02-22T00:00:00
CUST-01104,Customer 1104,customer1104@example.com,FR,enterprise,2023-06-23T00:00:00
CUST-01105,Customer 1105,customer1105@example.com,US,consumer,2021-12-07T00:00:00
CUST-01106,Customer 1106,customer1106@example.com,JP,enterprise,2022-08-01T00:00:00
CUST-01107,Customer 1107,customer1107@example.com,DE,small-business,2022-05-30T00:00:00
CUST-01108,Customer 1108,customer1108@example.com,US,consumer,2023-03-24T00:00:00
CUST-01109,Customer 1109,customer1109@example.com,BR,consumer,2023-09-10T00:00:00
CUST-01110,Customer 1110,customer1110@example.com,UK,small-business,2022-04-05T00:00:00
CUST-01111,Customer 1111,customer1111@example.com,JP,consumer,2023-04-24T00:00:00
CUST-01112,Customer 1112,customer1112@example.com,BR,enterprise,2021-06-16T00:00:00
CUST-01113,Customer 1113,customer1113@example.com,CA,enterprise,2022-03-12T00:00:00
CUST-01114,Customer 1114,customer1114@example.com,IN,enterprise,2020-01-31T00:00:00
CUST-01115,Customer 1115,customer1115@example.com,UK,consumer,2022-04-23T00:00:00
CUST-01116,Customer 1116,customer1116@example.com,AU,enterprise,2021-02-27T00:00:00
CUST-01117,Customer 1117,customer1117@example.com,AU,mid-market,2021-07-05T00:00:00
CUST-01118,Customer 1118,customer1118@example.com,JP,mid-market,2020-05-03T00:00:00
CUST-01119,Customer 1119,customer1119@example.com,IN,consumer,2022-06-20T00:00:00
CUST-01120,Customer 1120,customer1120@example.com,AU,small-business,2022-07-08T00:00:00
CUST-01121,Customer 1121,customer1121@example.com,IN,mid-market,2020-01-12T00:00:00
CUST-01122,Customer 1122,customer1122@example.com,AU,enterprise,2020-04-03T00:00:00
CUST-01123,Customer 1123,customer1123@example.com,JP,consumer,2020-03-19T00:00:00
CUST-01124,Customer 1124,customer1124@example.com,KR,mid-market,2022-12-08T00:00:00
CUST-01125,Customer 1125,customer1125@example.com,DE,mid-market,2021-11-24T00:00:00
CUST-01126,Customer 1126,customer1126@example.com,BR,consumer,2022-08-24T00:00:00
CUST-01127,Customer 1127,customer1127@example.com,IN,consumer,2022-01-16T00:00:00
CUST-01128,Customer 1128,customer1128@example.com,AU,mid-market,2020-03-05T00:00:00
CUST-01129,Customer 1129,customer1129@example.com,FR,small-business,2020-07-04T00:00:00
CUST-01130,Customer 1130,customer1130@example.com,FR,enterprise,2020-04-17T00:00:00
CUST-01131,Customer 1131,customer1131@example.com,FR,mid-market,2021-02-04T00:00:00
CUST-01132,Customer 1132,customer1132@example.com,JP,mid-market,2021-03-31T00:00:00
CUST-01133,Customer 1133,customer1133@example.com,BR,enterprise,2020-08-31T00:00:00
CUST-01134,Customer 1134,customer1134@example.com,FR,mid-market,2020-10-19T00:00:00
CUST-01135,Customer 1135,customer1135@example.com,CA,consumer,2023-05-16T00:00:00
CUST-01136,Customer 1136,customer1136@example.com,AU,consumer,2021-09-03T00:00:00
CUST-01137,Customer 1137,customer1137@example.com,UK,consumer,2020-03-21T00:00:00
CUST-01138,Customer 1138,customer1138@example.com,BR,small-business,2021-04-04T00:00:00
CUST-01139,Customer 1139,customer1139@example.com,AU,consumer,2021-08-26T00:00:00
CUST-01140,Customer 1140,customer1140@example.com,US,mid-market,2023-08-23T00:00:00
CUST-01141,Customer 1141,customer1141@example.com,CA,consumer,2021-04-28T00:00:00
CUST-01142,Customer 1142,customer1142@example.com,UK,mid-market,2021-12-15T00:00:00
CUST-01143,Customer 1143,customer1143@example.com,IN,small-business,2022-10-04T00:00:00
CUST-01144,Customer 1144,customer1144@example.com,IN,mid-market,2022-08-14T00:00:00
CUST-01145,Customer 1145,customer1145@example.com,KR,mid-market,2021-03-07T00:00:00
CUST-01146,Customer 1146,customer1146@example.com,UK,enterprise,2022-04-22T00:00:00
CUST-01147,Customer 1147,customer1147@example.com,FR,mid-market,2020-03-11T00:00:00
CUST-01148,Customer 1148,customer1148@example.com,KR,mid-market,2023-11-07T00:00:00
CUST-01149,Customer 1149,customer1149@example.com,JP,small-business,2020-08-03T00:00:00
CUST-01150,Customer 1150,customer1150@example.com,UK,enterprise,2020-09-25T00:00:00
CUST-01151,Customer 1151,customer1151@example.com,JP,mid-market,2023-03-11T00:00:00
CUST-01152,Customer 1152,customer1152@example.com,US,consumer,2023-03-15T00:00:00
CUST-01153,Customer 1153,customer1153@example.com,FR,consumer,2022-08-06T00:00:00
CUST-01154,Customer 1154,customer1154@example.com,FR,consumer,2022-05-24T00:00:00
CUST-01155,Customer 1155,customer1155@example.com,AU,enterprise,2021-07-18T00:00:00
CUST-01156,Customer 1156,customer1156@example.com,BR,enterprise,2022-01-27T00:00:00
CUST-01157,Customer 1157,customer1157@example.com,CA,consumer,2023-09-09T00:00:00
CUST-01158,Customer 1158,customer1158@example.com,CA,mid-market,2021-09-15T00:00:00
CUST-01159,Customer 1159,customer1159@example.com,BR,mid-market,2020-10-07T00:00:00
CUST-01160,Customer 1160,customer1160@example.com,US,mid-market,2022-07-25T00:00:00
CUST-01161,Customer 1161,customer1161@example.com,FR,small-business,2021-08-27T00:00:00
CUST-01162,Customer 1162,customer1162@example.com,AU,consumer,2020-04-14T00:00:00
CUST-01163,Customer 1163,customer1163@example.com,AU,small-business,2022-03-29T00:00:00
CUST-01164,Customer 1164,customer1164@example.com,AU,enterprise,2021-05-18T00:00:00
CUST-01165,Customer 1165,customer1165@example.com,JP,enterprise,2023-04-18T00:00:00
CUST-01166,Customer 1166,customer1166@example.com,CA,small-business,2023-03-06T00:00:00
CUST-01167,Customer 1167,customer1167@example.com,BR,small-business,2022-04-02T00:00:00
CUST-01168,Customer 1168,customer1168@example.com,KR,enterprise,2023-03-28T00:00:00
CUST-01169,Customer 1169,customer1169@example.com,AU,enterprise,2020-02-19T00:00:00
CUST-01170,Customer 1170,customer1170@example.com,BR,small-business,2022-03-06T00:00:00
CUST-01171,Customer 1171,customer1171@example.com,KR,mid-market,2021-01-19T00:00:00
CUST-01172,Customer 1172,customer1172@example.com,US,enterprise,2023-06-09T00:00:00
CUST-01173,Customer 1173,customer1173@example.com,AU,small-business,2021-07-14T00:00:00
CUST-01174,Customer 1174,customer1174@example.com,US,small-business,2020-02-29T00:00:00
CUST-01175,Customer 1175,customer1175@example.com,FR,consumer,2020-05-07T00:00:00
CUST-01176,Customer 1176,customer1176@example.com,IN,small-business,2023-08-01T00:00:00
CUST-01177,Customer 1177,customer1177@example.com,KR,mid-market,2020-06-09T00:00:00
CUST-01178,Customer 1178,customer1178@example.com,DE,consumer,2020-08-24T00:00:00
CUST-01179,Customer 1179,customer1179@example.com,US,mid-market,2022-11-22T00:00:00
CUST-01180,Customer 1180,customer1180@example.com,US,consumer,2023-08-11T00:00:00
CUST-01181,Customer 1181,customer1181@example.com,BR,enterprise,2022-11-28T00:00:00
CUST-01182,Customer 1182,customer1182@example.com,KR,small-business,2022-08-14T00:00:00
CUST-01183,Customer 1183,customer1183@example.com,IN,mid-market,2022-01-12T00:00:00
CUST-01184,Customer 1184,customer1184@example.com,IN,small-business,2021-05-19T00:00:00
CUST-01185,Customer 1185,customer1185@example.com,JP,mid-market,2021-12-07T00:00:00
CUST-01186,Customer 1186,customer1186@example.com,DE,consumer,2023-03-17T00:00:00
CUST-01187,Customer 1187,customer1187@example.com,BR,enterprise,2020-08-31T00:00:00
CUST-01188,Customer 1188,customer1188@example.com,IN,consumer,2020-05-10T00:00:00
CUST-01189,Customer 1189,customer1189@example.com,AU,consumer,2023-10-04T00:00:00
CUST-01190,Customer 1190,customer1190@example.com,DE,mid-market,2021-02-12T00:00:00
CUST-01191,Customer 1191,customer1191@example.com,JP,small-business,2021-02-26T00:00:00
CUST-01192,Customer 1192,customer1192@example.com,JP,small-business,2022-05-27T00:00:00
CUST-01193,Customer 1193,customer1193@example.com,UK,small-business,2020-10-31T00:00:00
CUST-01194,Customer 1194,customer1194@example.com,UK,enterprise,2020-12-04T00:00:00
CUST-01195,Customer 1195,customer1195@example.com,FR,consumer,2022-08-16T00:00:00
CUST-01196,Customer 1196,customer1196@example.com,FR,small-business,2023-06-06T00:00:00
CUST-01197,Customer 1197,customer1197@example.com,CA,small-business,2020-11-18T00:00:00
CUST-01198,Customer 1198,customer1198@example.com,US,consumer,2022-02-26T00:00:00
CUST-01199,Customer 1199,customer1199@example.com,FR,mid-market,2021-08-10T00:00:00
CUST-01200,Customer 1200,customer1200@example.com,DE,enterprise,2022-02-23T00:00:00
CUST-01201,Customer 1201,customer1201@example.com,US,enterprise,2023-06-21T00:00:00
CUST-01202,Customer 1202,customer1202@example.com,UK,consumer,2021-03-16T00:00:00
CUST-01203,Customer 1203,customer1203@example.com,IN,mid-market,2023-07-24T00:00:00
CUST-01204,Customer 1204,customer1204@example.com,UK,consumer,2023-01-30T00:00:00
CUST-01205,Customer 1205,customer1205@example.com,UK,mid-market,2022-09-20T00:00:00
CUST-01206,Customer 1206,customer1206@example.com,CA,mid-market,2022-09-13T00:00:00
CUST-01207,Customer 1207,customer1207@example.com,FR,small-business,2022-07-16T00:00:00
CUST-01208,Customer 1208,customer1208@example.com,US,consumer,2022-05-06T00:00:00
CUST-01209,Customer 1209,customer1209@example.com,CA,consumer,2020-06-15T00:00:00
CUST-01210,Customer 1210,customer1210@example.com,US,consumer,2020-12-09T00:00:00
CUST-01211,Customer 1211,customer1211@example.com,CA,consumer,2021-11-23T00:00:00
CUST-01212,Customer 1212,customer1212@example.com,US,mid-market,2020-02-11T00:00:00
CUST-01213,Customer 1213,customer1213@example.com,UK,enterprise,2020-03-25T00:00:00
CUST-01214,Customer 1214,customer1214@example.com,US,mid-market,2021-09-22T00:00:00
CUST-01215,Customer 1215,customer1215@example.com,US,small-business,2023-03-19T00:00:00
CUST-01216,Customer 1216,customer1216@example.com,KR,mid-market,2022-05-03T00:00:00
CUST-01217,Customer 1217,customer1217@example.com,UK,small-business,2020-10-04T00:00:00
CUST-01218,Customer 1218,customer1218@example.com,FR,consumer,2023-02-26T00:00:00
CUST-01219,Customer 1219,customer1219@example.com,US,mid-market,2021-08-10T00:00:00
CUST-01220,Customer 1220,customer1220@example.com,FR,consumer,2022-11-26T00:00:00
CUST-01221,Customer 1221,customer1221@example.com,US,small-business,2020-06-11T00:00:00
CUST-01222,Customer 1222,customer1222@example.com,BR,mid-market,2022-04-20T00:00:00
CUST-01223,Customer 1223,customer1223@example.com,JP,small-business,2020-08-12T00:00:00
CUST-01224,Customer 1224,customer1224@example.com,FR,enterprise,2022-07-20T00:00:00
CUST-01225,Customer 1225,customer1225@example.com,DE,mid-market,2023-05-17T00:00:00
CUST-01226,Customer 1226,customer1226@example.com,UK,consumer,2021-09-03T00:00:00
CUST-01227,Customer 1227,customer1227@example.com,AU,enterprise,2021-06-15T00:00:00
CUST-01228,Customer 1228,customer1228@example.com,FR,small-business,2022-07-14T00:00:00
CUST-01229,Customer 1229,customer1229@example.com,DE,small-business,2020-07-01T00:00:00
CUST-01230,Customer 1230,customer1230@example.com,CA,mid-market,2021-10-27T00:00:00
CUST-01231,Customer 1231,customer1231@example.com,AU,enterprise,2023-05-29T00:00:00
CUST-01232,Customer 1232,customer1232@example.com,US,consumer,2020-07-09T00:00:00
CUST-01233,Customer 1233,customer1233@example.com,JP,mid-market,2021-09-24T00:00:00
CUST-01234,Customer 1234,customer1234@example.com,AU,mid-market,2021-01-22T00:00:00
CUST-01235,Customer 1235,customer1235@example.com,KR,enterprise,2020-09-30T00:00:00
CUST-01236,Customer 1236,customer1236@example.com,IN,mid-market,2023-02-27T00:00:00
CUST-01237,Customer 1237,customer1237@example.com,CA,small-business,2023-03-21T00:00:00
CUST-01238,Customer 1238,customer1238@example.com,US,small-business,2021-10-23T00:00:00
CUST-01239,Customer 1239,customer1239@example.com,BR,enterprise,2023-06-01T00:00:00
CUST-01240,Customer 1240,customer1240@example.com,KR,small-business,2022-10-30T00:00:00
CUST-01241,Customer 1241,customer1241@example.com,JP,mid-market,2021-12-20T00:00:00
CUST-01242,Customer 1242,customer1242@example.com,IN,mid-market,2022-07-07T00:00:00
CUST-01243,Customer 1243,customer1243@example.com,AU,mid-market,2021-03-02T00:00:00
CUST-01244,Customer 1244,customer1244@example.com,AU,small-business,2020-04-15T00:00:00
CUST-01245,Customer 1245,customer1245@example.com,BR,consumer,2020-03-15T00:00:00
CUST-01246,Customer 1246,customer1246@example.com,AU,consumer,2020-02-09T00:00:00
CUST-01247,Customer 1247,customer1247@example.com,BR,small-business,2023-09-02T00:00:00
CUST-01248,Customer 1248,customer1248@example.com,AU,enterprise,2021-08-01T00:00:00
CUST-01249,Customer 1249,customer1249@example.com,DE,enterprise,2020-10-23T00:00:00
CUST-01250,Customer 1250,customer1250@example.com,KR,mid-market,2022-10-20T00:00:00
CUST-01251,Customer 1251,customer1251@example.com,FR,consumer,2021-07-04T00:00:00
CUST-01252,Customer 1252,customer1252@example.com,US,consumer,2023-07-10T00:00:00
CUST-01253,Customer 1253,customer1253@example.com,DE,enterprise,2021-03-30T00:00:00
CUST-01254,Customer 1254,customer1254@example.com,IN,mid-market,2021-03-16T00:00:00
CUST-01255,Customer 1255,customer1255@example.com,IN,consumer,2020-10-22T00:00:00
CUST-01256,Customer 1256,customer1256@example.com,UK,small-business,2023-04-06T00:00:00
CUST-01257,Customer 1257,customer1257@example.com,CA,small-business,2021-12-12T00:00:00
CUST-01258,Customer 1258,customer1258@example.com,JP,mid-market,2023-10-26T00:00:00
CUST-01259,Customer 1259,customer1259@example.com,AU,enterprise,2021-05-25T00:00:00
CUST-01260,Customer 1260,customer1260@example.com,BR,consumer,2020-02-07T00:00:00
CUST-01261,Customer 1261,customer1261@example.com,KR,mid-market,2021-09-04T00:00:00
CUST-01262,Customer 1262,customer1262@example.com,FR,consumer,2023-02-21T00:00:00
CUST-01263,Customer 1263,customer1263@example.com,BR,enterprise,2020-06-18T00:00:00
CUST-01264,Customer 1264,customer1264@example.com,AU,mid-market,2022-12-06T00:00:00
CUST-01265,Customer 1265,customer1265@example.com,UK,small-business,2020-12-27T00:00:00
CUST-01266,Customer 1266,customer1266@example.com,JP,consumer,2023-11-29T00:00:00
CUST-01267,Customer 1267,customer1267@example.com,DE,small-business,2021-12-08T00:00:00
CUST-01268,Customer 1268,customer1268@example.com,CA,enterprise,2020-02-05T00:00:00
CUST-01269,Customer 1269,customer1269@example.com,FR,small-business,2020-06-11T00:00:00
CUST-01270,Customer 1270,customer1270@example.com,US,consumer,2020-11-09T00:00:00
CUST-01271,Customer 1271,customer1271@example.com,CA,enterprise,2020-07-21T00:00:00
CUST-01272,Customer 1272,customer1272@example.com,BR,consumer,2020-08-06T00:00:00
CUST-01273,Customer 1273,customer1273@example.com,KR,enterprise,2021-08-18T00:00:00
CUST-01274,Customer 1274,customer1274@example.com,US,small-business,2021-08-12T00:00:00
CUST-01275,Customer 1275,customer1275@example.com,US,enterprise,2022-06-28T00:00:00
CUST-01276,Customer 1276,customer1276@example.com,US,mid-market,2021-07-10T00:00:00
CUST-01277,Customer 1277,customer1277@example.com,FR,consumer,2021-10-05T00:00:00
CUST-01278,Customer 1278,customer1278@example.com,UK,small-business,2022-05-02T00:00:00
CUST-01279,Customer 1279,customer1279@example.com,IN,small-business,2021-07-24T00:00:00
CUST-01280,Customer 1280,customer1280@example.com,US,enterprise,2021-05-18T00:00:00
CUST-01281,Customer 1281,customer1281@example.com,US,mid-market,2020-04-07T00:00:00
CUST-01282,Customer 1282,customer1282@example.com,AU,small-business,2023-11-17T00:00:00
CUST-01283,Customer 1283,customer1283@example.com,KR,enterprise,2023-04-15T00:00:00
CUST-01284,Customer 1284,customer1284@example.com,FR,mid-market,2020-11-30T00:00:00
CUST-01285,Customer 1285,customer1285@example.com,JP,mid-market,2020-07-26T00:00:00
CUST-01286,Customer 1286,customer1286@example.com,CA,consumer,2020-05-19T00:00:00
CUST-01287,Customer 1287,customer1287@example.com,US,enterprise,2022-11-09T00:00:00
CUST-01288,Customer 1288,customer1288@example.com,FR,small-business,2022-01-31T00:00:00
CUST-01289,Customer 1289,customer1289@example.com,IN,mid-market,2020-06-27T00:00:00
CUST-01290,Customer 1290,customer1290@example.com,DE,mid-market,2023-03-19T00:00:00
CUST-01291,Customer 1291,customer1291@example.com,DE,consumer,2020-05-06T00:00:00
CUST-01292,Customer 1292,customer1292@example.com,IN,mid-market,2021-03-03T00:00:00
CUST-01293,Customer 1293,customer1293@example.com,FR,enterprise,2022-04-19T00:00:00
CUST-01294,Customer 1294,customer1294@example.com,CA,small-business,2023-05-18T00:00:00
CUST-01295,Customer 1295,customer1295@example.com,US,mid-market,2022-05-30T00:00:00
CUST-01296,Customer 1296,customer1296@example.com,IN,consumer,2023-10-04T00:00:00
CUST-01297,Customer 1297,customer1297@example.com,BR,consumer,2022-05-14T00:00:00
CUST-01298,Customer 1298,customer1298@example.com,CA,consumer,2020-02-13T00:00:00
CUST-01299,Customer 1299,customer1299@example.com,AU,consumer,2020-04-12T00:00:00
CUST-01300,Customer 1300,customer1300@example.com,AU,enterprise,2021-01-07T00:00:00
CUST-01301,Customer 1301,customer1301@example.com,CA,mid-market,2022-09-26T00:00:00
CUST-01302,Customer 1302,customer1302@example.com,BR,enterprise,2022-04-10T00:00:00
CUST-01303,Customer 1303,customer1303@example.com,BR,consumer,2021-11-04T00:00:00
CUST-01304,Customer 1304,customer1304@example.com,FR,small-business,2021-01-21T00:00:00
CUST-01305,Customer 1305,customer1305@example.com,US,mid-market,2023-04-30T00:00:00
CUST-01306,Customer 1306,customer1306@example.com,UK,consumer,2021-12-29T00:00:00
CUST-01307,Customer 1307,customer1307@example.com,IN,small-business,2023-02-16T00:00:00
CUST-01308,Customer 1308,customer1308@example.com,UK,small-business,2023-09-27T00:00:00
CUST-01309,Customer 1309,customer1309@example.com,BR,consumer,2022-03-21T00:00:00
CUST-01310,Customer 1310,customer1310@example.com,US,enterprise,2020-07-29T00:00:00
CUST-01311,Customer 1311,customer1311@example.com,CA,mid-market,2020-04-19T00:00:00
CUST-01312,Customer 1312,customer1312@example.com,AU,mid-market,2023-01-02T00:00:00
CUST-01313,Customer 1313,customer1313@example.com,CA,mid-market,2023-07-23T00:00:00
CUST-01314,Customer 1314,customer1314@example.com,AU,mid-market,2021-07-22T00:00:00
CUST-01315,Customer 1315,customer1315@example.com,JP,mid-market,2022-03-30T00:00:00
CUST-01316,Customer 1316,customer1316@example.com,DE,enterprise,2020-12-31T00:00:00
CUST-01317,Customer 1317,customer1317@example.com,FR,mid-market,2021-04-24T00:00:00
CUST-01318,Customer 1318,customer1318@example.com,BR,small-business,2021-06-22T00:00:00
CUST-01319,Customer 1319,customer1319@example.com,KR,mid-market,2022-01-14T00:00:00
CUST-01320,Customer 1320,customer1320@example.com,JP,small-business,2020-08-23T00:00:00
CUST-01321,Customer 1321,customer1321@example.com,FR,enterprise,2021-02-25T00:00:00
CUST-01322,Customer 1322,customer1322@example.com,DE,small-business,2021-10-30T00:00:00
CUST-01323,Customer 1323,customer1323@example.com,BR,enterprise,2023-02-11T00:00:00
CUST-01324,Customer 1324,customer1324@example.com,JP,consumer,2022-05-16T00:00:00
CUST-01325,Customer 1325,customer1325@example.com,UK,mid-market,2020-12-21T00:00:00
CUST-01326,Customer 1326,customer1326@example.com,AU,mid-market,2020-01-23T00:00:00
CUST-01327,Customer 1327,customer1327@example.com,BR,small-business,2022-10-12T00:00:00
CUST-01328,Customer 1328,customer1328@example.com,KR,mid-market,2021-07-28T00:00:00
CUST-01329,Customer 1329,customer1329@example.com,DE,mid-market,2023-12-29T00:00:00
CUST-01330,Customer 1330,customer1330@example.com,IN,mid-market,2021-05-29T00:00:00
CUST-01331,Customer 1331,customer1331@example.com,BR,enterprise,2023-09-15T00:00:00
CUST-01332,Customer 1332,customer1332@example.com,US,enterprise,2022-04-02T00:00:00
CUST-01333,Customer 1333,customer1333@example.com,JP,consumer,2022-01-02T00:00:00
CUST-01334,Customer 1334,customer1334@example.com,UK,small-business,2022-10-03T00:00:00
CUST-01335,Customer 1335,customer1335@example.com,KR,mid-market,2022-12-03T00:00:00
CUST-01336,Customer 1336,customer1336@example.com,UK,small-business,2022-10-13T00:00:00
CUST-01337,Customer 1337,customer1337@example.com,JP,mid-market,2021-12-03T00:00:00
CUST-01338,Customer 1338,customer1338@example.com,KR,enterprise,2021-07-03T00:00:00
CUST-01339,Customer 1339,customer1339@example.com,JP,enterprise,2020-07-25T00:00:00
CUST-01340,Customer 1340,customer1340@example.com,UK,mid-market,2020-08-24T00:00:00
CUST-01341,Customer 1341,customer1341@example.com,KR,consumer,2023-10-27T00:00:00
CUST-01342,Customer 1342,customer1342@example.com,KR,small-business,2020-05-27T00:00:00
CUST-01343,Customer 1343,customer1343@example.com,FR,mid-market,2023-05-15T00:00:00
CUST-01344,Customer 1344,customer1344@example.com,AU,consumer,2023-05-09T00:00:00
CUST-01345,Customer 1345,customer1345@example.com,DE,enterprise,2021-06-10T00:00:00
CUST-01346,Customer 1346,customer1346@example.com,DE,mid-market,2020-01-21T00:00:00
CUST-01347,Customer 1347,customer1347@example.com,DE,consumer,2022-06-06T00:00:00
CUST-01348,Customer 1348,customer1348@example.com,DE,enterprise,2021-05-05T00:00:00
CUST-01349,Customer 1349,customer1349@example.com,KR,enterprise,2022-03-31T00:00:00
CUST-01350,Customer 1350,customer1350@example.com,IN,small-business,2021-04-03T00:00:00
CUST-01351,Customer 1351,customer1351@example.com,FR,mid-market,2020-08-18T00:00:00
CUST-01352,Customer 1352,customer1352@example.com,UK,small-business,2021-10-27T00:00:00
CUST-01353,Customer 1353,customer1353@example.com,AU,enterprise,2023-12-27T00:00:00
CUST-01354,Customer 1354,customer1354@example.com,UK,consumer,2020-11-17T00:00:00
CUST-01355,Customer 1355,customer1355@example.com,IN,small-business,2023-11-14T00:00:00
CUST-01356,Customer 1356,customer1356@example.com,DE,enterprise,2020-06-10T00:00:00
CUST-01357,Customer 1357,customer1357@example.com,US,small-business,2020-09-26T00:00:00
CUST-01358,Customer 1358,customer1358@example.com,US,mid-market,2022-08-03T00:00:00
CUST-01359,Customer 1359,customer1359@example.com,CA,consumer,2021-09-22T00:00:00
CUST-01360,Customer 1360,customer1360@example.com,FR,mid-market,2020-09-22T00:00:00
CUST-01361,Customer 1361,customer1361@example.com,CA,enterprise,2023-10-04T00:00:00
CUST-01362,Customer 1362,customer1362@example.com,UK,consumer,2021-12-17T00:00:00
CUST-01363,Customer 1363,customer1363@example.com,AU,small-business,2021-09-18T00:00:00
CUST-01364,Customer 1364,customer1364@example.com,DE,consumer,2020-01-04T00:00:00
CUST-01365,Customer 1365,customer1365@example.com,BR,small-business,2020-06-24T00:00:00
CUST-01366,Customer 1366,customer1366@example.com,CA,mid-market,2023-11-20T00:00:00
CUST-01367,Customer 1367,customer1367@example.com,FR,mid-market,2021-01-12T00:00:00
CUST-01368,Customer 1368,customer1368@example.com,DE,consumer,2022-10-27T00:00:00
CUST-01369,Customer 1369,customer1369@example.com,US,consumer,2023-02-28T00:00:00
CUST-01370,Customer 1370,customer1370@example.com,JP,mid-market,2020-07-03T00:00:00
CUST-01371,Customer 1371,customer1371@example.com,UK,mid-market,2020-06-29T00:00:00
CUST-01372,Customer 1372,customer1372@example.com,UK,small-business,2021-07-06T00:00:00
CUST-01373,Customer 1373,customer1373@example.com,FR,consumer,2020-02-23T00:00:00
CUST-01374,Customer 1374,customer1374@example.com,DE,consumer,2023-04-23T00:00:00
CUST-01375,Customer 1375,customer1375@example.com,DE,consumer,2023-02-27T00:00:00
CUST-01376,Customer 1376,customer1376@example.com,BR,enterprise,2021-05-18T00:00:00
CUST-01377,Customer 1377,customer1377@example.com,UK,enterprise,2020-07-06T00:00:00
CUST-01378,Customer 1378,customer1378@example.com,US,consumer,2023-07-23T00:00:00
CUST-01379,Customer 1379,customer1379@example.com,CA,consumer,2023-08-25T00:00:00
CUST-01380,Customer 1380,customer1380@example.com,KR,mid-market,2023-05-04T00:00:00
CUST-01381,Customer 1381,customer1381@example.com,JP,enterprise,2020-07-31T00:00:00
CUST-01382,Customer 1382,customer1382@example.com,AU,small-business,2020-11-10T00:00:00
CUST-01383,Customer 1383,customer1383@example.com,US,small-business,2020-03-07T00:00:00
CUST-01384,Customer 1384,customer1384@example.com,KR,enterprise,2023-05-09T00:00:00
CUST-01385,Customer 1385,customer1385@example.com,BR,consumer,2023-08-09T00:00:00
CUST-01386,Customer 1386,customer1386@example.com,UK,small-business,2023-06-12T00:00:00
CUST-01387,Customer 1387,customer1387@example.com,CA,consumer,2023-02-23T00:00:00
CUST-01388,Customer 1388,customer1388@example.com,KR,small-business,2022-09-01T00:00:00
CUST-01389,Customer 1389,customer1389@example.com,KR,enterprise,2023-11-10T00:00:00
CUST-01390,Customer 1390,customer1390@example.com,FR,small-business,2023-06-09T00:00:00
CUST-01391,Customer 1391,customer1391@example.com,JP,mid-market,2022-03-01T00:00:00
CUST-01392,Customer 1392,customer1392@example.com,KR,small-business,2021-05-24T00:00:00
CUST-01393,Customer 1393,customer1393@example.com,BR,enterprise,2022-07-08T00:00:00
CUST-01394,Customer 1394,customer1394@example.com,JP,small-business,2020-12-01T00:00:00
CUST-01395,Customer 1395,customer1395@example.com,US,mid-market,2023-09-02T00:00:00
CUST-01396,Customer 1396,customer1396@example.com,KR,small-business,2021-05-29T00:00:00
CUST-01397,Customer 1397,customer1397@example.com,IN,mid-market,2021-03-23T00:00:00
CUST-01398,Customer 1398,customer1398@example.com,DE,consumer,2021-02-01T00:00:00
CUST-01399,Customer 1399,customer1399@example.com,IN,small-business,2021-12-22T00:00:00
CUST-01400,Customer 1400,customer1400@example.com,DE,mid-market,2020-12-19T00:00:00
CUST-01401,Customer 1401,customer1401@example.com,US,enterprise,2022-01-07T00:00:00
CUST-01402,Customer 1402,customer1402@example.com,CA,mid-market,2022-12-12T00:00:00
CUST-01403,Customer 1403,customer1403@example.com,CA,consumer,2023-07-01T00:00:00
CUST-01404,Customer 1404,customer1404@example.com,FR,enterprise,2020-02-14T00:00:00
CUST-01405,Customer 1405,customer1405@example.com,CA,enterprise,2023-09-13T00:00:00
CUST-01406,Customer 1406,customer1406@example.com,AU,small-business,2022-03-17T00:00:00
CUST-01407,Customer 1407,customer1407@example.com,KR,enterprise,2022-07-07T00:00:00
CUST-01408,Customer 1408,customer1408@example.com,AU,mid-market,2020-01-01T00:00:00
CUST-01409,Customer 1409,customer1409@example.com,CA,enterprise,2023-07-10T00:00:00
CUST-01410,Customer 1410,customer1410@example.com,US,enterprise,2022-02-01T00:00:00
CUST-01411,Customer 1411,customer1411@example.com,IN,consumer,2023-07-24T00:00:00
CUST-01412,Customer 1412,customer1412@example.com,KR,consumer,2023-09-07T00:00:00
CUST-01413,Customer 1413,customer1413@example.com,BR,enterprise,2022-06-11T00:00:00
CUST-01414,Customer 1414,customer1414@example.com,BR,enterprise,2020-02-14T00:00:00
CUST-01415,Customer 1415,customer1415@example.com,KR,consumer,2023-02-25T00:00:00
CUST-01416,Customer 1416,customer1416@example.com,DE,small-business,2022-03-13T00:00:00
CUST-01417,Customer 1417,customer1417@example.com,IN,enterprise,2023-02-24T00:00:00
CUST-01418,Customer 1418,customer1418@example.com,CA,enterprise,2022-06-02T00:00:00
CUST-01419,Customer 1419,customer1419@example.com,FR,small-business,2020-09-12T00:00:00
CUST-01420,Customer 1420,customer1420@example.com,US,consumer,2023-02-13T00:00:00
CUST-01421,Customer 1421,customer1421@example.com,JP,small-business,2022-12-24T00:00:00
CUST-01422,Customer 1422,customer1422@example.com,FR,consumer,2021-05-20T00:00:00
CUST-01423,Customer 1423,customer1423@example.com,UK,small-business,2021-12-30T00:00:00
CUST-01424,Customer 1424,customer1424@example.com,UK,mid-market,2021-10-09T00:00:00
CUST-01425,Customer 1425,customer1425@example.com,UK,mid-market,2022-07-12T00:00:00
CUST-01426,Customer 1426,customer1426@example.com,FR,consumer,2022-02-05T00:00:00
CUST-01427,Customer 1427,customer1427@example.com,AU,consumer,2021-10-23T00:00:00
CUST-01428,Customer 1428,customer1428@example.com,AU,small-business,2022-08-29T00:00:00
CUST-01429,Customer 1429,customer1429@example.com,JP,enterprise,2020-03-03T00:00:00
CUST-01430,Customer 1430,customer1430@example.com,CA,mid-market,2023-09-27T00:00:00
CUST-01431,Customer 1431,customer1431@example.com,IN,consumer,2022-07-13T00:00:00
CUST-01432,Customer 1432,customer1432@example.com,JP,enterprise,2021-04-05T00:00:00
CUST-01433,Customer 1433,customer1433@example.com,AU,enterprise,2023-02-02T00:00:00
CUST-01434,Customer 1434,customer1434@example.com,BR,mid-market,2023-06-11T00:00:00
CUST-01435,Customer 1435,customer1435@example.com,US,enterprise,2021-02-11T00:00:00
CUST-01436,Customer 1436,customer1436@example.com,AU,small-business,2020-12-27T00:00:00
CUST-01437,Customer 1437,customer1437@example.com,DE,consumer,2022-12-18T00:00:00
CUST-01438,Customer 1438,customer1438@example.com,DE,consumer,2023-04-30T00:00:00
CUST-01439,Customer 1439,customer1439@example.com,US,enterprise,2020-10-16T00:00:00
CUST-01440,Customer 1440,customer1440@example.com,KR,mid-market,2020-02-06T00:00:00
CUST-01441,Customer 1441,customer1441@example.com,JP,mid-market,2023-12-15T00:00:00
CUST-01442,Customer 1442,customer1442@example.com,KR,enterprise,2022-08-01T00:00:00
CUST-01443,Customer 1443,customer1443@example.com,UK,enterprise,2021-03-27T00:00:00
CUST-01444,Customer 1444,customer1444@example.com,UK,enterprise,2021-11-16T00:00:00
CUST-01445,Customer 1445,customer1445@example.com,US,enterprise,2022-08-20T00:00:00
CUST-01446,Customer 1446,customer1446@example.com,KR,consumer,2023-03-09T00:00:00
CUST-01447,Customer 1447,customer1447@example.com,KR,consumer,2020-06-29T00:00:00
CUST-01448,Customer 1448,customer1448@example.com,AU,consumer,2021-12-12T00:00:00
CUST-01449,Customer 1449,customer1449@example.com,FR,small-business,2023-11-12T00:00:00
CUST-01450,Customer 1450,customer1450@example.com,FR,mid-market,2021-03-07T00:00:00
CUST-01451,Customer 1451,customer1451@example.com,KR,enterprise,2022-04-05T00:00:00
CUST-01452,Customer 1452,customer1452@example.com,CA,mid-market,2022-10-22T00:00:00
CUST-01453,Customer 1453,customer1453@example.com,KR,small-business,2023-11-10T00:00:00
CUST-01454,Customer 1454,customer1454@example.com,FR,mid-market,2023-11-03T00:00:00
CUST-01455,Customer 1455,customer1455@example.com,DE,small-business,2020-08-03T00:00:00
CUST-01456,Customer 1456,customer1456@example.com,IN,enterprise,2021-12-29T00:00:00
CUST-01457,Customer 1457,customer1457@example.com,DE,consumer,2022-01-10T00:00:00
CUST-01458,Customer 1458,customer1458@example.com,CA,small-business,2020-05-30T00:00:00
CUST-01459,Customer 1459,customer1459@example.com,KR,mid-market,2020-03-05T00:00:00
CUST-01460,Customer 1460,customer1460@example.com,IN,mid-market,2020-05-28T00:00:00
CUST-01461,Customer 1461,customer1461@example.com,KR,enterprise,2023-06-11T00:00:00
CUST-01462,Customer 1462,customer1462@example.com,FR,small-business,2020-03-12T00:00:00
CUST-01463,Customer 1463,customer1463@example.com,JP,enterprise,2023-03-29T00:00:00
CUST-01464,Customer 1464,customer1464@example.com,DE,small-business,2021-10-28T00:00:00
CUST-01465,Customer 1465,customer1465@example.com,JP,mid-market,2020-08-23T00:00:00
CUST-01466,Customer 1466,customer1466@example.com,FR,consumer,2021-08-01T00:00:00
CUST-01467,Customer 1467,customer1467@example.com,IN,mid-market,2020-04-10T00:00:00
CUST-01468,Customer 1468,customer1468@example.com,UK,small-business,2023-09-21T00:00:00
CUST-01469,Customer 1469,customer1469@example.com,BR,small-business,2022-04-04T00:00:00
CUST-01470,Customer 1470,customer1470@example.com,KR,consumer,2021-01-05T00:00:00
CUST-01471,Customer 1471,customer1471@example.com,IN,small-business,2020-10-18T00:00:00
CUST-01472,Customer 1472,customer1472@example.com,KR,small-business,2022-08-10T00:00:00
CUST-01473,Customer 1473,customer1473@example.com,KR,consumer,2021-08-16T00:00:00
CUST-01474,Customer 1474,customer1474@example.com,FR,consumer,2022-08-30T00:00:00
CUST-01475,Customer 1475,customer1475@example.com,DE,consumer,2023-09-11T00:00:00
CUST-01476,Customer 1476,customer1476@example.com,US,mid-market,2021-11-14T00:00:00
CUST-01477,Customer 1477,customer1477@example.com,UK,enterprise,2023-07-16T00:00:00
CUST-01478,Customer 1478,customer1478@example.com,BR,mid-market,2021-06-29T00:00:00
CUST-01479,Customer 1479,customer1479@example.com,BR,small-business,2021-05-27T00:00:00
CUST-01480,Customer 1480,customer1480@example.com,IN,enterprise,2023-06-20T00:00:00
CUST-01481,Customer 1481,customer1481@example.com,KR,mid-market,2022-12-28T00:00:00
CUST-01482,Customer 1482,customer1482@example.com,FR,enterprise,2022-02-17T00:00:00
CUST-01483,Customer 1483,customer1483@example.com,JP,mid-market,2020-02-26T00:00:00
CUST-01484,Customer 1484,customer1484@example.com,KR,consumer,2023-03-14T00:00:00
CUST-01485,Customer 1485,customer1485@example.com,US,small-business,2022-08-29T00:00:00
CUST-01486,Customer 1486,customer1486@example.com,AU,small-business,2020-01-19T00:00:00
CUST-01487,Customer 1487,customer1487@example.com,AU,enterprise,2021-10-25T00:00:00
CUST-01488,Customer 1488,customer1488@example.com,UK,mid-market,2020-08-04T00:00:00
CUST-01489,Customer 1489,customer1489@example.com,UK,mid-market,2023-10-31T00:00:00
CUST-01490,Customer 1490,customer1490@example.com,DE,mid-market,2020-10-24T00:00:00
CUST-01491,Customer 1491,customer1491@example.com,BR,mid-market,2020-08-05T00:00:00
CUST-01492,Customer 1492,customer1492@example.com,CA,small-business,2022-04-19T00:00:00
CUST-01493,Customer 1493,customer1493@example.com,US,mid-market,2022-01-01T00:00:00
CUST-01494,Customer 1494,customer1494@example.com,US,consumer,2022-01-09T00:00:00
CUST-01495,Customer 1495,customer1495@example.com,DE,consumer,2022-05-13T00:00:00
CUST-01496,Customer 1496,customer1496@example.com,FR,mid-market,2022-06-10T00:00:00
CUST-01497,Customer 1497,customer1497@example.com,FR,consumer,2021-04-12T00:00:00
CUST-01498,Customer 1498,customer1498@example.com,IN,enterprise,2022-12-03T00:00:00
CUST-01499,Customer 1499,customer1499@example.com,UK,small-business,2021-12-07T00:00:00
CUST-01500,Customer 1500,customer1500@example.com,DE,enterprise,2023-10-26T00:00:00
CUST-01501,Customer 1501,customer1501@example.com,CA,enterprise,2023-04-05T00:00:00
CUST-01502,Customer 1502,customer1502@example.com,DE,consumer,2022-06-06T00:00:00
CUST-01503,Customer 1503,customer1503@example.com,AU,enterprise,2022-07-28T00:00:00
CUST-01504,Customer 1504,customer1504@example.com,BR,enterprise,2021-11-20T00:00:00
CUST-01505,Customer 1505,customer1505@example.com,CA,mid-market,2023-10-03T00:00:00
CUST-01506,Customer 1506,customer1506@example.com,UK,enterprise,2020-08-18T00:00:00
CUST-01507,Customer 1507,customer1507@example.com,AU,consumer,2021-04-30T00:00:00
CUST-01508,Customer 1508,customer1508@example.com,KR,small-business,2022-03-24T00:00:00
CUST-01509,Customer 1509,customer1509@example.com,UK,mid-market,2021-11-15T00:00:00
CUST-01510,Customer 1510,customer1510@example.com,US,small-business,2022-10-20T00:00:00
CUST-01511,Customer 1511,customer1511@example.com,IN,mid-market,2020-05-20T00:00:00
CUST-01512,Customer 1512,customer1512@example.com,KR,mid-market,2021-01-17T00:00:00
CUST-01513,Customer 1513,customer1513@example.com,DE,small-business,2022-01-20T00:00:00
CUST-01514,Customer 1514,customer1514@example.com,DE,small-business,2022-08-16T00:00:00
CUST-01515,Customer 1515,customer1515@example.com,CA,small-business,2022-12-22T00:00:00
CUST-01516,Customer 1516,customer1516@example.com,BR,small-business,2020-05-15T00:00:00
CUST-01517,Customer 1517,customer1517@example.com,FR,consumer,2022-08-05T00:00:00
CUST-01518,Customer 1518,customer1518@example.com,FR,small-business,2020-11-30T00:00:00
CUST-01519,Customer 1519,customer1519@example.com,DE,mid-market,2022-07-25T00:00:00
CUST-01520,Customer 1520,customer1520@example.com,BR,small-business,2022-08-21T00:00:00
CUST-01521,Customer 1521,customer1521@example.com,CA,mid-market,2023-05-29T00:00:00
CUST-01522,Customer 1522,customer1522@example.com,KR,consumer,2021-07-05T00:00:00
CUST-01523,Customer 1523,customer1523@example.com,FR,mid-market,2021-10-29T00:00:00
CUST-01524,Customer 1524,customer1524@example.com,BR,consumer,2021-12-02T00:00:00
CUST-01525,Customer 1525,customer1525@example.com,BR,enterprise,2020-12-30T00:00:00
CUST-01526,Customer 1526,customer1526@example.com,US,mid-market,2020-10-16T00:00:00
CUST-01527,Customer 1527,customer1527@example.com,US,enterprise,2023-08-24T00:00:00
CUST-01528,Customer 1528,customer1528@example.com,FR,small-business,2020-03-19T00:00:00
CUST-01529,Customer 1529,customer1529@example.com,JP,mid-market,2020-10-23T00:00:00
CUST-01530,Customer 1530,customer1530@example.com,FR,small-business,2020-05-14T00:00:00
CUST-01531,Customer 1531,customer1531@example.com,JP,mid-market,2022-03-24T00:00:00
CUST-01532,Customer 1532,customer1532@example.com,DE,enterprise,2023-08-24T00:00:00
CUST-01533,Customer 1533,customer1533@example.com,FR,small-business,2020-04-21T00:00:00
CUST-01534,Customer 1534,customer1534@example.com,DE,mid-market,2021-08-22T00:00:00
CUST-01535,Customer 1535,customer1535@example.com,DE,consumer,2020-05-13T00:00:00
CUST-01536,Customer 1536,customer1536@example.com,US,consumer,2021-10-27T00:00:00
CUST-01537,Customer 1537,customer1537@example.com,AU,small-business,2020-03-10T00:00:00
CUST-01538,Customer 1538,customer1538@example.com,IN,small-business,2023-06-12T00:00:00
CUST-01539,Customer 1539,customer1539@example.com,CA,consumer,2023-02-10T00:00:00
CUST-01540,Customer 1540,customer1540@example.com,AU,small-business,2022-05-27T00:00:00
CUST-01541,Customer 1541,customer1541@example.com,JP,enterprise,2021-04-03T00:00:00
CUST-01542,Customer 1542,customer1542@example.com,BR,consumer,2021-03-15T00:00:00
CUST-01543,Customer 1543,customer1543@example.com,FR,consumer,2022-04-23T00:00:00
CUST-01544,Customer 1544,customer1544@example.com,CA,enterprise,2023-01-10T00:00:00
CUST-01545,Customer 1545,customer1545@example.com,DE,enterprise,2021-09-04T00:00:00
CUST-01546,Customer 1546,customer1546@example.com,UK,mid-market,2021-08-01T00:00:00
CUST-01547,Customer 1547,customer1547@example.com,IN,enterprise,2020-09-15T00:00:00
CUST-01548,Customer 1548,customer1548@example.com,JP,consumer,2020-09-28T00:00:00
CUST-01549,Customer 1549,customer1549@example.com,DE,mid-market,2022-05-08T00:00:00
CUST-01550,Customer 1550,customer1550@example.com,KR,enterprise,2023-04-04T00:00:00
CUST-01551,Customer 1551,customer1551@example.com,UK,mid-market,2020-07-11T00:00:00
CUST-01552,Customer 1552,customer1552@example.com,JP,mid-market,2022-10-06T00:00:00
CUST-01553,Customer 1553,customer1553@example.com,FR,mid-market,2020-07-23T00:00:00
CUST-01554,Customer 1554,customer1554@example.com,BR,consumer,2020-10-30T00:00:00
CUST-01555,Customer 1555,customer1555@example.com,UK,enterprise,2023-12-16T00:00:00
CUST-01556,Customer 1556,customer1556@example.com,AU,small-business,2021-03-10T00:00:00
CUST-01557,Customer 1557,customer1557@example.com,CA,consumer,2023-07-27T00:00:00
CUST-01558,Customer 1558,customer1558@example.com,US,small-business,2020-01-31T00:00:00
CUST-01559,Customer 1559,customer1559@example.com,FR,small-business,2021-04-14T00:00:00
CUST-01560,Customer 1560,customer1560@example.com,DE,small-business,2020-11-27T00:00:00
CUST-01561,Customer 1561,customer1561@example.com,KR,mid-market,2023-09-21T00:00:00
CUST-01562,Customer 1562,customer1562@example.com,IN,mid-market,2020-04-28T00:00:00
CUST-01563,Customer 1563,customer1563@example.com,CA,consumer,2021-03-06T00:00:00
CUST-01564,Customer 1564,customer1564@example.com,JP,small-business,2020-02-19T00:00:00
CUST-01565,Customer 1565,customer1565@example.com,FR,mid-market,2021-02-13T00:00:00
CUST-01566,Customer 1566,customer1566@example.com,US,enterprise,2022-07-09T00:00:00
CUST-01567,Customer 1567,customer1567@example.com,FR,consumer,2022-04-01T00:00:00
CUST-01568,Customer 1568,customer1568@example.com,FR,consumer,2023-08-16T00:00:00
CUST-01569,Customer 1569,customer1569@example.com,CA,consumer,2020-04-22T00:00:00
CUST-01570,Customer 1570,customer1570@example.com,AU,enterprise,2020-05-15T00:00:00
CUST-01571,Customer 1571,customer1571@example.com,JP,enterprise,2023-06-16T00:00:00
CUST-01572,Customer 1572,customer1572@example.com,FR,small-business,2020-07-21T00:00:00
CUST-01573,Customer 1573,customer1573@example.com,FR,mid-market,2022-06-09T00:00:00
CUST-01574,Customer 1574,customer1574@example.com,IN,mid-market,2022-05-15T00:00:00
CUST-01575,Customer 1575,customer1575@example.com,AU,small-business,2022-09-26T00:00:00
CUST-01576,Customer 1576,customer1576@example.com,IN,enterprise,2022-06-25T00:00:00
CUST-01577,Customer 1577,customer1577@example.com,UK,enterprise,2023-03-14T00:00:00
CUST-01578,Customer 1578,customer1578@example.com,KR,enterprise,2020-01-10T00:00:00
CUST-01579,Customer 1579,customer1579@example.com,FR,enterprise,2023-11-15T00:00:00
CUST-01580,Customer 1580,customer1580@example.com,KR,consumer,2023-07-07T00:00:00
CUST-01581,Customer 1581,customer1581@example.com,FR,mid-market,2023-11-02T00:00:00
CUST-01582,Customer 1582,customer1582@example.com,IN,enterprise,2022-01-12T00:00:00
CUST-01583,Customer 1583,customer1583@example.com,UK,small-business,2020-04-07T00:00:00
CUST-01584,Customer 1584,customer1584@example.com,US,consumer,2022-07-08T00:00:00
CUST-01585,Customer 1585,customer1585@example.com,CA,mid-market,2022-05-12T00:00:00
CUST-01586,Customer 1586,customer1586@example.com,FR,consumer,2021-01-25T00:00:00
CUST-01587,Customer 1587,customer1587@example.com,FR,mid-market,2021-01-03T00:00:00
CUST-01588,Customer 1588,customer1588@example.com,JP,enterprise,2023-03-18T00:00:00
CUST-01589,Customer 1589,customer1589@example.com,CA,enterprise,2022-09-18T00:00:00
CUST-01590,Customer 1590,customer1590@example.com,AU,enterprise,2021-04-23T00:00:00
CUST-01591,Customer 1591,customer1591@example.com,FR,consumer,2022-03-11T00:00:00
CUST-01592,Customer 1592,customer1592@example.com,KR,mid-market,2021-06-11T00:00:00
CUST-01593,Customer 1593,customer1593@example.com,AU,consumer,2022-05-12T00:00:00
CUST-01594,Customer 1594,customer1594@example.com,AU,mid-market,2022-10-18T00:00:00
CUST-01595,Customer 1595,customer1595@example.com,CA,mid-market,2023-04-27T00:00:00
CUST-01596,Customer 1596,customer1596@example.com,UK,consumer,2022-12-25T00:00:00
CUST-01597,Customer 1597,customer1597@example.com,CA,small-business,2020-08-20T00:00:00
CUST-01598,Customer 1598,customer1598@example.com,UK,consumer,2023-12-06T00:00:00
CUST-01599,Customer 1599,customer1599@example.com,CA,enterprise,2020-09-29T00:00:00
CUST-01600,Customer 1600,customer1600@example.com,JP,consumer,2022-08-26T00:00:00
CUST-01601,Customer 1601,customer1601@example.com,CA,consumer,2020-04-19T00:00:00
CUST-01602,Customer 1602,customer1602@example.com,AU,enterprise,2022-03-03T00:00:00
CUST-01603,Customer 1603,customer1603@example.com,UK,enterprise,2021-11-05T00:00:00
CUST-01604,Customer 1604,customer1604@example.com,BR,small-business,2023-11-10T00:00:00
CUST-01605,Customer 1605,customer1605@example.com,JP,small-business,2020-12-24T00:00:00
CUST-01606,Customer 1606,customer1606@example.com,BR,consumer,2023-08-17T00:00:00
CUST-01607,Customer 1607,customer1607@example.com,BR,consumer,2020-07-24T00:00:00
CUST-01608,Customer 1608,customer1608@example.com,IN,mid-market,2022-06-24T00:00:00
CUST-01609,Customer 1609,customer1609@example.com,AU,small-business,2022-01-11T00:00:00
CUST-01610,Customer 1610,customer1610@example.com,IN,small-business,2020-02-10T00:00:00
CUST-01611,Customer 1611,customer1611@example.com,CA,mid-market,2023-10-05T00:00:00
CUST-01612,Customer 1612,customer1612@example.com,DE,small-business,2021-08-12T00:00:00
CUST-01613,Customer 1613,customer1613@example.com,US,enterprise,2020-07-31T00:00:00
CUST-01614,Customer 1614,customer1614@example.com,UK,enterprise,2020-01-18T00:00:00
CUST-01615,Customer 1615,customer1615@example.com,KR,consumer,2022-01-21T00:00:00
CUST-01616,Customer 1616,customer1616@example.com,IN,small-business,2021-10-28T00:00:00
CUST-01617,Customer 1617,customer1617@example.com,IN,mid-market,2021-01-29T00:00:00
CUST-01618,Customer 1618,customer1618@example.com,BR,mid-market,2021-12-08T00:00:00
CUST-01619,Customer 1619,customer1619@example.com,US,small-business,2021-04-25T00:00:00
CUST-01620,Customer 1620,customer1620@example.com,BR,small-business,2021-01-01T00:00:00
CUST-01621,Customer 1621,customer1621@example.com,BR,consumer,2020-03-21T00:00:00
CUST-01622,Customer 1622,customer1622@example.com,AU,small-business,2021-09-12T00:00:00
CUST-01623,Customer 1623,customer1623@example.com,BR,enterprise,2023-10-16T00:00:00
CUST-01624,Customer 1624,customer1624@example.com,CA,mid-market,2020-07-05T00:00:00
CUST-01625,Customer 1625,customer1625@example.com,AU,consumer,2020-01-24T00:00:00
CUST-01626,Customer 1626,customer1626@example.com,CA,small-business,2023-05-07T00:00:00
CUST-01627,Customer 1627,customer1627@example.com,IN,enterprise,2020-05-28T00:00:00
CUST-01628,Customer 1628,customer1628@example.com,DE,mid-market,2020-06-20T00:00:00
CUST-01629,Customer 1629,customer1629@example.com,FR,mid-market,2020-10-19T00:00:00
CUST-01630,Customer 1630,customer1630@example.com,UK,consumer,2023-07-16T00:00:00
CUST-01631,Customer 1631,customer1631@example.com,DE,mid-market,2022-11-23T00:00:00
CUST-01632,Customer 1632,customer1632@example.com,JP,enterprise,2023-03-21T00:00:00
CUST-01633,Customer 1633,customer1633@example.com,IN,consumer,2021-10-14T00:00:00
CUST-01634,Customer 1634,customer1634@example.com,US,enterprise,2022-12-17T00:00:00
CUST-01635,Customer 1635,customer1635@example.com,KR,enterprise,2020-11-28T00:00:00
CUST-01636,Customer 1636,customer1636@example.com,CA,small-business,2022-12-28T00:00:00
CUST-01637,Customer 1637,customer1637@example.com,JP,enterprise,2020-10-01T00:00:00
CUST-01638,Customer 1638,customer1638@example.com,JP,mid-market,2022-09-15T00:00:00
CUST-01639,Customer 1639,customer1639@example.com,DE,consumer,2022-06-11T00:00:00
CUST-01640,Customer 1640,customer1640@example.com,IN,mid-market,2020-08-02T00:00:00
CUST-01641,Customer 1641,customer1641@example.com,CA,small-business,2023-03-04T00:00:00
CUST-01642,Customer 1642,customer1642@example.com,FR,consumer,2021-08-11T00:00:00
CUST-01643,Customer 1643,customer1643@example.com,JP,enterprise,2022-05-23T00:00:00
CUST-01644,Customer 1644,customer1644@example.com,US,small-business,2020-03-13T00:00:00
CUST-01645,Customer 1645,customer1645@example.com,UK,enterprise,2022-03-06T00:00:00
CUST-01646,Customer 1646,customer1646@example.com,US,mid-market,2021-04-16T00:00:00
CUST-01647,Customer 1647,customer1647@example.com,JP,consumer,2022-04-17T00:00:00
CUST-01648,Customer 1648,customer1648@example.com,DE,mid-market,2023-10-10T00:00:00
CUST-01649,Customer 1649,customer1649@example.com,CA,consumer,2022-01-07T00:00:00
CUST-01650,Customer 1650,customer1650@example.com,IN,small-business,2021-11-01T00:00:00
CUST-01651,Customer 1651,customer1651@example.com,KR,enterprise,2021-10-17T00:00:00
CUST-01652,Customer 1652,customer1652@example.com,IN,small-business,2022-09-25T00:00:00
CUST-01653,Customer 1653,customer1653@example.com,DE,mid-market,2023-05-31T00:00:00
CUST-01654,Customer 1654,customer1654@example.com,JP,consumer,2021-04-13T00:00:00
CUST-01655,Customer 1655,customer1655@example.com,US,consumer,2020-04-11T00:00:00
CUST-01656,Customer 1656,customer1656@example.com,AU,consumer,2023-06-17T00:00:00
CUST-01657,Customer 1657,customer1657@example.com,CA,mid-market,2022-08-12T00:00:00
CUST-01658,Customer 1658,customer1658@example.com,CA,enterprise,2021-10-12T00:00:00
CUST-01659,Customer 1659,customer1659@example.com,BR,consumer,2023-12-09T00:00:00
CUST-01660,Customer 1660,customer1660@example.com,DE,consumer,2022-03-18T00:00:00
CUST-01661,Customer 1661,customer1661@example.com,CA,mid-market,2021-09-07T00:00:00
CUST-01662,Customer 1662,customer1662@example.com,DE,small-business,2020-03-16T00:00:00
CUST-01663,Customer 1663,customer1663@example.com,UK,enterprise,2021-07-19T00:00:00
CUST-01664,Customer 1664,customer1664@example.com,KR,small-business,2021-01-02T00:00:00
CUST-01665,Customer 1665,customer1665@example.com,JP,mid-market,2020-02-07T00:00:00
CUST-01666,Customer 1666,customer1666@example.com,DE,small-business,2020-05-08T00:00:00
CUST-01667,Customer 1667,customer1667@example.com,DE,enterprise,2022-01-26T00:00:00
CUST-01668,Customer 1668,customer1668@example.com,DE,small-business,2023-01-29T00:00:00
CUST-01669,Customer 1669,customer1669@example.com,US,small-business,2021-08-20T00:00:00
CUST-01670,Customer 1670,customer1670@example.com,DE,consumer,2021-12-23T00:00:00
CUST-01671,Customer 1671,customer1671@example.com,IN,mid-market,2020-03-05T00:00:00
CUST-01672,Customer 1672,customer1672@example.com,FR,mid-market,2022-03-12T00:00:00
CUST-01673,Customer 1673,customer1673@example.com,BR,consumer,2021-04-05T00:00:00
CUST-01674,Customer 1674,customer1674@example.com,UK,enterprise,2022-04-11T00:00:00
CUST-01675,Customer 1675,customer1675@example.com,BR,mid-market,2023-08-16T00:00:00
CUST-01676,Customer 1676,customer1676@example.com,KR,mid-market,2022-04-24T00:00:00
CUST-01677,Customer 1677,customer1677@example.com,BR,small-business,2023-12-07T00:00:00
CUST-01678,Customer 1678,customer1678@example.com,AU,mid-market,2021-07-21T00:00:00
CUST-01679,Customer 1679,customer1679@example.com,DE,enterprise,2021-04-17T00:00:00
CUST-01680,Customer 1680,customer1680@example.com,FR,mid-market,2020-11-05T00:00:00
CUST-01681,Customer 1681,customer1681@example.com,IN,mid-market,2020-09-15T00:00:00
CUST-01682,Customer 1682,customer1682@example.com,AU,enterprise,2023-10-04T00:00:00
CUST-01683,Customer 1683,customer1683@example.com,BR,consumer,2021-04-09T00:00:00
CUST-01684,Customer 1684,customer1684@example.com,AU,mid-market,2023-04-18T00:00:00
CUST-01685,Customer 1685,customer1685@example.com,UK,mid-market,2022-10-18T00:00:00
CUST-01686,Customer 1686,customer1686@example.com,AU,enterprise,2022-11-09T00:00:00
CUST-01687,Customer 1687,customer1687@example.com,IN,mid-market,2023-02-17T00:00:00
CUST-01688,Customer 1688,customer1688@example.com,KR,consumer,2022-06-08T00:00:00
CUST-01689,Customer 1689,customer1689@example.com,JP,mid-market,2022-04-30T00:00:00
CUST-01690,Customer 1690,customer1690@example.com,KR,small-business,2023-06-27T00:00:00
CUST-01691,Customer 1691,customer1691@example.com,BR,mid-market,2020-10-01T00:00:00
CUST-01692,Customer 1692,customer1692@example.com,BR,consumer,2021-12-06T00:00:00
CUST-01693,Customer 1693,customer1693@example.com,CA,small-business,2023-06-08T00:00:00
CUST-01694,Customer 1694,customer1694@example.com,JP,enterprise,2020-03-14T00:00:00
CUST-01695,Customer 1695,customer1695@example.com,UK,mid-market,2021-11-05T00:00:00
CUST-01696,Customer 1696,customer1696@example.com,AU,mid-market,2021-09-11T00:00:00
CUST-01697,Customer 1697,customer1697@example.com,CA,small-business,2021-04-19T00:00:00
CUST-01698,Customer 1698,customer1698@example.com,BR,consumer,2020-04-11T00:00:00
CUST-01699,Customer 1699,customer1699@example.com,UK,enterprise,2022-03-17T00:00:00
CUST-01700,Customer 1700,customer1700@example.com,IN,mid-market,2021-09-17T00:00:00
CUST-01701,Customer 1701,customer1701@example.com,JP,enterprise,2022-01-30T00:00:00
CUST-01702,Customer 1702,customer1702@example.com,JP,enterprise,2021-01-05T00:00:00
CUST-01703,Customer 1703,customer1703@example.com,AU,mid-market,2023-07-03T00:00:00
CUST-01704,Customer 1704,customer1704@example.com,DE,enterprise,2022-09-13T00:00:00
CUST-01705,Customer 1705,customer1705@example.com,DE,mid-market,2023-07-20T00:00:00
CUST-01706,Customer 1706,customer1706@example.com,CA,consumer,2021-10-07T00:00:00
CUST-01707,Customer 1707,customer1707@example.com,DE,small-business,2020-11-09T00:00:00
CUST-01708,Customer 1708,customer1708@example.com,JP,enterprise,2023-07-28T00:00:00
CUST-01709,Customer 1709,customer1709@example.com,IN,enterprise,2021-01-18T00:00:00
CUST-01710,Customer 1710,customer1710@example.com,UK,consumer,2020-08-31T00:00:00
CUST-01711,Customer 1711,customer1711@example.com,CA,mid-market,2020-10-28T00:00:00
CUST-01712,Customer 1712,customer1712@example.com,US,consumer,2020-10-26T00:00:00
CUST-01713,Customer 1713,customer1713@example.com,CA,small-business,2022-11-02T00:00:00
CUST-01714,Customer 1714,customer1714@example.com,CA,mid-market,2021-11-17T00:00:00
CUST-01715,Customer 1715,customer1715@example.com,FR,small-business,2021-06-14T00:00:00
CUST-01716,Customer 1716,customer1716@example.com,FR,mid-market,2023-12-24T00:00:00
CUST-01717,Customer 1717,customer1717@example.com,JP,enterprise,2020-05-17T00:00:00
CUST-01718,Customer 1718,customer1718@example.com,JP,mid-market,2022-12-06T00:00:00
CUST-01719,Customer 1719,customer1719@example.com,FR,enterprise,2021-11-14T00:00:00
CUST-01720,Customer 1720,customer1720@example.com,US,mid-market,2023-01-04T00:00:00
CUST-01721,Customer 1721,customer1721@example.com,AU,enterprise,2020-04-10T00:00:00
CUST-01722,Customer 1722,customer1722@example.com,JP,small-business,2021-11-08T00:00:00
CUST-01723,Customer 1723,customer1723@example.com,KR,enterprise,2020-10-30T00:00:00
CUST-01724,Customer 1724,customer1724@example.com,US,small-business,2021-07-28T00:00:00
CUST-01725,Customer 1725,customer1725@example.com,US,mid-market,2023-03-12T00:00:00
CUST-01726,Customer 1726,customer1726@example.com,US,consumer,2023-11-27T00:00:00
CUST-01727,Customer 1727,customer1727@example.com,AU,small-business,2020-09-07T00:00:00
CUST-01728,Customer 1728,customer1728@example.com,DE,mid-market,2020-12-22T00:00:00
CUST-01729,Customer 1729,customer1729@example.com,IN,mid-market,2020-09-03T00:00:00
CUST-01730,Customer 1730,customer1730@example.com,UK,enterprise,2022-07-24T00:00:00
CUST-01731,Customer 1731,customer1731@example.com,IN,mid-market,2023-03-13T00:00:00
CUST-01732,Customer 1732,customer1732@example.com,DE,enterprise,2020-08-05T00:00:00
CUST-01733,Customer 1733,customer1733@example.com,FR,enterprise,2020-09-10T00:00:00
CUST-01734,Customer 1734,customer1734@example.com,BR,small-business,2022-06-20T00:00:00
CUST-01735,Customer 1735,customer1735@example.com,DE,consumer,2021-12-02T00:00:00
CUST-01736,Customer 1736,customer1736@example.com,UK,small-business,2022-01-30T00:00:00
CUST-01737,Customer 1737,customer1737@example.com,KR,consumer,2023-12-18T00:00:00
CUST-01738,Customer 1738,customer1738@example.com,UK,consumer,2023-03-12T00:00:00
CUST-01739,Customer 1739,customer1739@example.com,BR,small-business,2021-03-16T00:00:00
CUST-01740,Customer 1740,customer1740@example.com,CA,small-business,2022-12-18T00:00:00
CUST-01741,Customer 1741,customer1741@example.com,CA,small-business,2021-08-02T00:00:00
CUST-01742,Customer 1742,customer1742@example.com,JP,small-business,2021-12-27T00:00:00
CUST-01743,Customer 1743,customer1743@example.com,BR,enterprise,2022-01-06T00:00:00
CUST-01744,Customer 1744,customer1744@example.com,IN,enterprise,2023-06-02T00:00:00
CUST-01745,Customer 1745,customer1745@example.com,DE,enterprise,2023-10-12T00:00:00
CUST-01746,Customer 1746,customer1746@example.com,US,mid-market,2023-04-07T00:00:00
CUST-01747,Customer 1747,customer1747@example.com,JP,small-business,2021-06-29T00:00:00
CUST-01748,Customer 1748,customer1748@example.com,KR,mid-market,2023-09-28T00:00:00
CUST-01749,Customer 1749,customer1749@example.com,KR,small-business,2022-04-30T00:00:00
CUST-01750,Customer 1750,customer1750@example.com,DE,consumer,2023-07-23T00:00:00
CUST-01751,Customer 1751,customer1751@example.com,JP,small-business,2021-04-04T00:00:00
CUST-01752,Customer 1752,customer1752@example.com,KR,consumer,2020-06-12T00:00:00
CUST-01753,Customer 1753,customer1753@example.com,CA,small-business,2022-04-08T00:00:00
CUST-01754,Customer 1754,customer1754@example.com,FR,enterprise,2023-07-31T00:00:00
CUST-01755,Customer 1755,customer1755@example.com,JP,mid-market,2021-08-02T00:00:00
CUST-01756,Customer 1756,customer1756@example.com,UK,consumer,2020-11-20T00:00:00
CUST-01757,Customer 1757,customer1757@example.com,CA,mid-market,2020-02-01T00:00:00
CUST-01758,Customer 1758,customer1758@example.com,KR,mid-market,2020-04-05T00:00:00
CUST-01759,Customer 1759,customer1759@example.com,UK,consumer,2021-06-27T00:00:00
CUST-01760,Customer 1760,customer1760@example.com,UK,enterprise,2023-07-01T00:00:00
CUST-01761,Customer 1761,customer1761@example.com,IN,enterprise,2020-10-27T00:00:00
CUST-01762,Customer 1762,customer1762@example.com,IN,consumer,2023-12-14T00:00:00
CUST-01763,Customer 1763,customer1763@example.com,UK,mid-market,2021-03-07T00:00:00
CUST-01764,Customer 1764,customer1764@example.com,BR,mid-market,2021-01-08T00:00:00
CUST-01765,Customer 1765,customer1765@example.com,JP,consumer,2022-06-01T00:00:00
CUST-01766,Customer 1766,customer1766@example.com,JP,enterprise,2021-02-20T00:00:00
CUST-01767,Customer 1767,customer1767@example.com,UK,small-business,2023-10-23T00:00:00
CUST-01768,Customer 1768,customer1768@example.com,CA,mid-market,2023-02-24T00:00:00
CUST-01769,Customer 1769,customer1769@example.com,US,enterprise,2022-06-15T00:00:00
CUST-01770,Customer 1770,customer1770@example.com,US,consumer,2023-10-13T00:00:00
CUST-01771,Customer 1771,customer1771@example.com,FR,enterprise,2021-12-09T00:00:00
CUST-01772,Customer 1772,customer1772@example.com,AU,mid-market,2022-08-08T00:00:00
CUST-01773,Customer 1773,customer1773@example.com,JP,mid-market,2021-11-25T00:00:00
CUST-01774,Customer 1774,customer1774@example.com,DE,consumer,2021-08-18T00:00:00
CUST-01775,Customer 1775,customer1775@example.com,AU,mid-market,2021-10-19T00:00:00
CUST-01776,Customer 1776,customer1776@example.com,JP,consumer,2020-08-17T00:00:00
CUST-01777,Customer 1777,customer1777@example.com,CA,small-business,2021-07-02T00:00:00
CUST-01778,Customer 1778,customer1778@example.com,UK,consumer,2023-11-25T00:00:00
CUST-01779,Customer 1779,customer1779@example.com,US,enterprise,2022-10-01T00:00:00
CUST-01780,Customer 1780,customer1780@example.com,AU,mid-market,2022-10-31T00:00:00
CUST-01781,Customer 1781,customer1781@example.com,JP,consumer,2023-05-23T00:00:00
CUST-01782,Customer 1782,customer1782@example.com,DE,consumer,2022-05-28T00:00:00
CUST-01783,Customer 1783,customer1783@example.com,DE,small-business,2020-04-13T00:00:00
CUST-01784,Customer 1784,customer1784@example.com,BR,small-business,2021-12-19T00:00:00
CUST-01785,Customer 1785,customer1785@example.com,US,small-business,2022-07-29T00:00:00
CUST-01786,Customer 1786,customer1786@example.com,AU,small-business,2020-12-02T00:00:00
CUST-01787,Customer 1787,customer1787@example.com,FR,small-business,2020-02-29T00:00:00
CUST-01788,Customer 1788,customer1788@example.com,IN,consumer,2022-09-09T00:00:00
CUST-01789,Customer 1789,customer1789@example.com,DE,mid-market,2022-09-14T00:00:00
CUST-01790,Customer 1790,customer1790@example.com,KR,mid-market,2021-07-19T00:00:00
CUST-01791,Customer 1791,customer1791@example.com,FR,small-business,2023-04-19T00:00:00
CUST-01792,Customer 1792,customer1792@example.com,UK,mid-market,2021-08-01T00:00:00
CUST-01793,Customer 1793,customer1793@example.com,FR,enterprise,2020-05-14T00:00:00
CUST-01794,Customer 1794,customer1794@example.com,UK,consumer,2020-01-30T00:00:00
CUST-01795,Customer 1795,customer1795@example.com,DE,small-business,2023-09-15T00:00:00
CUST-01796,Customer 1796,customer1796@example.com,US,enterprise,2022-08-21T00:00:00
CUST-01797,Customer 1797,customer1797@example.com,AU,consumer,2023-06-04T00:00:00
CUST-01798,Customer 1798,customer1798@example.com,FR,mid-market,2022-03-20T00:00:00
CUST-01799,Customer 1799,customer1799@example.com,UK,enterprise,2020-10-19T00:00:00
CUST-01800,Customer 1800,customer1800@example.com,UK,small-business,2023-03-05T00:00:00
CUST-01801,Customer 1801,customer1801@example.com,US,consumer,2023-04-05T00:00:00
CUST-01802,Customer 1802,customer1802@example.com,UK,mid-market,2022-03-21T00:00:00
CUST-01803,Customer 1803,customer1803@example.com,DE,enterprise,2023-12-03T00:00:00
CUST-01804,Customer 1804,customer1804@example.com,FR,enterprise,2023-10-23T00:00:00
CUST-01805,Customer 1805,customer1805@example.com,DE,consumer,2021-11-29T00:00:00
CUST-01806,Customer 1806,customer1806@example.com,US,consumer,2023-05-16T00:00:00
CUST-01807,Customer 1807,customer1807@example.com,UK,mid-market,2021-08-16T00:00:00
CUST-01808,Customer 1808,customer1808@example.com,KR,mid-market,2021-11-18T00:00:00
CUST-01809,Customer 1809,customer1809@example.com,US,consumer,2021-02-16T00:00:00
CUST-01810,Customer 1810,customer1810@example.com,JP,small-business,2022-02-19T00:00:00
CUST-01811,Customer 1811,customer1811@example.com,KR,consumer,2020-04-21T00:00:00
CUST-01812,Customer 1812,customer1812@example.com,JP,mid-market,2021-07-13T00:00:00
CUST-01813,Customer 1813,customer1813@example.com,JP,small-business,2021-09-19T00:00:00
CUST-01814,Customer 1814,customer1814@example.com,KR,mid-market,2023-04-29T00:00:00
CUST-01815,Customer 1815,customer1815@example.com,BR,consumer,2023-12-30T00:00:00
CUST-01816,Customer 1816,customer1816@example.com,IN,consumer,2021-08-09T00:00:00
CUST-01817,Customer 1817,customer1817@example.com,CA,small-business,2021-01-22T00:00:00
CUST-01818,Customer 1818,customer1818@example.com,IN,small-business,2020-03-11T00:00:00
CUST-01819,Customer 1819,customer1819@example.com,US,consumer,2020-03-10T00:00:00
CUST-01820,Customer 1820,customer1820@example.com,IN,mid-market,2022-12-19T00:00:00
CUST-01821,Customer 1821,customer1821@example.com,UK,small-business,2023-06-08T00:00:00
CUST-01822,Customer 1822,customer1822@example.com,US,enterprise,2022-07-23T00:00:00
CUST-01823,Customer 1823,customer1823@example.com,IN,small-business,2023-09-23T00:00:00
CUST-01824,Customer 1824,customer1824@example.com,FR,enterprise,2021-11-09T00:00:00
CUST-01825,Customer 1825,customer1825@example.com,FR,mid-market,2021-09-21T00:00:00
CUST-01826,Customer 1826,customer1826@example.com,AU,enterprise,2023-09-02T00:00:00
CUST-01827,Customer 1827,customer1827@example.com,DE,enterprise,2023-11-14T00:00:00
CUST-01828,Customer 1828,customer1828@example.com,BR,consumer,2021-11-02T00:00:00
CUST-01829,Customer 1829,customer1829@example.com,UK,mid-market,2022-05-28T00:00:00
CUST-01830,Customer 1830,customer1830@example.com,FR,mid-market,2022-05-17T00:00:00
CUST-01831,Customer 1831,customer1831@example.com,JP,mid-market,2023-06-06T00:00:00
CUST-01832,Customer 1832,customer1832@example.com,JP,small-business,2021-05-17T00:00:00
CUST-01833,Customer 1833,customer1833@example.com,US,enterprise,2020-09-30T00:00:00
CUST-01834,Customer 1834,customer1834@example.com,CA,mid-market,2021-12-07T00:00:00
CUST-01835,Customer 1835,customer1835@example.com,AU,mid-market,2022-08-14T00:00:00
CUST-01836,Customer 1836,customer1836@example.com,CA,enterprise,2023-01-01T00:00:00
CUST-01837,Customer 1837,customer1837@example.com,DE,mid-market,2023-02-22T00:00:00
CUST-01838,Customer 1838,customer1838@example.com,BR,enterprise,2021-05-13T00:00:00
CUST-01839,Customer 1839,customer1839@example.com,FR,consumer,2023-03-29T00:00:00
CUST-01840,Customer 1840,customer1840@example.com,UK,small-business,2021-05-18T00:00:00
CUST-01841,Customer 1841,customer1841@example.com,US,small-business,2020-12-01T00:00:00
CUST-01842,Customer 1842,customer1842@example.com,AU,consumer,2020-10-27T00:00:00
CUST-01843,Customer 1843,customer1843@example.com,AU,enterprise,2022-02-15T00:00:00
CUST-01844,Customer 1844,customer1844@example.com,KR,enterprise,2023-12-05T00:00:00
CUST-01845,Customer 1845,customer1845@example.com,KR,small-business,2021-02-10T00:00:00
CUST-01846,Customer 1846,customer1846@example.com,UK,small-business,2020-01-21T00:00:00
CUST-01847,Customer 1847,customer1847@example.com,CA,enterprise,2022-10-19T00:00:00
CUST-01848,Customer 1848,customer1848@example.com,UK,mid-market,2022-05-03T00:00:00
CUST-01849,Customer 1849,customer1849@example.com,IN,small-business,2023-07-22T00:00:00
CUST-01850,Customer 1850,customer1850@example.com,IN,small-business,2023-06-24T00:00:00
CUST-01851,Customer 1851,customer1851@example.com,KR,enterprise,2022-08-12T00:00:00
CUST-01852,Customer 1852,customer1852@example.com,DE,mid-market,2020-12-02T00:00:00
CUST-01853,Customer 1853,customer1853@example.com,UK,small-business,2021-02-14T00:00:00
CUST-01854,Customer 1854,customer1854@example.com,FR,mid-market,2023-02-21T00:00:00
CUST-01855,Customer 1855,customer1855@example.com,JP,enterprise,2020-02-27T00:00:00
CUST-01856,Customer 1856,customer1856@example.com,KR,small-business,2020-07-03T00:00:00
CUST-01857,Customer 1857,customer1857@example.com,FR,mid-market,2023-07-23T00:00:00
CUST-01858,Customer 1858,customer1858@example.com,UK,enterprise,2023-04-02T00:00:00
CUST-01859,Customer 1859,customer1859@example.com,US,mid-market,2021-01-05T00:00:00
CUST-01860,Customer 1860,customer1860@example.com,BR,mid-market,2020-08-13T00:00:00
CUST-01861,Customer 1861,customer1861@example.com,US,mid-market,2022-11-26T00:00:00
CUST-01862,Customer 1862,customer1862@example.com,JP,enterprise,2020-08-06T00:00:00
CUST-01863,Customer 1863,customer1863@example.com,IN,small-business,2020-05-10T00:00:00
CUST-01864,Customer 1864,customer1864@example.com,AU,small-business,2023-12-02T00:00:00
CUST-01865,Customer 1865,customer1865@example.com,UK,consumer,2023-07-19T00:00:00
CUST-01866,Customer 1866,customer1866@example.com,FR,enterprise,2020-06-19T00:00:00
CUST-01867,Customer 1867,customer1867@example.com,US,enterprise,2021-02-01T00:00:00
CUST-01868,Customer 1868,customer1868@example.com,US,enterprise,2021-01-06T00:00:00
CUST-01869,Customer 1869,customer1869@example.com,CA,small-business,2021-07-29T00:00:00
CUST-01870,Customer 1870,customer1870@example.com,KR,small-business,2020-01-08T00:00:00
CUST-01871,Customer 1871,customer1871@example.com,DE,mid-market,2022-12-27T00:00:00
CUST-01872,Customer 1872,customer1872@example.com,BR,mid-market,2021-07-02T00:00:00
CUST-01873,Customer 1873,customer1873@example.com,AU,enterprise,2022-07-12T00:00:00
CUST-01874,Customer 1874,customer1874@example.com,FR,consumer,2021-11-09T00:00:00
CUST-01875,Customer 1875,customer1875@example.com,JP,enterprise,2020-10-08T00:00:00
CUST-01876,Customer 1876,customer1876@example.com,DE,enterprise,2023-04-06T00:00:00
CUST-01877,Customer 1877,customer1877@example.com,JP,mid-market,2021-04-02T00:00:00
CUST-01878,Customer 1878,customer1878@example.com,IN,consumer,2020-08-09T00:00:00
CUST-01879,Customer 1879,customer1879@example.com,CA,mid-market,2022-11-25T00:00:00
CUST-01880,Customer 1880,customer1880@example.com,FR,small-business,2022-07-17T00:00:00
CUST-01881,Customer 1881,customer1881@example.com,US,enterprise,2022-10-28T00:00:00
CUST-01882,Customer 1882,customer1882@example.com,JP,enterprise,2022-09-19T00:00:00
CUST-01883,Customer 1883,customer1883@example.com,BR,consumer,2020-01-27T00:00:00
CUST-01884,Customer 1884,customer1884@example.com,DE,small-business,2021-08-02T00:00:00
CUST-01885,Customer 1885,customer1885@example.com,JP,small-business,2021-08-05T00:00:00
CUST-01886,Customer 1886,customer1886@example.com,FR,enterprise,2020-01-22T00:00:00
CUST-01887,Customer 1887,customer1887@example.com,DE,small-business,2021-11-16T00:00:00
CUST-01888,Customer 1888,customer1888@example.com,BR,enterprise,2021-08-25T00:00:00
CUST-01889,Customer 1889,customer1889@example.com,JP,enterprise,2023-04-21T00:00:00
CUST-01890,Customer 1890,customer1890@example.com,BR,enterprise,2022-12-13T00:00:00
CUST-01891,Customer 1891,customer1891@example.com,AU,mid-market,2022-02-18T00:00:00
CUST-01892,Customer 1892,customer1892@example.com,UK,mid-market,2021-08-26T00:00:00
CUST-01893,Customer 1893,customer1893@example.com,JP,small-business,2022-05-28T00:00:00
CUST-01894,Customer 1894,customer1894@example.com,BR,consumer,2022-02-15T00:00:00
CUST-01895,Customer 1895,customer1895@example.com,FR,consumer,2022-01-19T00:00:00
CUST-01896,Customer 1896,customer1896@example.com,CA,enterprise,2022-02-08T00:00:00
CUST-01897,Customer 1897,customer1897@example.com,DE,mid-market,2020-05-28T00:00:00
CUST-01898,Customer 1898,customer1898@example.com,US,small-business,2023-08-05T00:00:00
CUST-01899,Customer 1899,customer1899@example.com,DE,enterprise,2022-04-13T00:00:00
CUST-01900,Customer 1900,customer1900@example.com,CA,mid-market,2022-01-15T00:00:00
CUST-01901,Customer 1901,customer1901@example.com,DE,small-business,2021-04-10T00:00:00
CUST-01902,Customer 1902,customer1902@example.com,FR,mid-market,2022-02-24T00:00:00
CUST-01903,Customer 1903,customer1903@example.com,UK,small-business,2020-08-23T00:00:00
CUST-01904,Customer 1904,customer1904@example.com,IN,small-business,2020-10-24T00:00:00
CUST-01905,Customer 1905,customer1905@example.com,CA,mid-market,2022-07-24T00:00:00
CUST-01906,Customer 1906,customer1906@example.com,CA,enterprise,2020-01-22T00:00:00
CUST-01907,Customer 1907,customer1907@example.com,KR,consumer,2021-10-01T00:00:00
CUST-01908,Customer 1908,customer1908@example.com,JP,small-business,2022-05-15T00:00:00
CUST-01909,Customer 1909,customer1909@example.com,US,mid-market,2021-01-14T00:00:00
CUST-01910,Customer 1910,customer1910@example.com,KR,mid-market,2023-08-27T00:00:00
CUST-01911,Customer 1911,customer1911@example.com,IN,small-business,2022-03-30T00:00:00
CUST-01912,Customer 1912,customer1912@example.com,CA,consumer,2021-12-06T00:00:00
CUST-01913,Customer 1913,customer1913@example.com,BR,enterprise,2022-05-30T00:00:00
CUST-01914,Customer 1914,customer1914@example.com,AU,small-business,2022-09-17T00:00:00
CUST-01915,Customer 1915,customer1915@example.com,US,enterprise,2020-07-15T00:00:00
CUST-01916,Customer 1916,customer1916@example.com,FR,enterprise,2022-08-22T00:00:00
CUST-01917,Customer 1917,customer1917@example.com,CA,mid-market,2020-12-20T00:00:00
CUST-01918,Customer 1918,customer1918@example.com,DE,small-business,2021-05-25T00:00:00
CUST-01919,Customer 1919,customer1919@example.com,CA,small-business,2021-08-04T00:00:00
CUST-01920,Customer 1920,customer1920@example.com,BR,small-business,2021-04-04T00:00:00
CUST-01921,Customer 1921,customer1921@example.com,US,enterprise,2023-07-15T00:00:00
CUST-01922,Customer 1922,customer1922@example.com,UK,small-business,2020-09-22T00:00:00
CUST-01923,Customer 1923,customer1923@example.com,JP,small-business,2022-01-25T00:00:00
CUST-01924,Customer 1924,customer1924@example.com,JP,enterprise,2021-01-13T00:00:00
CUST-01925,Customer 1925,customer1925@example.com,CA,small-business,2021-01-05T00:00:00
CUST-01926,Customer 1926,customer1926@example.com,KR,small-business,2020-05-17T00:00:00
CUST-01927,Customer 1927,customer1927@example.com,BR,enterprise,2021-12-16T00:00:00
CUST-01928,Customer 1928,customer1928@example.com,BR,consumer,2021-04-25T00:00:00
CUST-01929,Customer 1929,customer1929@example.com,KR,small-business,2023-06-03T00:00:00
CUST-01930,Customer 1930,customer1930@example.com,US,small-business,2020-06-28T00:00:00
CUST-01931,Customer 1931,customer1931@example.com,UK,consumer,2020-05-04T00:00:00
CUST-01932,Customer 1932,customer1932@example.com,FR,enterprise,2020-06-11T00:00:00
CUST-01933,Customer 1933,customer1933@example.com,CA,small-business,2021-06-20T00:00:00
CUST-01934,Customer 1934,customer1934@example.com,KR,enterprise,2023-07-27T00:00:00
CUST-01935,Customer 1935,customer1935@example.com,FR,consumer,2023-12-17T00:00:00
CUST-01936,Customer 1936,customer1936@example.com,BR,consumer,2020-06-13T00:00:00
CUST-01937,Customer 1937,customer1937@example.com,CA,small-business,2021-11-06T00:00:00
CUST-01938,Customer 1938,customer1938@example.com,DE,consumer,2020-01-13T00:00:00
CUST-01939,Customer 1939,customer1939@example.com,JP,small-business,2022-07-11T00:00:00
CUST-01940,Customer 1940,customer1940@example.com,BR,small-business,2020-01-27T00:00:00
CUST-01941,Customer 1941,customer1941@example.com,AU,mid-market,2020-12-28T00:00:00
CUST-01942,Customer 1942,customer1942@example.com,US,consumer,2023-06-14T00:00:00
CUST-01943,Customer 1943,customer1943@example.com,JP,small-business,2020-11-03T00:00:00
CUST-01944,Customer 1944,customer1944@example.com,US,mid-market,2023-03-20T00:00:00
CUST-01945,Customer 1945,customer1945@example.com,IN,small-business,2020-08-27T00:00:00
CUST-01946,Customer 1946,customer1946@example.com,IN,small-business,2021-06-15T00:00:00
CUST-01947,Customer 1947,customer1947@example.com,UK,mid-market,2022-09-14T00:00:00
CUST-01948,Customer 1948,customer1948@example.com,CA,mid-market,2023-05-08T00:00:00
CUST-01949,Customer 1949,customer1949@example.com,BR,consumer,2022-04-26T00:00:00
CUST-01950,Customer 1950,customer1950@example.com,JP,small-business,2021-10-02T00:00:00
CUST-01951,Customer 1951,customer1951@example.com,BR,consumer,2023-06-22T00:00:00
CUST-01952,Customer 1952,customer1952@example.com,UK,enterprise,2022-09-13T00:00:00
CUST-01953,Customer 1953,customer1953@example.com,JP,consumer,2022-04-29T00:00:00
CUST-01954,Customer 1954,customer1954@example.com,BR,small-business,2023-10-27T00:00:00
CUST-01955,Customer 1955,customer1955@example.com,FR,consumer,2022-01-13T00:00:00
CUST-01956,Customer 1956,customer1956@example.com,JP,mid-market,2021-06-29T00:00:00
CUST-01957,Customer 1957,customer1957@example.com,CA,consumer,2021-09-04T00:00:00
CUST-01958,Customer 1958,customer1958@example.com,BR,consumer,2023-07-21T00:00:00
CUST-01959,Customer 1959,customer1959@example.com,IN,small-business,2022-04-08T00:00:00
CUST-01960,Customer 1960,customer1960@example.com,KR,mid-market,2020-07-10T00:00:00
CUST-01961,Customer 1961,customer1961@example.com,US,small-business,2020-07-15T00:00:00
CUST-01962,Customer 1962,customer1962@example.com,UK,small-business,2023-03-23T00:00:00
CUST-01963,Customer 1963,customer1963@example.com,IN,consumer,2020-01-30T00:00:00
CUST-01964,Customer 1964,customer1964@example.com,AU,mid-market,2021-12-08T00:00:00
CUST-01965,Customer 1965,customer1965@example.com,FR,small-business,2022-01-07T00:00:00
CUST-01966,Customer 1966,customer1966@example.com,US,consumer,2021-08-14T00:00:00
CUST-01967,Customer 1967,customer1967@example.com,BR,small-business,2022-02-02T00:00:00
CUST-01968,Customer 1968,customer1968@example.com,KR,consumer,2020-12-13T00:00:00
CUST-01969,Customer 1969,customer1969@example.com,US,small-business,2021-08-20T00:00:00
CUST-01970,Customer 1970,customer1970@example.com,KR,enterprise,2020-02-23T00:00:00
CUST-01971,Customer 1971,customer1971@example.com,CA,enterprise,2023-09-11T00:00:00
CUST-01972,Customer 1972,customer1972@example.com,US,consumer,2022-05-23T00:00:00
CUST-01973,Customer 1973,customer1973@example.com,FR,consumer,2022-09-16T00:00:00
CUST-01974,Customer 1974,customer1974@example.com,DE,mid-market,2020-03-27T00:00:00
CUST-01975,Customer 1975,customer1975@example.com,FR,mid-market,2021-10-12T00:00:00
CUST-01976,Customer 1976,customer1976@example.com,CA,small-business,2022-07-07T00:00:00
CUST-01977,Customer 1977,customer1977@example.com,DE,enterprise,2021-07-18T00:00:00
CUST-01978,Customer 1978,customer1978@example.com,US,small-business,2022-12-17T00:00:00
CUST-01979,Customer 1979,customer1979@example.com,IN,consumer,2022-03-30T00:00:00
CUST-01980,Customer 1980,customer1980@example.com,FR,small-business,2020-10-05T00:00:00
CUST-01981,Customer 1981,customer1981@example.com,JP,mid-market,2020-09-15T00:00:00
CUST-01982,Customer 1982,customer1982@example.com,IN,consumer,2020-03-06T00:00:00
CUST-01983,Customer 1983,customer1983@example.com,KR,mid-market,2022-10-10T00:00:00
CUST-01984,Customer 1984,customer1984@example.com,CA,small-business,2022-02-17T00:00:00
CUST-01985,Customer 1985,customer1985@example.com,US,consumer,2020-02-20T00:00:00
CUST-01986,Customer 1986,customer1986@example.com,CA,mid-market,2020-02-18T00:00:00
CUST-01987,Customer 1987,customer1987@example.com,JP,consumer,2022-04-14T00:00:00
CUST-01988,Customer 1988,customer1988@example.com,KR,mid-market,2020-07-10T00:00:00
CUST-01989,Customer 1989,customer1989@example.com,US,enterprise,2022-09-20T00:00:00
CUST-01990,Customer 1990,customer1990@example.com,UK,enterprise,2020-08-29T00:00:00
CUST-01991,Customer 1991,customer1991@example.com,FR,enterprise,2021-11-15T00:00:00
CUST-01992,Customer 1992,customer1992@example.com,UK,small-business,2023-03-25T00:00:00
CUST-01993,Customer 1993,customer1993@example.com,UK,mid-market,2021-03-21T00:00:00
CUST-01994,Customer 1994,customer1994@example.com,DE,small-business,2021-04-12T00:00:00
CUST-01995,Customer 1995,customer1995@example.com,JP,consumer,2021-09-05T00:00:00
CUST-01996,Customer 1996,customer1996@example.com,CA,small-business,2021-09-01T00:00:00
CUST-01997,Customer 1997,customer1997@example.com,AU,enterprise,2021-08-09T00:00:00
CUST-01998,Customer 1998,customer1998@example.com,JP,enterprise,2021-03-01T00:00:00
CUST-01999,Customer 1999,customer1999@example.com,CA,mid-market,2023-04-27T00:00:00
CUST-02000,Customer 2000,customer2000@example.com,AU,consumer,2020-01-06T00:00:00
CUST-02001,Customer 2001,customer2001@example.com,FR,consumer,2023-07-18T00:00:00
CUST-02002,Customer 2002,customer2002@example.com,FR,mid-market,2023-03-13T00:00:00
CUST-02003,Customer 2003,customer2003@example.com,BR,small-business,2020-06-06T00:00:00
CUST-02004,Customer 2004,customer2004@example.com,BR,consumer,2020-09-07T00:00:00
CUST-02005,Customer 2005,customer2005@example.com,IN,enterprise,2023-09-12T00:00:00
CUST-02006,Customer 2006,customer2006@example.com,FR,enterprise,2023-10-14T00:00:00
CUST-02007,Customer 2007,customer2007@example.com,US,small-business,2022-04-23T00:00:00
CUST-02008,Customer 2008,customer2008@example.com,AU,consumer,2022-12-25T00:00:00
CUST-02009,Customer 2009,customer2009@example.com,AU,consumer,2023-09-25T00:00:00
CUST-02010,Customer 2010,customer2010@example.com,JP,consumer,2020-03-28T00:00:00
CUST-02011,Customer 2011,customer2011@example.com,KR,consumer,2020-12-12T00:00:00
CUST-02012,Customer 2012,customer2012@example.com,JP,consumer,2023-10-04T00:00:00
CUST-02013,Customer 2013,customer2013@example.com,FR,consumer,2020-03-07T00:00:00
CUST-02014,Customer 2014,customer2014@example.com,FR,consumer,2020-01-11T00:00:00
CUST-02015,Customer 2015,customer2015@example.com,DE,enterprise,2020-07-23T00:00:00
CUST-02016,Customer 2016,customer2016@example.com,US,consumer,2020-10-10T00:00:00
CUST-02017,Customer 2017,customer2017@example.com,DE,consumer,2022-01-16T00:00:00
CUST-02018,Customer 2018,customer2018@example.com,US,enterprise,2021-10-17T00:00:00
CUST-02019,Customer 2019,customer2019@example.com,BR,enterprise,2022-12-03T00:00:00
CUST-02020,Customer 2020,customer2020@example.com,UK,mid-market,2022-09-22T00:00:00
CUST-02021,Customer 2021,customer2021@example.com,US,mid-market,2021-07-01T00:00:00
CUST-02022,Customer 2022,customer2022@example.com,UK,consumer,2023-01-06T00:00:00
CUST-02023,Customer 2023,customer2023@example.com,CA,mid-market,2021-06-16T00:00:00
CUST-02024,Customer 2024,customer2024@example.com,FR,small-business,2020-03-22T00:00:00
CUST-02025,Customer 2025,customer2025@example.com,UK,mid-market,2023-12-22T00:00:00
CUST-02026,Customer 2026,customer2026@example.com,DE,consumer,2022-04-08T00:00:00
CUST-02027,Customer 2027,customer2027@example.com,AU,small-business,2020-08-10T00:00:00
CUST-02028,Customer 2028,customer2028@example.com,CA,enterprise,2021-05-01T00:00:00
CUST-02029,Customer 2029,customer2029@example.com,US,consumer,2020-05-29T00:00:00
CUST-02030,Customer 2030,customer2030@example.com,FR,consumer,2021-08-26T00:00:00
CUST-02031,Customer 2031,customer2031@example.com,US,mid-market,2022-04-01T00:00:00
CUST-02032,Customer 2032,customer2032@example.com,JP,small-business,2023-11-04T00:00:00
CUST-02033,Customer 2033,customer2033@example.com,AU,enterprise,2022-08-23T00:00:00
CUST-02034,Customer 2034,customer2034@example.com,FR,small-business,2020-10-21T00:00:00
CUST-02035,Customer 2035,customer2035@example.com,IN,small-business,2022-07-03T00:00:00
CUST-02036,Customer 2036,customer2036@example.com,FR,consumer,2023-03-06T00:00:00
CUST-02037,Customer 2037,customer2037@example.com,DE,small-business,2023-11-28T00:00:00
CUST-02038,Customer 2038,customer2038@example.com,BR,mid-market,2022-12-26T00:00:00
CUST-02039,Customer 2039,customer2039@example.com,IN,consumer,2022-01-02T00:00:00
CUST-02040,Customer 2040,customer2040@example.com,DE,enterprise,2023-09-24T00:00:00
CUST-02041,Customer 2041,customer2041@example.com,CA,small-business,2021-04-12T00:00:00
CUST-02042,Customer 2042,customer2042@example.com,AU,enterprise,2021-09-16T00:00:00
CUST-02043,Customer 2043,customer2043@example.com,IN,small-business,2023-11-15T00:00:00
CUST-02044,Customer 2044,customer2044@example.com,KR,mid-market,2023-10-20T00:00:00
CUST-02045,Customer 2045,customer2045@example.com,DE,small-business,2023-09-04T00:00:00
CUST-02046,Customer 2046,customer2046@example.com,IN,mid-market,2020-06-17T00:00:00
CUST-02047,Customer 2047,customer2047@example.com,KR,enterprise,2020-04-29T00:00:00
CUST-02048,Customer 2048,customer2048@example.com,FR,small-business,2020-10-30T00:00:00
CUST-02049,Customer 2049,customer2049@example.com,DE,small-business,2023-05-04T00:00:00
CUST-02050,Customer 2050,customer2050@example.com,IN,mid-market,2020-05-06T00:00:00
CUST-02051,Customer 2051,customer2051@example.com,UK,mid-market,2020-11-06T00:00:00
CUST-02052,Customer 2052,customer2052@example.com,DE,consumer,2021-03-26T00:00:00
CUST-02053,Customer 2053,customer2053@example.com,US,consumer,2022-07-04T00:00:00
CUST-02054,Customer 2054,customer2054@example.com,KR,small-business,2021-05-01T00:00:00
CUST-02055,Customer 2055,customer2055@example.com,CA,consumer,2020-11-12T00:00:00
CUST-02056,Customer 2056,customer2056@example.com,DE,consumer,2023-03-02T00:00:00
CUST-02057,Customer 2057,customer2057@example.com,BR,mid-market,2022-08-08T00:00:00
CUST-02058,Customer 2058,customer2058@example.com,IN,enterprise,2021-03-02T00:00:00
CUST-02059,Customer 2059,customer2059@example.com,KR,consumer,2020-04-28T00:00:00
CUST-02060,Customer 2060,customer2060@example.com,BR,enterprise,2021-03-07T00:00:00
CUST-02061,Customer 2061,customer2061@example.com,KR,consumer,2023-09-14T00:00:00
CUST-02062,Customer 2062,customer2062@example.com,CA,enterprise,2021-06-28T00:00:00
CUST-02063,Customer 2063,customer2063@example.com,UK,enterprise,2022-04-06T00:00:00
CUST-02064,Customer 2064,customer2064@example.com,BR,enterprise,2020-08-03T00:00:00
CUST-02065,Customer 2065,customer2065@example.com,DE,mid-market,2023-11-27T00:00:00
CUST-02066,Customer 2066,customer2066@example.com,US,enterprise,2023-05-31T00:00:00
CUST-02067,Customer 2067,customer2067@example.com,JP,small-business,2020-12-14T00:00:00
CUST-02068,Customer 2068,customer2068@example.com,FR,mid-market,2020-06-10T00:00:00
CUST-02069,Customer 2069,customer2069@example.com,FR,enterprise,2021-10-28T00:00:00
CUST-02070,Customer 2070,customer2070@example.com,FR,mid-market,2023-04-17T00:00:00
CUST-02071,Customer 2071,customer2071@example.com,UK,small-business,2021-06-28T00:00:00
CUST-02072,Customer 2072,customer2072@example.com,AU,consumer,2020-07-29T00:00:00
CUST-02073,Customer 2073,customer2073@example.com,JP,mid-market,2020-09-04T00:00:00
CUST-02074,Customer 2074,customer2074@example.com,BR,consumer,2021-10-02T00:00:00
CUST-02075,Customer 2075,customer2075@example.com,FR,enterprise,2020-02-25T00:00:00
CUST-02076,Customer 2076,customer2076@example.com,JP,mid-market,2020-05-09T00:00:00
CUST-02077,Customer 2077,customer2077@example.com,FR,enterprise,2023-06-27T00:00:00
CUST-02078,Customer 2078,customer2078@example.com,BR,consumer,2023-02-09T00:00:00
CUST-02079,Customer 2079,customer2079@example.com,FR,small-business,2022-03-11T00:00:00
CUST-02080,Customer 2080,customer2080@example.com,DE,enterprise,2022-08-28T00:00:00
CUST-02081,Customer 2081,customer2081@example.com,JP,mid-market,2023-04-30T00:00:00
CUST-02082,Customer 2082,customer2082@example.com,AU,consumer,2022-12-28T00:00:00
CUST-02083,Customer 2083,customer2083@example.com,DE,small-business,2021-08-30T00:00:00
CUST-02084,Customer 2084,customer2084@example.com,US,consumer,2023-06-06T00:00:00
CUST-02085,Customer 2085,customer2085@example.com,FR,consumer,2020-01-30T00:00:00
CUST-02086,Customer 2086,customer2086@example.com,US,small-business,2023-09-02T00:00:00
CUST-02087,Customer 2087,customer2087@example.com,FR,small-business,2021-07-02T00:00:00
CUST-02088,Customer 2088,customer2088@example.com,BR,small-business,2022-02-08T00:00:00
CUST-02089,Customer 2089,customer2089@example.com,US,consumer,2022-02-01T00:00:00
CUST-02090,Customer 2090,customer2090@example.com,BR,enterprise,2023-06-15T00:00:00
CUST-02091,Customer 2091,customer2091@example.com,KR,small-business,2022-08-09T00:00:00
CUST-02092,Customer 2092,customer2092@example.com,UK,enterprise,2020-08-12T00:00:00
CUST-02093,Customer 2093,customer2093@example.com,BR,enterprise,2020-02-27T00:00:00
CUST-02094,Customer 2094,customer2094@example.com,CA,small-business,2020-02-15T00:00:00
CUST-02095,Customer 2095,customer2095@example.com,AU,small-business,2021-06-20T00:00:00
CUST-02096,Customer 2096,customer2096@example.com,DE,small-business,2020-10-28T00:00:00
CUST-02097,Customer 2097,customer2097@example.com,IN,mid-market,2020-07-22T00:00:00
CUST-02098,Customer 2098,customer2098@example.com,BR,enterprise,2021-03-29T00:00:00
CUST-02099,Customer 2099,customer2099@example.com,JP,small-business,2020-01-11T00:00:00
CUST-02100,Customer 2100,customer2100@example.com,CA,small-business,2023-01-29T00:00:00
CUST-02101,Customer 2101,customer2101@example.com,KR,mid-market,2023-07-15T00:00:00
CUST-02102,Customer 2102,customer2102@example.com,CA,small-business,2021-11-13T00:00:00
CUST-02103,Customer 2103,customer2103@example.com,IN,enterprise,2020-10-09T00:00:00
CUST-02104,Customer 2104,customer2104@example.com,JP,enterprise,2022-04-04T00:00:00
CUST-02105,Customer 2105,customer2105@example.com,DE,consumer,2022-07-21T00:00:00
CUST-02106,Customer 2106,customer2106@example.com,KR,enterprise,2022-06-21T00:00:00
CUST-02107,Customer 2107,customer2107@example.com,JP,mid-market,2022-05-15T00:00:00
CUST-02108,Customer 2108,customer2108@example.com,FR,enterprise,2023-01-05T00:00:00
CUST-02109,Customer 2109,customer2109@example.com,KR,enterprise,2022-12-20T00:00:00
CUST-02110,Customer 2110,customer2110@example.com,US,small-business,2023-04-12T00:00:00
CUST-02111,Customer 2111,customer2111@example.com,FR,small-business,2023-11-18T00:00:00
CUST-02112,Customer 2112,customer2112@example.com,FR,mid-market,2023-01-12T00:00:00
CUST-02113,Customer 2113,customer2113@example.com,DE,consumer,2023-02-18T00:00:00
CUST-02114,Customer 2114,customer2114@example.com,CA,small-business,2023-01-09T00:00:00
CUST-02115,Customer 2115,customer2115@example.com,FR,enterprise,2020-03-21T00:00:00
CUST-02116,Customer 2116,customer2116@example.com,UK,mid-market,2023-04-09T00:00:00
CUST-02117,Customer 2117,customer2117@example.com,JP,mid-market,2021-05-14T00:00:00
CUST-02118,Customer 2118,customer2118@example.com,FR,mid-market,2021-09-19T00:00:00
CUST-02119,Customer 2119,customer2119@example.com,FR,consumer,2021-11-19T00:00:00
CUST-02120,Customer 2120,customer2120@example.com,BR,consumer,2022-11-19T00:00:00
CUST-02121,Customer 2121,customer2121@example.com,AU,mid-market,2022-06-24T00:00:00
CUST-02122,Customer 2122,customer2122@example.com,AU,mid-market,2020-12-28T00:00:00
CUST-02123,Customer 2123,customer2123@example.com,BR,consumer,2023-09-05T00:00:00
CUST-02124,Customer 2124,customer2124@example.com,CA,mid-market,2020-12-28T00:00:00
CUST-02125,Customer 2125,customer2125@example.com,DE,enterprise,2021-09-18T00:00:00
CUST-02126,Customer 2126,customer2126@example.com,BR,consumer,2022-05-13T00:00:00
CUST-02127,Customer 2127,customer2127@example.com,US,mid-market,2020-10-03T00:00:00
CUST-02128,Customer 2128,customer2128@example.com,AU,small-business,2021-06-15T00:00:00
CUST-02129,Customer 2129,customer2129@example.com,IN,mid-market,2023-03-09T00:00:00
CUST-02130,Customer 2130,customer2130@example.com,CA,enterprise,2021-08-06T00:00:00
CUST-02131,Customer 2131,customer2131@example.com,FR,mid-market,2022-06-03T00:00:00
CUST-02132,Customer 2132,customer2132@example.com,DE,small-business,2023-07-06T00:00:00
CUST-02133,Customer 2133,customer2133@example.com,FR,consumer,2023-11-24T00:00:00
CUST-02134,Customer 2134,customer2134@example.com,JP,mid-market,2021-02-03T00:00:00
CUST-02135,Customer 2135,customer2135@example.com,JP,mid-market,2021-09-23T00:00:00
CUST-02136,Customer 2136,customer2136@example.com,DE,mid-market,2020-03-20T00:00:00
CUST-02137,Customer 2137,customer2137@example.com,CA,consumer,2020-07-31T00:00:00
CUST-02138,Customer 2138,customer2138@example.com,JP,consumer,2022-10-29T00:00:00
CUST-02139,Customer 2139,customer2139@example.com,IN,consumer,2023-11-11T00:00:00
CUST-02140,Customer 2140,customer2140@example.com,US,enterprise,2020-09-02T00:00:00
CUST-02141,Customer 2141,customer2141@example.com,JP,mid-market,2020-06-23T00:00:00
CUST-02142,Customer 2142,customer2142@example.com,IN,consumer,2022-12-24T00:00:00
CUST-02143,Customer 2143,customer2143@example.com,DE,consumer,2022-02-25T00:00:00
CUST-02144,Customer 2144,customer2144@example.com,BR,small-business,2023-08-11T00:00:00
CUST-02145,Customer 2145,customer2145@example.com,BR,mid-market,2023-09-07T00:00:00
CUST-02146,Customer 2146,customer2146@example.com,FR,small-business,2022-12-06T00:00:00
CUST-02147,Customer 2147,customer2147@example.com,IN,enterprise,2022-05-17T00:00:00
CUST-02148,Customer 2148,customer2148@example.com,BR,consumer,2022-06-22T00:00:00
CUST-02149,Customer 2149,customer2149@example.com,BR,consumer,2022-11-19T00:00:00
CUST-02150,Customer 2150,customer2150@example.com,IN,enterprise,2020-01-07T00:00:00
CUST-02151,Customer 2151,customer2151@example.com,DE,consumer,2021-03-29T00:00:00
CUST-02152,Customer 2152,customer2152@example.com,IN,consumer,2021-12-22T00:00:00
CUST-02153,Customer 2153,customer2153@example.com,IN,mid-market,2022-12-05T00:00:00
CUST-02154,Customer 2154,customer2154@example.com,US,enterprise,2021-03-05T00:00:00
CUST-02155,Customer 2155,customer2155@example.com,UK,consumer,2022-01-11T00:00:00
CUST-02156,Customer 2156,customer2156@example.com,UK,consumer,2020-04-17T00:00:00
CUST-02157,Customer 2157,customer2157@example.com,DE,consumer,2021-11-07T00:00:00
CUST-02158,Customer 2158,customer2158@example.com,AU,enterprise,2020-01-08T00:00:00
CUST-02159,Customer 2159,customer2159@example.com,FR,enterprise,2020-05-23T00:00:00
CUST-02160,Customer 2160,customer2160@example.com,CA,consumer,2020-11-23T00:00:00
CUST-02161,Customer 2161,customer2161@example.com,BR,mid-market,2021-10-31T00:00:00
CUST-02162,Customer 2162,customer2162@example.com,DE,mid-market,2021-07-10T00:00:00
CUST-02163,Customer 2163,customer2163@example.com,UK,consumer,2023-01-10T00:00:00
CUST-02164,Customer 2164,customer2164@example.com,KR,small-business,2023-06-17T00:00:00
CUST-02165,Customer 2165,customer2165@example.com,FR,small-business,2021-10-12T00:00:00
CUST-02166,Customer 2166,customer2166@example.com,JP,consumer,2023-11-20T00:00:00
CUST-02167,Customer 2167,customer2167@example.com,IN,small-business,2021-09-04T00:00:00
CUST-02168,Customer 2168,customer2168@example.com,IN,small-business,2020-10-06T00:00:00
CUST-02169,Customer 2169,customer2169@example.com,DE,mid-market,2023-09-20T00:00:00
CUST-02170,Customer 2170,customer2170@example.com,IN,enterprise,2021-06-05T00:00:00
CUST-02171,Customer 2171,customer2171@example.com,BR,enterprise,2023-04-17T00:00:00
CUST-02172,Customer 2172,customer2172@example.com,FR,enterprise,2022-05-02T00:00:00
CUST-02173,Customer 2173,customer2173@example.com,US,mid-market,2022-07-13T00:00:00
CUST-02174,Customer 2174,customer2174@example.com,AU,consumer,2023-03-06T00:00:00
CUST-02175,Customer 2175,customer2175@example.com,DE,small-business,2021-03-17T00:00:00
CUST-02176,Customer 2176,customer2176@example.com,AU,consumer,2023-07-23T00:00:00
CUST-02177,Customer 2177,customer2177@example.com,JP,small-business,2023-02-15T00:00:00
CUST-02178,Customer 2178,customer2178@example.com,IN,consumer,2022-11-15T00:00:00
CUST-02179,Customer 2179,customer2179@example.com,KR,small-business,2023-11-22T00:00:00
CUST-02180,Customer 2180,customer2180@example.com,BR,enterprise,2020-09-01T00:00:00
CUST-02181,Customer 2181,customer2181@example.com,US,enterprise,2022-05-06T00:00:00
CUST-02182,Customer 2182,customer2182@example.com,FR,consumer,2023-11-27T00:00:00
CUST-02183,Customer 2183,customer2183@example.com,CA,consumer,2021-07-08T00:00:00
CUST-02184,Customer 2184,customer2184@example.com,KR,small-business,2021-10-22T00:00:00
CUST-02185,Customer 2185,customer2185@example.com,JP,mid-market,2021-08-25T00:00:00
CUST-02186,Customer 2186,customer2186@example.com,JP,enterprise,2020-12-18T00:00:00
CUST-02187,Customer 2187,customer2187@example.com,DE,small-business,2020-06-24T00:00:00
CUST-02188,Customer 2188,customer2188@example.com,FR,enterprise,2020-05-13T00:00:00
CUST-02189,Customer 2189,customer2189@example.com,CA,consumer,2021-06-28T00:00:00
CUST-02190,Customer 2190,customer2190@example.com,JP,consumer,2020-02-10T00:00:00
CUST-02191,Customer 2191,customer2191@example.com,CA,enterprise,2022-01-24T00:00:00
CUST-02192,Customer 2192,customer2192@example.com,BR,small-business,2021-02-08T00:00:00
CUST-02193,Customer 2193,customer2193@example.com,JP,mid-market,2022-01-08T00:00:00
CUST-02194,Customer 2194,customer2194@example.com,JP,enterprise,2020-06-15T00:00:00
CUST-02195,Customer 2195,customer2195@example.com,UK,mid-market,2022-08-02T00:00:00
CUST-02196,Customer 2196,customer2196@example.com,AU,mid-market,2020-05-29T00:00:00
CUST-02197,Customer 2197,customer2197@example.com,CA,small-business,2023-08-22T00:00:00
CUST-02198,Customer 2198,customer2198@example.com,US,enterprise,2020-06-11T00:00:00
CUST-02199,Customer 2199,customer2199@example.com,CA,enterprise,2020-05-02T00:00:00
CUST-02200,Customer 2200,customer2200@example.com,IN,enterprise,2022-10-13T00:00:00
CUST-02201,Customer 2201,customer2201@example.com,KR,mid-market,2023-06-15T00:00:00
CUST-02202,Customer 2202,customer2202@example.com,IN,small-business,2022-02-23T00:00:00
CUST-02203,Customer 2203,customer2203@example.com,IN,enterprise,2020-06-26T00:00:00
CUST-02204,Customer 2204,customer2204@example.com,IN,small-business,2020-02-22T00:00:00
CUST-02205,Customer 2205,customer2205@example.com,DE,small-business,2020-06-07T00:00:00
CUST-02206,Customer 2206,customer2206@example.com,KR,mid-market,2023-01-03T00:00:00
CUST-02207,Customer 2207,customer2207@example.com,UK,small-business,2022-02-16T00:00:00
CUST-02208,Customer 2208,customer2208@example.com,US,small-business,2023-02-26T00:00:00
CUST-02209,Customer 2209,customer2209@example.com,FR,small-business,2020-08-03T00:00:00
CUST-02210,Customer 2210,customer2210@example.com,AU,small-business,2020-06-18T00:00:00
CUST-02211,Customer 2211,customer2211@example.com,UK,mid-market,2022-10-14T00:00:00
CUST-02212,Customer 2212,customer2212@example.com,AU,mid-market,2021-01-14T00:00:00
CUST-02213,Customer 2213,customer2213@example.com,IN,enterprise,2020-03-21T00:00:00
CUST-02214,Customer 2214,customer2214@example.com,FR,consumer,2023-07-23T00:00:00
CUST-02215,Customer 2215,customer2215@example.com,FR,small-business,2022-06-10T00:00:00
CUST-02216,Customer 2216,customer2216@example.com,BR,small-business,2022-05-23T00:00:00
CUST-02217,Customer 2217,customer2217@example.com,AU,small-business,2023-11-24T00:00:00
CUST-02218,Customer 2218,customer2218@example.com,UK,consumer,2022-06-05T00:00:00
CUST-02219,Customer 2219,customer2219@example.com,BR,enterprise,2023-04-26T00:00:00
CUST-02220,Customer 2220,customer2220@example.com,FR,consumer,2020-08-17T00:00:00
CUST-02221,Customer 2221,customer2221@example.com,FR,consumer,2021-08-27T00:00:00
CUST-02222,Customer 2222,customer2222@example.com,IN,consumer,2021-03-25T00:00:00
CUST-02223,Customer 2223,customer2223@example.com,KR,consumer,2020-11-06T00:00:00
CUST-02224,Customer 2224,customer2224@example.com,KR,consumer,2023-06-21T00:00:00
CUST-02225,Customer 2225,customer2225@example.com,BR,mid-market,2020-04-15T00:00:00
CUST-02226,Customer 2226,customer2226@example.com,KR,mid-market,2023-03-23T00:00:00
CUST-02227,Customer 2227,customer2227@example.com,KR,enterprise,2023-03-18T00:00:00
CUST-02228,Customer 2228,customer2228@example.com,US,consumer,2021-04-09T00:00:00
CUST-02229,Customer 2229,customer2229@example.com,FR,small-business,2022-05-23T00:00:00
CUST-02230,Customer 2230,customer2230@example.com,US,mid-market,2022-04-24T00:00:00
CUST-02231,Customer 2231,customer2231@example.com,US,enterprise,2020-04-13T00:00:00
CUST-02232,Customer 2232,customer2232@example.com,IN,mid-market,2022-09-20T00:00:00
CUST-02233,Customer 2233,customer2233@example.com,FR,consumer,2020-06-02T00:00:00
CUST-02234,Customer 2234,customer2234@example.com,DE,enterprise,2021-11-04T00:00:00
CUST-02235,Customer 2235,customer2235@example.com,CA,consumer,2022-02-23T00:00:00
CUST-02236,Customer 2236,customer2236@example.com,KR,consumer,2020-10-17T00:00:00
CUST-02237,Customer 2237,customer2237@example.com,BR,small-business,2023-03-05T00:00:00
CUST-02238,Customer 2238,customer2238@example.com,DE,mid-market,2021-11-24T00:00:00
CUST-02239,Customer 2239,customer2239@example.com,JP,small-business,2021-02-03T00:00:00
CUST-02240,Customer 2240,customer2240@example.com,IN,enterprise,2021-08-24T00:00:00
CUST-02241,Customer 2241,customer2241@example.com,DE,consumer,2020-10-04T00:00:00
CUST-02242,Customer 2242,customer2242@example.com,UK,consumer,2020-03-24T00:00:00
CUST-02243,Customer 2243,customer2243@example.com,UK,small-business,2021-04-07T00:00:00
CUST-02244,Customer 2244,customer2244@example.com,FR,mid-market,2023-02-20T00:00:00
CUST-02245,Customer 2245,customer2245@example.com,DE,consumer,2022-03-01T00:00:00
CUST-02246,Customer 2246,customer2246@example.com,US,small-business,2023-05-15T00:00:00
CUST-02247,Customer 2247,customer2247@example.com,UK,enterprise,2021-12-01T00:00:00
CUST-02248,Customer 2248,customer2248@example.com,UK,mid-market,2020-10-19T00:00:00
CUST-02249,Customer 2249,customer2249@example.com,BR,enterprise,2021-09-20T00:00:00
CUST-02250,Customer 2250,customer2250@example.com,IN,consumer,2021-03-08T00:00:00
CUST-02251,Customer 2251,customer2251@example.com,UK,enterprise,2021-01-19T00:00:00
CUST-02252,Customer 2252,customer2252@example.com,UK,small-business,2021-07-05T00:00:00
CUST-02253,Customer 2253,customer2253@example.com,JP,mid-market,2023-01-30T00:00:00
CUST-02254,Customer 2254,customer2254@example.com,UK,mid-market,2022-04-05T00:00:00
CUST-02255,Customer 2255,customer2255@example.com,KR,mid-market,2023-04-29T00:00:00
CUST-02256,Customer 2256,customer2256@example.com,JP,enterprise,2020-04-28T00:00:00
CUST-02257,Customer 2257,customer2257@example.com,BR,consumer,2023-10-20T00:00:00
CUST-02258,Customer 2258,customer2258@example.com,KR,enterprise,2020-05-05T00:00:00
CUST-02259,Customer 2259,customer2259@example.com,DE,enterprise,2023-06-01T00:00:00
CUST-02260,Customer 2260,customer2260@example.com,IN,enterprise,2021-05-04T00:00:00
CUST-02261,Customer 2261,customer2261@example.com,DE,consumer,2023-08-18T00:00:00
CUST-02262,Customer 2262,customer2262@example.com,AU,enterprise,2022-06-15T00:00:00
CUST-02263,Customer 2263,customer2263@example.com,DE,consumer,2022-12-14T00:00:00
CUST-02264,Customer 2264,customer2264@example.com,KR,consumer,2021-03-05T00:00:00
CUST-02265,Customer 2265,customer2265@example.com,US,mid-market,2023-12-04T00:00:00
CUST-02266,Customer 2266,customer2266@example.com,CA,enterprise,2023-08-15T00:00:00
CUST-02267,Customer 2267,customer2267@example.com,JP,small-business,2023-09-16T00:00:00
CUST-02268,Customer 2268,customer2268@example.com,JP,enterprise,2022-02-06T00:00:00
CUST-02269,Customer 2269,customer2269@example.com,UK,enterprise,2020-12-19T00:00:00
CUST-02270,Customer 2270,customer2270@example.com,BR,small-business,2023-10-26T00:00:00
CUST-02271,Customer 2271,customer2271@example.com,US,consumer,2020-07-01T00:00:00
CUST-02272,Customer 2272,customer2272@example.com,BR,mid-market,2021-06-02T00:00:00
CUST-02273,Customer 2273,customer2273@example.com,FR,small-business,2020-03-20T00:00:00
CUST-02274,Customer 2274,customer2274@example.com,UK,small-business,2021-07-09T00:00:00
CUST-02275,Customer 2275,customer2275@example.com,US,mid-market,2021-04-24T00:00:00
CUST-02276,Customer 2276,customer2276@example.com,DE,consumer,2023-03-19T00:00:00
CUST-02277,Customer 2277,customer2277@example.com,US,consumer,2021-06-22T00:00:00
CUST-02278,Customer 2278,customer2278@example.com,JP,small-business,2022-10-06T00:00:00
CUST-02279,Customer 2279,customer2279@example.com,JP,consumer,2023-07-22T00:00:00
CUST-02280,Customer 2280,customer2280@example.com,KR,mid-market,2021-03-13T00:00:00
CUST-02281,Customer 2281,customer2281@example.com,KR,small-business,2022-01-30T00:00:00
CUST-02282,Customer 2282,customer2282@example.com,DE,consumer,2022-02-12T00:00:00
CUST-02283,Customer 2283,customer2283@example.com,US,consumer,2023-11-21T00:00:00
CUST-02284,Customer 2284,customer2284@example.com,AU,enterprise,2023-03-22T00:00:00
CUST-02285,Customer 2285,customer2285@example.com,US,enterprise,2020-07-21T00:00:00
CUST-02286,Customer 2286,customer2286@example.com,FR,consumer,2020-02-20T00:00:00
CUST-02287,Customer 2287,customer2287@example.com,DE,consumer,2020-07-05T00:00:00
CUST-02288,Customer 2288,customer2288@example.com,CA,consumer,2023-08-16T00:00:00
CUST-02289,Customer 2289,customer2289@example.com,DE,enterprise,2023-09-13T00:00:00
CUST-02290,Customer 2290,customer2290@example.com,JP,small-business,2022-07-22T00:00:00
CUST-02291,Customer 2291,customer2291@example.com,DE,small-business,2020-04-08T00:00:00
CUST-02292,Customer 2292,customer2292@example.com,DE,mid-market,2023-07-20T00:00:00
CUST-02293,Customer 2293,customer2293@example.com,BR,mid-market,2023-08-01T00:00:00
CUST-02294,Customer 2294,customer2294@example.com,AU,enterprise,2023-12-02T00:00:00
CUST-02295,Customer 2295,customer2295@example.com,DE,enterprise,2020-08-26T00:00:00
CUST-02296,Customer 2296,customer2296@example.com,IN,mid-market,2021-05-26T00:00:00
CUST-02297,Customer 2297,customer2297@example.com,IN,enterprise,2021-03-23T00:00:00
CUST-02298,Customer 2298,customer2298@example.com,DE,enterprise,2022-07-14T00:00:00
CUST-02299,Customer 2299,customer2299@example.com,JP,mid-market,2021-05-17T00:00:00
CUST-02300,Customer 2300,customer2300@example.com,JP,mid-market,2021-03-19T00:00:00
CUST-02301,Customer 2301,customer2301@example.com,JP,enterprise,2022-09-17T00:00:00
CUST-02302,Customer 2302,customer2302@example.com,IN,mid-market,2021-04-04T00:00:00
CUST-02303,Customer 2303,customer2303@example.com,IN,mid-market,2020-07-11T00:00:00
CUST-02304,Customer 2304,customer2304@example.com,US,mid-market,2020-12-27T00:00:00
CUST-02305,Customer 2305,customer2305@example.com,IN,mid-market,2021-10-08T00:00:00
CUST-02306,Customer 2306,customer2306@example.com,AU,enterprise,2023-12-27T00:00:00
CUST-02307,Customer 2307,customer2307@example.com,BR,small-business,2020-11-22T00:00:00
CUST-02308,Customer 2308,customer2308@example.com,IN,small-business,2022-09-15T00:00:00
CUST-02309,Customer 2309,customer2309@example.com,US,mid-market,2022-10-17T00:00:00
CUST-02310,Customer 2310,customer2310@example.com,JP,consumer,2021-12-08T00:00:00
CUST-02311,Customer 2311,customer2311@example.com,JP,enterprise,2020-09-29T00:00:00
CUST-02312,Customer 2312,customer2312@example.com,KR,consumer,2022-01-02T00:00:00
CUST-02313,Customer 2313,customer2313@example.com,DE,consumer,2020-05-12T00:00:00
CUST-02314,Customer 2314,customer2314@example.com,JP,enterprise,2022-08-20T00:00:00
CUST-02315,Customer 2315,customer2315@example.com,KR,consumer,2022-08-04T00:00:00
CUST-02316,Customer 2316,customer2316@example.com,JP,mid-market,2021-02-10T00:00:00
CUST-02317,Customer 2317,customer2317@example.com,IN,mid-market,2020-09-30T00:00:00
CUST-02318,Customer 2318,customer2318@example.com,BR,small-business,2023-08-18T00:00:00
CUST-02319,Customer 2319,customer2319@example.com,BR,consumer,2021-10-15T00:00:00
CUST-02320,Customer 2320,customer2320@example.com,CA,enterprise,2023-05-04T00:00:00
CUST-02321,Customer 2321,customer2321@example.com,CA,consumer,2021-12-03T00:00:00
CUST-02322,Customer 2322,customer2322@example.com,DE,mid-market,2023-03-18T00:00:00
CUST-02323,Customer 2323,customer2323@example.com,BR,mid-market,2021-09-05T00:00:00
CUST-02324,Customer 2324,customer2324@example.com,AU,small-business,2023-02-25T00:00:00
CUST-02325,Customer 2325,customer2325@example.com,US,small-business,2023-10-23T00:00:00
CUST-02326,Customer 2326,customer2326@example.com,IN,consumer,2021-11-06T00:00:00
CUST-02327,Customer 2327,customer2327@example.com,CA,consumer,2020-12-26T00:00:00
CUST-02328,Customer 2328,customer2328@example.com,UK,mid-market,2021-01-03T00:00:00
CUST-02329,Customer 2329,customer2329@example.com,BR,consumer,2021-06-17T00:00:00
CUST-02330,Customer 2330,customer2330@example.com,KR,consumer,2020-02-21T00:00:00
CUST-02331,Customer 2331,customer2331@example.com,DE,consumer,2021-01-18T00:00:00
CUST-02332,Customer 2332,customer2332@example.com,AU,mid-market,2022-08-30T00:00:00
CUST-02333,Customer 2333,customer2333@example.com,US,consumer,2023-02-14T00:00:00
CUST-02334,Customer 2334,customer2334@example.com,DE,consumer,2023-06-16T00:00:00
CUST-02335,Customer 2335,customer2335@example.com,DE,consumer,2023-07-01T00:00:00
CUST-02336,Customer 2336,customer2336@example.com,FR,small-business,2023-06-21T00:00:00
CUST-02337,Customer 2337,customer2337@example.com,JP,consumer,2021-09-28T00:00:00
CUST-02338,Customer 2338,customer2338@example.com,US,mid-market,2021-12-10T00:00:00
CUST-02339,Customer 2339,customer2339@example.com,CA,mid-market,2022-03-03T00:00:00
CUST-02340,Customer 2340,customer2340@example.com,US,consumer,2023-01-16T00:00:00
CUST-02341,Customer 2341,customer2341@example.com,KR,small-business,2021-03-27T00:00:00
CUST-02342,Customer 2342,customer2342@example.com,US,enterprise,2023-01-03T00:00:00
CUST-02343,Customer 2343,customer2343@example.com,AU,mid-market,2020-10-27T00:00:00
CUST-02344,Customer 2344,customer2344@example.com,DE,consumer,2022-06-04T00:00:00
CUST-02345,Customer 2345,customer2345@example.com,JP,consumer,2022-07-29T00:00:00
CUST-02346,Customer 2346,customer2346@example.com,US,small-business,2021-05-30T00:00:00
CUST-02347,Customer 2347,customer2347@example.com,KR,consumer,2023-03-25T00:00:00
CUST-02348,Customer 2348,customer2348@example.com,US,consumer,2023-06-28T00:00:00
CUST-02349,Customer 2349,customer2349@example.com,DE,mid-market,2023-03-07T00:00:00
CUST-02350,Customer 2350,customer2350@example.com,JP,small-business,2021-02-01T00:00:00
CUST-02351,Customer 2351,customer2351@example.com,KR,consumer,2023-03-14T00:00:00
CUST-02352,Customer 2352,customer2352@example.com,US,small-business,2022-04-14T00:00:00
CUST-02353,Customer 2353,customer2353@example.com,AU,small-business,2021-07-14T00:00:00
CUST-02354,Customer 2354,customer2354@example.com,DE,consumer,2023-07-17T00:00:00
CUST-02355,Customer 2355,customer2355@example.com,DE,consumer,2021-08-20T00:00:00
CUST-02356,Customer 2356,customer2356@example.com,AU,small-business,2022-10-20T00:00:00
CUST-02357,Customer 2357,customer2357@example.com,KR,consumer,2022-05-16T00:00:00
CUST-02358,Customer 2358,customer2358@example.com,BR,enterprise,2020-06-02T00:00:00
CUST-02359,Customer 2359,customer2359@example.com,JP,consumer,2022-09-08T00:00:00
CUST-02360,Customer 2360,customer2360@example.com,FR,enterprise,2022-10-03T00:00:00
CUST-02361,Customer 2361,customer2361@example.com,BR,mid-market,2021-01-10T00:00:00
CUST-02362,Customer 2362,customer2362@example.com,DE,consumer,2023-06-30T00:00:00
CUST-02363,Customer 2363,customer2363@example.com,FR,consumer,2023-07-14T00:00:00
CUST-02364,Customer 2364,customer2364@example.com,KR,consumer,2022-12-18T00:00:00
CUST-02365,Customer 2365,customer2365@example.com,US,mid-market,2022-12-09T00:00:00
CUST-02366,Customer 2366,customer2366@example.com,FR,enterprise,2023-02-03T00:00:00
CUST-02367,Customer 2367,customer2367@example.com,JP,small-business,2021-07-19T00:00:00
CUST-02368,Customer 2368,customer2368@example.com,JP,mid-market,2020-08-21T00:00:00
CUST-02369,Customer 2369,customer2369@example.com,UK,enterprise,2021-11-28T00:00:00
CUST-02370,Customer 2370,customer2370@example.com,FR,small-business,2020-07-15T00:00:00
CUST-02371,Customer 2371,customer2371@example.com,IN,enterprise,2021-10-22T00:00:00
CUST-02372,Customer 2372,customer2372@example.com,CA,mid-market,2021-03-19T00:00:00
CUST-02373,Customer 2373,customer2373@example.com,US,enterprise,2020-09-30T00:00:00
CUST-02374,Customer 2374,customer2374@example.com,KR,mid-market,2021-05-04T00:00:00
CUST-02375,Customer 2375,customer2375@example.com,CA,mid-market,2020-08-25T00:00:00
CUST-02376,Customer 2376,customer2376@example.com,FR,consumer,2022-03-11T00:00:00
CUST-02377,Customer 2377,customer2377@example.com,US,consumer,2023-02-28T00:00:00
CUST-02378,Customer 2378,customer2378@example.com,UK,consumer,2022-09-01T00:00:00
CUST-02379,Customer 2379,customer2379@example.com,UK,consumer,2021-01-01T00:00:00
CUST-02380,Customer 2380,customer2380@example.com,DE,enterprise,2022-03-30T00:00:00
CUST-02381,Customer 2381,customer2381@example.com,BR,small-business,2022-10-30T00:00:00
CUST-02382,Customer 2382,customer2382@example.com,IN,small-business,2021-02-19T00:00:00
CUST-02383,Customer 2383,customer2383@example.com,BR,consumer,2020-10-14T00:00:00
CUST-02384,Customer 2384,customer2384@example.com,CA,consumer,2022-12-04T00:00:00
CUST-02385,Customer 2385,customer2385@example.com,IN,small-business,2020-03-17T00:00:00
CUST-02386,Customer 2386,customer2386@example.com,JP,mid-market,2021-01-30T00:00:00
CUST-02387,Customer 2387,customer2387@example.com,US,mid-market,2020-08-10T00:00:00
CUST-02388,Customer 2388,customer2388@example.com,IN,mid-market,2020-04-10T00:00:00
CUST-02389,Customer 2389,customer2389@example.com,KR,enterprise,2021-10-17T00:00:00
CUST-02390,Customer 2390,customer2390@example.com,CA,small-business,2021-09-17T00:00:00
CUST-02391,Customer 2391,customer2391@example.com,FR,mid-market,2021-10-23T00:00:00
CUST-02392,Customer 2392,customer2392@example.com,US,mid-market,2022-11-25T00:00:00
CUST-02393,Customer 2393,customer2393@example.com,KR,consumer,2022-02-11T00:00:00
CUST-02394,Customer 2394,customer2394@example.com,AU,small-business,2021-03-17T00:00:00
CUST-02395,Customer 2395,customer2395@example.com,AU,mid-market,2022-06-05T00:00:00
CUST-02396,Customer 2396,customer2396@example.com,US,mid-market,2020-08-01T00:00:00
CUST-02397,Customer 2397,customer2397@example.com,CA,consumer,2022-01-28T00:00:00
CUST-02398,Customer 2398,customer2398@example.com,DE,mid-market,2023-09-10T00:00:00
CUST-02399,Customer 2399,customer2399@example.com,CA,consumer,2022-08-04T00:00:00
CUST-02400,Customer 2400,customer2400@example.com,AU,small-business,2022-10-28T00:00:00
CUST-02401,Customer 2401,customer2401@example.com,DE,mid-market,2022-06-09T00:00:00
CUST-02402,Customer 2402,customer2402@example.com,AU,enterprise,2020-06-06T00:00:00
CUST-02403,Customer 2403,customer2403@example.com,US,mid-market,2022-08-06T00:00:00
CUST-02404,Customer 2404,customer2404@example.com,KR,enterprise,2022-12-08T00:00:00
CUST-02405,Customer 2405,customer2405@example.com,JP,mid-market,2022-09-25T00:00:00
CUST-02406,Customer 2406,customer2406@example.com,AU,mid-market,2022-04-08T00:00:00
CUST-02407,Customer 2407,customer2407@example.com,UK,small-business,2020-09-27T00:00:00
CUST-02408,Customer 2408,customer2408@example.com,DE,small-business,2021-11-15T00:00:00
CUST-02409,Customer 2409,customer2409@example.com,BR,consumer,2022-06-02T00:00:00
CUST-02410,Customer 2410,customer2410@example.com,BR,enterprise,2021-01-19T00:00:00
CUST-02411,Customer 2411,customer2411@example.com,DE,small-business,2022-12-14T00:00:00
CUST-02412,Customer 2412,customer2412@example.com,CA,enterprise,2021-04-06T00:00:00
CUST-02413,Customer 2413,customer2413@example.com,IN,mid-market,2022-04-18T00:00:00
CUST-02414,Customer 2414,customer2414@example.com,KR,mid-market,2021-08-25T00:00:00
CUST-02415,Customer 2415,customer2415@example.com,KR,consumer,2022-01-17T00:00:00
CUST-02416,Customer 2416,customer2416@example.com,IN,enterprise,2023-04-18T00:00:00
CUST-02417,Customer 2417,customer2417@example.com,KR,small-business,2021-11-04T00:00:00
CUST-02418,Customer 2418,customer2418@example.com,KR,mid-market,2023-10-20T00:00:00
CUST-02419,Customer 2419,customer2419@example.com,US,small-business,2022-03-23T00:00:00
CUST-02420,Customer 2420,customer2420@example.com,JP,mid-market,2020-11-26T00:00:00
CUST-02421,Customer 2421,customer2421@example.com,BR,mid-market,2021-11-19T00:00:00
CUST-02422,Customer 2422,customer2422@example.com,US,small-business,2020-04-22T00:00:00
CUST-02423,Customer 2423,customer2423@example.com,AU,enterprise,2020-01-16T00:00:00
CUST-02424,Customer 2424,customer2424@example.com,IN,mid-market,2022-11-25T00:00:00
CUST-02425,Customer 2425,customer2425@example.com,FR,mid-market,2021-11-14T00:00:00
CUST-02426,Customer 2426,customer2426@example.com,KR,small-business,2020-03-25T00:00:00
CUST-02427,Customer 2427,customer2427@example.com,AU,mid-market,2022-10-12T00:00:00
CUST-02428,Customer 2428,customer2428@example.com,AU,small-business,2022-10-21T00:00:00
CUST-02429,Customer 2429,customer2429@example.com,IN,enterprise,2021-04-16T00:00:00
CUST-02430,Customer 2430,customer2430@example.com,KR,enterprise,2022-06-11T00:00:00
CUST-02431,Customer 2431,customer2431@example.com,BR,consumer,2022-10-16T00:00:00
CUST-02432,Customer 2432,customer2432@example.com,BR,enterprise,2021-08-13T00:00:00
CUST-02433,Customer 2433,customer2433@example.com,BR,mid-market,2023-04-15T00:00:00
CUST-02434,Customer 2434,customer2434@example.com,US,enterprise,2021-06-25T00:00:00
CUST-02435,Customer 2435,customer2435@example.com,CA,enterprise,2021-07-10T00:00:00
CUST-02436,Customer 2436,customer2436@example.com,US,consumer,2023-12-20T00:00:00
CUST-02437,Customer 2437,customer2437@example.com,KR,enterprise,2023-09-29T00:00:00
CUST-02438,Customer 2438,customer2438@example.com,US,mid-market,2022-10-07T00:00:00
CUST-02439,Customer 2439,customer2439@example.com,FR,small-business,2020-02-01T00:00:00
CUST-02440,Customer 2440,customer2440@example.com,IN,consumer,2023-03-10T00:00:00
CUST-02441,Customer 2441,customer2441@example.com,BR,consumer,2021-09-30T00:00:00
CUST-02442,Customer 2442,customer2442@example.com,FR,mid-market,2021-07-20T00:00:00
CUST-02443,Customer 2443,customer2443@example.com,FR,mid-market,2021-07-19T00:00:00
CUST-02444,Customer 2444,customer2444@example.com,IN,consumer,2021-03-19T00:00:00
CUST-02445,Customer 2445,customer2445@example.com,CA,consumer,2022-03-01T00:00:00
CUST-02446,Customer 2446,customer2446@example.com,US,enterprise,2021-12-05T00:00:00
CUST-02447,Customer 2447,customer2447@example.com,BR,consumer,2022-01-22T00:00:00
CUST-02448,Customer 2448,customer2448@example.com,FR,consumer,2022-06-15T00:00:00
CUST-02449,Customer 2449,customer2449@example.com,UK,small-business,2023-07-20T00:00:00
CUST-02450,Customer 2450,customer2450@example.com,JP,mid-market,2021-06-26T00:00:00
CUST-02451,Customer 2451,customer2451@example.com,UK,mid-market,2021-09-29T00:00:00
CUST-02452,Customer 2452,customer2452@example.com,UK,consumer,2021-02-22T00:00:00
CUST-02453,Customer 2453,customer2453@example.com,BR,small-business,2022-08-01T00:00:00
CUST-02454,Customer 2454,customer2454@example.com,FR,small-business,2023-10-31T00:00:00
CUST-02455,Customer 2455,customer2455@example.com,UK,small-business,2021-10-27T00:00:00
CUST-02456,Customer 2456,customer2456@example.com,UK,small-business,2023-03-25T00:00:00
CUST-02457,Customer 2457,customer2457@example.com,CA,small-business,2021-05-24T00:00:00
CUST-02458,Customer 2458,customer2458@example.com,DE,mid-market,2020-08-10T00:00:00
CUST-02459,Customer 2459,customer2459@example.com,IN,mid-market,2021-04-29T00:00:00
CUST-02460,Customer 2460,customer2460@example.com,BR,consumer,2023-07-31T00:00:00
CUST-02461,Customer 2461,customer2461@example.com,US,consumer,2022-11-29T00:00:00
CUST-02462,Customer 2462,customer2462@example.com,DE,enterprise,2020-06-24T00:00:00
CUST-02463,Customer 2463,customer2463@example.com,UK,small-business,2022-06-28T00:00:00
CUST-02464,Customer 2464,customer2464@example.com,FR,consumer,2021-05-13T00:00:00
CUST-02465,Customer 2465,customer2465@example.com,KR,small-business,2022-04-06T00:00:00
CUST-02466,Customer 2466,customer2466@example.com,IN,small-business,2021-03-03T00:00:00
CUST-02467,Customer 2467,customer2467@example.com,KR,consumer,2022-07-26T00:00:00
CUST-02468,Customer 2468,customer2468@example.com,DE,consumer,2023-01-18T00:00:00
CUST-02469,Customer 2469,customer2469@example.com,AU,small-business,2021-03-25T00:00:00
CUST-02470,Customer 2470,customer2470@example.com,KR,small-business,2021-06-14T00:00:00
CUST-02471,Customer 2471,customer2471@example.com,JP,enterprise,2021-04-13T00:00:00
CUST-02472,Customer 2472,customer2472@example.com,FR,mid-market,2021-12-30T00:00:00
CUST-02473,Customer 2473,customer2473@example.com,US,enterprise,2020-05-21T00:00:00
CUST-02474,Customer 2474,customer2474@example.com,AU,enterprise,2020-06-03T00:00:00
CUST-02475,Customer 2475,customer2475@example.com,DE,consumer,2021-08-08T00:00:00
CUST-02476,Customer 2476,customer2476@example.com,JP,enterprise,2021-09-10T00:00:00
CUST-02477,Customer 2477,customer2477@example.com,FR,small-business,2022-09-06T00:00:00
CUST-02478,Customer 2478,customer2478@example.com,JP,mid-market,2023-09-23T00:00:00
CUST-02479,Customer 2479,customer2479@example.com,FR,small-business,2020-05-11T00:00:00
CUST-02480,Customer 2480,customer2480@example.com,US,consumer,2020-01-02T00:00:00
CUST-02481,Customer 2481,customer2481@example.com,DE,small-business,2021-01-03T00:00:00
CUST-02482,Customer 2482,customer2482@example.com,CA,consumer,2023-11-04T00:00:00
CUST-02483,Customer 2483,customer2483@example.com,AU,enterprise,2021-03-13T00:00:00
CUST-02484,Customer 2484,customer2484@example.com,AU,enterprise,2021-05-30T00:00:00
CUST-02485,Customer 2485,customer2485@example.com,KR,enterprise,2021-07-01T00:00:00
CUST-02486,Customer 2486,customer2486@example.com,FR,consumer,2020-10-15T00:00:00
CUST-02487,Customer 2487,customer2487@example.com,BR,consumer,2020-03-10T00:00:00
CUST-02488,Customer 2488,customer2488@example.com,DE,mid-market,2023-07-13T00:00:00
CUST-02489,Customer 2489,customer2489@example.com,BR,consumer,2020-12-21T00:00:00
CUST-02490,Customer 2490,customer2490@example.com,AU,consumer,2020-06-13T00:00:00
CUST-02491,Customer 2491,customer2491@example.com,CA,small-business,2022-12-24T00:00:00
CUST-02492,Customer 2492,customer2492@example.com,CA,small-business,2021-05-01T00:00:00
CUST-02493,Customer 2493,customer2493@example.com,BR,small-business,2020-04-27T00:00:00
CUST-02494,Customer 2494,customer2494@example.com,IN,enterprise,2022-04-24T00:00:00
CUST-02495,Customer 2495,customer2495@example.com,BR,enterprise,2023-10-17T00:00:00
CUST-02496,Customer 2496,customer2496@example.com,BR,consumer,2022-01-04T00:00:00
CUST-02497,Customer 2497,customer2497@example.com,US,consumer,2023-08-01T00:00:00
CUST-02498,Customer 2498,customer2498@example.com,US,mid-market,2021-02-18T00:00:00
CUST-02499,Customer 2499,customer2499@example.com,JP,enterprise,2023-11-05T00:00:00
CUST-02500,Customer 2500,customer2500@example.com,IN,consumer,2021-12-12T00:00:00
CUST-02501,Customer 2501,customer2501@example.com,DE,enterprise,2020-05-22T00:00:00
CUST-02502,Customer 2502,customer2502@example.com,US,consumer,2023-12-20T00:00:00
CUST-02503,Customer 2503,customer2503@example.com,BR,small-business,2022-11-12T00:00:00
CUST-02504,Customer 2504,customer2504@example.com,UK,small-business,2021-05-07T00:00:00
CUST-02505,Customer 2505,customer2505@example.com,UK,consumer,2020-12-21T00:00:00
CUST-02506,Customer 2506,customer2506@example.com,BR,enterprise,2022-08-19T00:00:00
CUST-02507,Customer 2507,customer2507@example.com,KR,consumer,2020-01-20T00:00:00
CUST-02508,Customer 2508,customer2508@example.com,UK,small-business,2023-08-26T00:00:00
CUST-02509,Customer 2509,customer2509@example.com,UK,small-business,2022-11-22T00:00:00
CUST-02510,Customer 2510,customer2510@example.com,UK,enterprise,2021-04-25T00:00:00
CUST-02511,Customer 2511,customer2511@example.com,FR,mid-market,2021-07-01T00:00:00
CUST-02512,Customer 2512,customer2512@example.com,JP,mid-market,2020-12-15T00:00:00
CUST-02513,Customer 2513,customer2513@example.com,KR,small-business,2023-11-08T00:00:00
CUST-02514,Customer 2514,customer2514@example.com,IN,small-business,2021-01-04T00:00:00
CUST-02515,Customer 2515,customer2515@example.com,DE,consumer,2021-11-16T00:00:00
CUST-02516,Customer 2516,customer2516@example.com,BR,mid-market,2021-06-11T00:00:00
CUST-02517,Customer 2517,customer2517@example.com,KR,enterprise,2023-01-23T00:00:00
CUST-02518,Customer 2518,customer2518@example.com,AU,small-business,2022-04-17T00:00:00
CUST-02519,Customer 2519,customer2519@example.com,AU,small-business,2020-01-23T00:00:00
CUST-02520,Customer 2520,customer2520@example.com,UK,consumer,2022-10-12T00:00:00
CUST-02521,Customer 2521,customer2521@example.com,BR,mid-market,2021-03-22T00:00:00
CUST-02522,Customer 2522,customer2522@example.com,AU,small-business,2020-11-17T00:00:00
CUST-02523,Customer 2523,customer2523@example.com,FR,mid-market,2022-12-11T00:00:00
CUST-02524,Customer 2524,customer2524@example.com,IN,mid-market,2023-10-25T00:00:00
CUST-02525,Customer 2525,customer2525@example.com,DE,enterprise,2020-12-27T00:00:00
CUST-02526,Customer 2526,customer2526@example.com,CA,enterprise,2021-11-05T00:00:00
CUST-02527,Customer 2527,customer2527@example.com,BR,enterprise,2022-04-15T00:00:00
CUST-02528,Customer 2528,customer2528@example.com,US,mid-market,2021-01-11T00:00:00
CUST-02529,Customer 2529,customer2529@example.com,IN,enterprise,2022-04-08T00:00:00
CUST-02530,Customer 2530,customer2530@example.com,CA,small-business,2020-01-28T00:00:00
CUST-02531,Customer 2531,customer2531@example.com,CA,small-business,2023-07-10T00:00:00
CUST-02532,Customer 2532,customer2532@example.com,BR,enterprise,2023-09-20T00:00:00
CUST-02533,Customer 2533,customer2533@example.com,DE,enterprise,2020-05-26T00:00:00
CUST-02534,Customer 2534,customer2534@example.com,JP,enterprise,2021-12-01T00:00:00
CUST-02535,Customer 2535,customer2535@example.com,JP,mid-market,2020-06-21T00:00:00
CUST-02536,Customer 2536,customer2536@example.com,JP,small-business,2020-05-09T00:00:00
CUST-02537,Customer 2537,customer2537@example.com,FR,mid-market,2020-07-06T00:00:00
CUST-02538,Customer 2538,customer2538@example.com,CA,enterprise,2021-05-16T00:00:00
CUST-02539,Customer 2539,customer2539@example.com,IN,small-business,2021-12-29T00:00:00
CUST-02540,Customer 2540,customer2540@example.com,BR,mid-market,2022-07-27T00:00:00
CUST-02541,Customer 2541,customer2541@example.com,DE,enterprise,2023-11-11T00:00:00
CUST-02542,Customer 2542,customer2542@example.com,KR,mid-market,2022-07-16T00:00:00
CUST-02543,Customer 2543,customer2543@example.com,AU,mid-market,2022-11-20T00:00:00
CUST-02544,Customer 2544,customer2544@example.com,AU,enterprise,2020-12-03T00:00:00
CUST-02545,Customer 2545,customer2545@example.com,BR,mid-market,2023-09-02T00:00:00
CUST-02546,Customer 2546,customer2546@example.com,US,mid-market,2022-07-14T00:00:00
CUST-02547,Customer 2547,customer2547@example.com,BR,mid-market,2020-09-09T00:00:00
CUST-02548,Customer 2548,customer2548@example.com,US,consumer,2023-09-16T00:00:00
CUST-02549,Customer 2549,customer2549@example.com,IN,mid-market,2022-04-16T00:00:00
CUST-02550,Customer 2550,customer2550@example.com,IN,consumer,2022-04-17T00:00:00
CUST-02551,Customer 2551,customer2551@example.com,CA,mid-market,2022-11-26T00:00:00
CUST-02552,Customer 2552,customer2552@example.com,US,enterprise,2022-12-09T00:00:00
CUST-02553,Customer 2553,customer2553@example.com,AU,small-business,2023-05-25T00:00:00
CUST-02554,Customer 2554,customer2554@example.com,BR,consumer,2021-08-18T00:00:00
CUST-02555,Customer 2555,customer2555@example.com,US,small-business,2021-10-04T00:00:00
CUST-02556,Customer 2556,customer2556@example.com,BR,mid-market,2020-12-07T00:00:00
CUST-02557,Customer 2557,customer2557@example.com,US,small-business,2021-03-04T00:00:00
CUST-02558,Customer 2558,customer2558@example.com,JP,small-business,2023-05-20T00:00:00
CUST-02559,Customer 2559,customer2559@example.com,JP,small-business,2021-08-29T00:00:00
CUST-02560,Customer 2560,customer2560@example.com,JP,small-business,2022-03-26T00:00:00
CUST-02561,Customer 2561,customer2561@example.com,IN,enterprise,2020-08-20T00:00:00
CUST-02562,Customer 2562,customer2562@example.com,FR,mid-market,2022-07-06T00:00:00
CUST-02563,Customer 2563,customer2563@example.com,FR,mid-market,2022-08-05T00:00:00
CUST-02564,Customer 2564,customer2564@example.com,KR,consumer,2021-09-01T00:00:00
CUST-02565,Customer 2565,customer2565@example.com,BR,consumer,2021-01-07T00:00:00
CUST-02566,Customer 2566,customer2566@example.com,IN,mid-market,2022-03-22T00:00:00
CUST-02567,Customer 2567,customer2567@example.com,FR,small-business,2021-01-16T00:00:00
CUST-02568,Customer 2568,customer2568@example.com,KR,consumer,2020-04-11T00:00:00
CUST-02569,Customer 2569,customer2569@example.com,DE,enterprise,2023-11-01T00:00:00
CUST-02570,Customer 2570,customer2570@example.com,BR,small-business,2021-05-23T00:00:00
CUST-02571,Customer 2571,customer2571@example.com,KR,enterprise,2021-03-05T00:00:00
CUST-02572,Customer 2572,customer2572@example.com,CA,small-business,2022-02-22T00:00:00
CUST-02573,Customer 2573,customer2573@example.com,AU,consumer,2022-12-03T00:00:00
CUST-02574,Customer 2574,customer2574@example.com,BR,enterprise,2022-11-10T00:00:00
CUST-02575,Customer 2575,customer2575@example.com,JP,mid-market,2020-09-14T00:00:00
CUST-02576,Customer 2576,customer2576@example.com,KR,enterprise,2020-06-27T00:00:00
CUST-02577,Customer 2577,customer2577@example.com,UK,enterprise,2022-05-22T00:00:00
CUST-02578,Customer 2578,customer2578@example.com,AU,small-business,2021-01-01T00:00:00
CUST-02579,Customer 2579,customer2579@example.com,CA,small-business,2021-06-08T00:00:00
CUST-02580,Customer 2580,customer2580@example.com,FR,small-business,2021-01-02T00:00:00
CUST-02581,Customer 2581,customer2581@example.com,UK,small-business,2021-01-15T00:00:00
CUST-02582,Customer 2582,customer2582@example.com,JP,enterprise,2022-06-06T00:00:00
CUST-02583,Customer 2583,customer2583@example.com,UK,small-business,2023-04-07T00:00:00
CUST-02584,Customer 2584,customer2584@example.com,DE,enterprise,2022-02-20T00:00:00
CUST-02585,Customer 2585,customer2585@example.com,US,enterprise,2022-03-03T00:00:00
CUST-02586,Customer 2586,customer2586@example.com,CA,mid-market,2023-01-02T00:00:00
CUST-02587,Customer 2587,customer2587@example.com,IN,small-business,2021-03-10T00:00:00
CUST-02588,Customer 2588,customer2588@example.com,CA,consumer,2023-06-15T00:00:00
CUST-02589,Customer 2589,customer2589@example.com,IN,mid-market,2023-01-12T00:00:00
CUST-02590,Customer 2590,customer2590@example.com,FR,small-business,2021-12-04T00:00:00
CUST-02591,Customer 2591,customer2591@example.com,KR,consumer,2023-01-04T00:00:00
CUST-02592,Customer 2592,customer2592@example.com,UK,enterprise,2020-04-25T00:00:00
CUST-02593,Customer 2593,customer2593@example.com,JP,consumer,2021-03-24T00:00:00
CUST-02594,Customer 2594,customer2594@example.com,IN,small-business,2022-05-11T00:00:00
CUST-02595,Customer 2595,customer2595@example.com,UK,small-business,2021-09-21T00:00:00
CUST-02596,Customer 2596,customer2596@example.com,CA,mid-market,2022-06-29T00:00:00
CUST-02597,Customer 2597,customer2597@example.com,DE,enterprise,2020-01-20T00:00:00
CUST-02598,Customer 2598,customer2598@example.com,IN,enterprise,2021-03-05T00:00:00
CUST-02599,Customer 2599,customer2599@example.com,BR,enterprise,2020-02-29T00:00:00
CUST-02600,Customer 2600,customer2600@example.com,UK,small-business,2022-04-04T00:00:00
CUST-02601,Customer 2601,customer2601@example.com,UK,enterprise,2023-08-03T00:00:00
CUST-02602,Customer 2602,customer2602@example.com,CA,mid-market,2022-08-17T00:00:00
CUST-02603,Customer 2603,customer2603@example.com,BR,enterprise,2021-06-16T00:00:00
CUST-02604,Customer 2604,customer2604@example.com,AU,mid-market,2022-09-17T00:00:00
CUST-02605,Customer 2605,customer2605@example.com,DE,small-business,2021-01-14T00:00:00
CUST-02606,Customer 2606,customer2606@example.com,JP,mid-market,2020-01-12T00:00:00
CUST-02607,Customer 2607,customer2607@example.com,BR,small-business,2020-03-01T00:00:00
CUST-02608,Customer 2608,customer2608@example.com,DE,small-business,2021-01-20T00:00:00
CUST-02609,Customer 2609,customer2609@example.com,IN,small-business,2020-11-04T00:00:00
CUST-02610,Customer 2610,customer2610@example.com,IN,enterprise,2023-05-09T00:00:00
CUST-02611,Customer 2611,customer2611@example.com,IN,small-business,2021-02-11T00:00:00
CUST-02612,Customer 2612,customer2612@example.com,DE,consumer,2023-04-25T00:00:00
CUST-02613,Customer 2613,customer2613@example.com,US,consumer,2020-07-07T00:00:00
CUST-02614,Customer 2614,customer2614@example.com,FR,consumer,2023-03-04T00:00:00
CUST-02615,Customer 2615,customer2615@example.com,UK,mid-market,2020-11-30T00:00:00
CUST-02616,Customer 2616,customer2616@example.com,UK,mid-market,2023-05-23T00:00:00
CUST-02617,Customer 2617,customer2617@example.com,CA,mid-market,2021-06-25T00:00:00
CUST-02618,Customer 2618,customer2618@example.com,JP,small-business,2023-01-15T00:00:00
CUST-02619,Customer 2619,customer2619@example.com,DE,consumer,2021-02-19T00:00:00
CUST-02620,Customer 2620,customer2620@example.com,US,small-business,2021-02-12T00:00:00
CUST-02621,Customer 2621,customer2621@example.com,AU,consumer,2020-11-21T00:00:00
CUST-02622,Customer 2622,customer2622@example.com,JP,small-business,2022-07-02T00:00:00
CUST-02623,Customer 2623,customer2623@example.com,DE,mid-market,2021-07-08T00:00:00
CUST-02624,Customer 2624,customer2624@example.com,BR,small-business,2022-06-30T00:00:00
CUST-02625,Customer 2625,customer2625@example.com,US,mid-market,2023-09-19T00:00:00
CUST-02626,Customer 2626,customer2626@example.com,DE,enterprise,2022-12-29T00:00:00
CUST-02627,Customer 2627,customer2627@example.com,US,small-business,2023-06-04T00:00:00
CUST-02628,Customer 2628,customer2628@example.com,KR,mid-market,2022-05-01T00:00:00
CUST-02629,Customer 2629,customer2629@example.com,FR,mid-market,2021-07-24T00:00:00
CUST-02630,Customer 2630,customer2630@example.com,UK,mid-market,2020-05-06T00:00:00
CUST-02631,Customer 2631,customer2631@example.com,CA,small-business,2020-07-29T00:00:00
CUST-02632,Customer 2632,customer2632@example.com,JP,consumer,2022-07-15T00:00:00
CUST-02633,Customer 2633,customer2633@example.com,US,mid-market,2021-12-27T00:00:00
CUST-02634,Customer 2634,customer2634@example.com,KR,mid-market,2020-10-21T00:00:00
CUST-02635,Customer 2635,customer2635@example.com,JP,mid-market,2020-02-05T00:00:00
CUST-02636,Customer 2636,customer2636@example.com,KR,enterprise,2021-05-06T00:00:00
CUST-02637,Customer 2637,customer2637@example.com,FR,consumer,2022-11-23T00:00:00
CUST-02638,Customer 2638,customer2638@example.com,US,consumer,2021-01-01T00:00:00
CUST-02639,Customer 2639,customer2639@example.com,JP,small-business,2020-08-02T00:00:00
CUST-02640,Customer 2640,customer2640@example.com,US,enterprise,2022-11-11T00:00:00
CUST-02641,Customer 2641,customer2641@example.com,IN,small-business,2022-09-20T00:00:00
CUST-02642,Customer 2642,customer2642@example.com,BR,consumer,2022-05-26T00:00:00
CUST-02643,Customer 2643,customer2643@example.com,CA,enterprise,2021-01-23T00:00:00
CUST-02644,Customer 2644,customer2644@example.com,UK,small-business,2020-08-19T00:00:00
CUST-02645,Customer 2645,customer2645@example.com,IN,consumer,2020-01-16T00:00:00
CUST-02646,Customer 2646,customer2646@example.com,JP,mid-market,2023-04-22T00:00:00
CUST-02647,Customer 2647,customer2647@example.com,US,enterprise,2021-03-21T00:00:00
CUST-02648,Customer 2648,customer2648@example.com,IN,mid-market,2022-06-29T00:00:00
CUST-02649,Customer 2649,customer2649@example.com,JP,small-business,2023-02-18T00:00:00
CUST-02650,Customer 2650,customer2650@example.com,CA,small-business,2021-06-03T00:00:00
CUST-02651,Customer 2651,customer2651@example.com,CA,small-business,2020-12-22T00:00:00
CUST-02652,Customer 2652,customer2652@example.com,JP,enterprise,2022-10-18T00:00:00
CUST-02653,Customer 2653,customer2653@example.com,FR,mid-market,2020-03-20T00:00:00
CUST-02654,Customer 2654,customer2654@example.com,FR,consumer,2021-03-15T00:00:00
CUST-02655,Customer 2655,customer2655@example.com,BR,mid-market,2023-10-06T00:00:00
CUST-02656,Customer 2656,customer2656@example.com,JP,enterprise,2022-10-13T00:00:00
CUST-02657,Customer 2657,customer2657@example.com,FR,mid-market,2023-07-24T00:00:00
CUST-02658,Customer 2658,customer2658@example.com,US,enterprise,2020-07-29T00:00:00
CUST-02659,Customer 2659,customer2659@example.com,CA,mid-market,2021-07-17T00:00:00
CUST-02660,Customer 2660,customer2660@example.com,UK,enterprise,2022-10-22T00:00:00
CUST-02661,Customer 2661,customer2661@example.com,AU,small-business,2020-05-19T00:00:00
CUST-02662,Customer 2662,customer2662@example.com,IN,enterprise,2021-09-04T00:00:00
CUST-02663,Customer 2663,customer2663@example.com,US,small-business,2021-11-06T00:00:00
CUST-02664,Customer 2664,customer2664@example.com,KR,small-business,2021-07-21T00:00:00
CUST-02665,Customer 2665,customer2665@example.com,UK,enterprise,2022-08-02T00:00:00
CUST-02666,Customer 2666,customer2666@example.com,KR,small-business,2023-05-04T00:00:00
CUST-02667,Customer 2667,customer2667@example.com,KR,enterprise,2021-01-25T00:00:00
CUST-02668,Customer 2668,customer2668@example.com,KR,enterprise,2022-08-14T00:00:00
CUST-02669,Customer 2669,customer2669@example.com,KR,small-business,2021-12-28T00:00:00
CUST-02670,Customer 2670,customer2670@example.com,JP,enterprise,2021-11-11T00:00:00
CUST-02671,Customer 2671,customer2671@example.com,KR,enterprise,2022-07-29T00:00:00
CUST-02672,Customer 2672,customer2672@example.com,AU,consumer,2023-07-31T00:00:00
CUST-02673,Customer 2673,customer2673@example.com,FR,consumer,2023-04-27T00:00:00
CUST-02674,Customer 2674,customer2674@example.com,JP,small-business,2020-05-27T00:00:00
CUST-02675,Customer 2675,customer2675@example.com,AU,consumer,2020-04-25T00:00:00
CUST-02676,Customer 2676,customer2676@example.com,BR,consumer,2021-06-05T00:00:00
CUST-02677,Customer 2677,customer2677@example.com,BR,small-business,2020-01-22T00:00:00
CUST-02678,Customer 2678,customer2678@example.com,KR,mid-market,2023-05-27T00:00:00
CUST-02679,Customer 2679,customer2679@example.com,BR,consumer,2022-06-02T00:00:00
CUST-02680,Customer 2680,customer2680@example.com,US,enterprise,2020-01-10T00:00:00
CUST-02681,Customer 2681,customer2681@example.com,FR,small-business,2021-08-15T00:00:00
CUST-02682,Customer 2682,customer2682@example.com,CA,small-business,2023-07-15T00:00:00
CUST-02683,Customer 2683,customer2683@example.com,JP,small-business,2020-08-18T00:00:00
CUST-02684,Customer 2684,customer2684@example.com,IN,consumer,2020-01-15T00:00:00
CUST-02685,Customer 2685,customer2685@example.com,JP,enterprise,2021-08-09T00:00:00
CUST-02686,Customer 2686,customer2686@example.com,UK,enterprise,2020-03-16T00:00:00
CUST-02687,Customer 2687,customer2687@example.com,UK,enterprise,2023-08-09T00:00:00
CUST-02688,Customer 2688,customer2688@example.com,BR,enterprise,2020-03-12T00:00:00
CUST-02689,Customer 2689,customer2689@example.com,IN,enterprise,2021-09-21T00:00:00
CUST-02690,Customer 2690,customer2690@example.com,KR,consumer,2023-01-28T00:00:00
CUST-02691,Customer 2691,customer2691@example.com,UK,consumer,2020-09-24T00:00:00
CUST-02692,Customer 2692,customer2692@example.com,IN,mid-market,2020-06-09T00:00:00
CUST-02693,Customer 2693,customer2693@example.com,BR,small-business,2022-05-02T00:00:00
CUST-02694,Customer 2694,customer2694@example.com,UK,small-business,2023-07-14T00:00:00
CUST-02695,Customer 2695,customer2695@example.com,IN,consumer,2022-04-22T00:00:00
CUST-02696,Customer 2696,customer2696@example.com,KR,enterprise,2022-02-16T00:00:00
CUST-02697,Customer 2697,customer2697@example.com,IN,consumer,2023-04-09T00:00:00
CUST-02698,Customer 2698,customer2698@example.com,UK,small-business,2020-01-11T00:00:00
CUST-02699,Customer 2699,customer2699@example.com,US,small-business,2020-04-20T00:00:00
CUST-02700,Customer 2700,customer2700@example.com,BR,small-business,2021-09-20T00:00:00
CUST-02701,Customer 2701,customer2701@example.com,KR,mid-market,2020-11-03T00:00:00
CUST-02702,Customer 2702,customer2702@example.com,AU,consumer,2020-10-30T00:00:00
CUST-02703,Customer 2703,customer2703@example.com,UK,mid-market,2020-09-08T00:00:00
CUST-02704,Customer 2704,customer2704@example.com,US,consumer,2021-01-21T00:00:00
CUST-02705,Customer 2705,customer2705@example.com,JP,enterprise,2020-03-24T00:00:00
CUST-02706,Customer 2706,customer2706@example.com,UK,consumer,2020-10-03T00:00:00
CUST-02707,Customer 2707,customer2707@example.com,CA,enterprise,2021-04-26T00:00:00
CUST-02708,Customer 2708,customer2708@example.com,FR,small-business,2023-11-23T00:00:00
CUST-02709,Customer 2709,customer2709@example.com,UK,small-business,2021-02-21T00:00:00
CUST-02710,Customer 2710,customer2710@example.com,CA,mid-market,2023-05-07T00:00:00
CUST-02711,Customer 2711,customer2711@example.com,BR,mid-market,2020-01-01T00:00:00
CUST-02712,Customer 2712,customer2712@example.com,JP,mid-market,2021-09-11T00:00:00
CUST-02713,Customer 2713,customer2713@example.com,UK,enterprise,2021-02-16T00:00:00
CUST-02714,Customer 2714,customer2714@example.com,KR,mid-market,2022-11-14T00:00:00
CUST-02715,Customer 2715,customer2715@example.com,UK,small-business,2022-09-07T00:00:00
CUST-02716,Customer 2716,customer2716@example.com,KR,consumer,2020-02-24T00:00:00
CUST-02717,Customer 2717,customer2717@example.com,BR,small-business,2020-02-01T00:00:00
CUST-02718,Customer 2718,customer2718@example.com,KR,mid-market,2020-04-09T00:00:00
CUST-02719,Customer 2719,customer2719@example.com,KR,consumer,2020-12-03T00:00:00
CUST-02720,Customer 2720,customer2720@example.com,CA,enterprise,2022-08-12T00:00:00
CUST-02721,Customer 2721,customer2721@example.com,US,mid-market,2021-01-13T00:00:00
CUST-02722,Customer 2722,customer2722@example.com,CA,mid-market,2022-01-31T00:00:00
CUST-02723,Customer 2723,customer2723@example.com,KR,small-business,2021-07-30T00:00:00
CUST-02724,Customer 2724,customer2724@example.com,IN,small-business,2020-11-04T00:00:00
CUST-02725,Customer 2725,customer2725@example.com,JP,enterprise,2021-06-16T00:00:00
CUST-02726,Customer 2726,customer2726@example.com,BR,consumer,2021-10-01T00:00:00
CUST-02727,Customer 2727,customer2727@example.com,FR,small-business,2022-12-12T00:00:00
CUST-02728,Customer 2728,customer2728@example.com,DE,mid-market,2021-11-04T00:00:00
CUST-02729,Customer 2729,customer2729@example.com,AU,mid-market,2020-11-08T00:00:00
CUST-02730,Customer 2730,customer2730@example.com,DE,small-business,2023-11-08T00:00:00
CUST-02731,Customer 2731,customer2731@example.com,CA,small-business,2021-02-04T00:00:00
CUST-02732,Customer 2732,customer2732@example.com,IN,mid-market,2020-05-11T00:00:00
CUST-02733,Customer 2733,customer2733@example.com,JP,enterprise,2022-10-18T00:00:00
CUST-02734,Customer 2734,customer2734@example.com,US,consumer,2020-04-20T00:00:00
CUST-02735,Customer 2735,customer2735@example.com,IN,enterprise,2020-07-31T00:00:00
CUST-02736,Customer 2736,customer2736@example.com,DE,enterprise,2020-09-01T00:00:00
CUST-02737,Customer 2737,customer2737@example.com,US,small-business,2023-06-02T00:00:00
CUST-02738,Customer 2738,customer2738@example.com,CA,enterprise,2021-03-10T00:00:00
CUST-02739,Customer 2739,customer2739@example.com,AU,consumer,2021-11-24T00:00:00
CUST-02740,Customer 2740,customer2740@example.com,JP,small-business,2022-03-12T00:00:00
CUST-02741,Customer 2741,customer2741@example.com,KR,consumer,2021-09-22T00:00:00
CUST-02742,Customer 2742,customer2742@example.com,JP,consumer,2023-01-18T00:00:00
CUST-02743,Customer 2743,customer2743@example.com,BR,small-business,2023-09-28T00:00:00
CUST-02744,Customer 2744,customer2744@example.com,UK,consumer,2020-04-29T00:00:00
CUST-02745,Customer 2745,customer2745@example.com,AU,small-business,2022-02-19T00:00:00
CUST-02746,Customer 2746,customer2746@example.com,CA,small-business,2022-02-25T00:00:00
CUST-02747,Customer 2747,customer2747@example.com,JP,consumer,2021-02-08T00:00:00
CUST-02748,Customer 2748,customer2748@example.com,BR,enterprise,2020-10-22T00:00:00
CUST-02749,Customer 2749,customer2749@example.com,CA,mid-market,2020-03-15T00:00:00
CUST-02750,Customer 2750,customer2750@example.com,JP,mid-market,2023-07-09T00:00:00
CUST-02751,Customer 2751,customer2751@example.com,CA,enterprise,2022-08-12T00:00:00
CUST-02752,Customer 2752,customer2752@example.com,IN,small-business,2023-12-05T00:00:00
CUST-02753,Customer 2753,customer2753@example.com,US,consumer,2023-02-22T00:00:00
CUST-02754,Customer 2754,customer2754@example.com,UK,mid-market,2022-09-05T00:00:00
CUST-02755,Customer 2755,customer2755@example.com,JP,consumer,2022-07-16T00:00:00
CUST-02756,Customer 2756,customer2756@example.com,IN,consumer,2022-03-22T00:00:00
CUST-02757,Customer 2757,customer2757@example.com,UK,mid-market,2021-09-19T00:00:00
CUST-02758,Customer 2758,customer2758@example.com,AU,consumer,2021-05-06T00:00:00
CUST-02759,Customer 2759,customer2759@example.com,UK,mid-market,2021-12-03T00:00:00
CUST-02760,Customer 2760,customer2760@example.com,UK,small-business,2023-12-14T00:00:00
CUST-02761,Customer 2761,customer2761@example.com,IN,enterprise,2022-03-23T00:00:00
CUST-02762,Customer 2762,customer2762@example.com,JP,mid-market,2022-08-09T00:00:00
CUST-02763,Customer 2763,customer2763@example.com,KR,small-business,2023-11-18T00:00:00
CUST-02764,Customer 2764,customer2764@example.com,AU,consumer,2023-09-22T00:00:00
CUST-02765,Customer 2765,customer2765@example.com,FR,enterprise,2020-06-25T00:00:00
CUST-02766,Customer 2766,customer2766@example.com,KR,enterprise,2020-08-10T00:00:00
CUST-02767,Customer 2767,customer2767@example.com,BR,consumer,2020-08-21T00:00:00
CUST-02768,Customer 2768,customer2768@example.com,FR,enterprise,2022-08-09T00:00:00
CUST-02769,Customer 2769,customer2769@example.com,KR,small-business,2020-02-12T00:00:00
CUST-02770,Customer 2770,customer2770@example.com,UK,small-business,2022-03-10T00:00:00
CUST-02771,Customer 2771,customer2771@example.com,BR,small-business,2021-07-11T00:00:00
CUST-02772,Customer 2772,customer2772@example.com,DE,enterprise,2021-09-13T00:00:00
CUST-02773,Customer 2773,customer2773@example.com,US,mid-market,2023-01-24T00:00:00
CUST-02774,Customer 2774,customer2774@example.com,UK,consumer,2023-04-02T00:00:00
CUST-02775,Customer 2775,customer2775@example.com,AU,small-business,2021-11-10T00:00:00
CUST-02776,Customer 2776,customer2776@example.com,KR,small-business,2022-02-26T00:00:00
CUST-02777,Customer 2777,customer2777@example.com,US,enterprise,2020-11-17T00:00:00
CUST-02778,Customer 2778,customer2778@example.com,JP,small-business,2022-03-24T00:00:00
CUST-02779,Customer 2779,customer2779@example.com,DE,enterprise,2023-09-28T00:00:00
CUST-02780,Customer 2780,customer2780@example.com,BR,enterprise,2023-09-25T00:00:00
CUST-02781,Customer 2781,customer2781@example.com,AU,mid-market,2022-01-19T00:00:00
CUST-02782,Customer 2782,customer2782@example.com,JP,mid-market,2021-07-14T00:00:00
CUST-02783,Customer 2783,customer2783@example.com,CA,enterprise,2023-10-24T00:00:00
CUST-02784,Customer 2784,customer2784@example.com,KR,consumer,2022-06-01T00:00:00
CUST-02785,Customer 2785,customer2785@example.com,JP,consumer,2023-10-26T00:00:00
CUST-02786,Customer 2786,customer2786@example.com,BR,small-business,2020-05-14T00:00:00
CUST-02787,Customer 2787,customer2787@example.com,IN,consumer,2020-06-24T00:00:00
CUST-02788,Customer 2788,customer2788@example.com,FR,consumer,2023-04-14T00:00:00
CUST-02789,Customer 2789,customer2789@example.com,JP,mid-market,2022-04-06T00:00:00
CUST-02790,Customer 2790,customer2790@example.com,UK,enterprise,2021-07-15T00:00:00
CUST-02791,Customer 2791,customer2791@example.com,DE,enterprise,2022-05-20T00:00:00
CUST-02792,Customer 2792,customer2792@example.com,US,small-business,2021-04-18T00:00:00
CUST-02793,Customer 2793,customer2793@example.com,JP,enterprise,2023-02-01T00:00:00
CUST-02794,Customer 2794,customer2794@example.com,BR,enterprise,2021-07-28T00:00:00
CUST-02795,Customer 2795,customer2795@example.com,AU,mid-market,2021-05-31T00:00:00
CUST-02796,Customer 2796,customer2796@example.com,UK,mid-market,2021-02-08T00:00:00
CUST-02797,Customer 2797,customer2797@example.com,FR,mid-market,2023-07-14T00:00:00
CUST-02798,Customer 2798,customer2798@example.com,IN,mid-market,2022-05-29T00:00:00
CUST-02799,Customer 2799,customer2799@example.com,IN,small-business,2020-10-11T00:00:00
CUST-02800,Customer 2800,customer2800@example.com,FR,enterprise,2021-03-21T00:00:00
CUST-02801,Customer 2801,customer2801@example.com,BR,mid-market,2022-06-20T00:00:00
CUST-02802,Customer 2802,customer2802@example.com,JP,mid-market,2023-05-31T00:00:00
CUST-02803,Customer 2803,customer2803@example.com,KR,mid-market,2020-05-15T00:00:00
CUST-02804,Customer 2804,customer2804@example.com,JP,consumer,2023-09-02T00:00:00
CUST-02805,Customer 2805,customer2805@example.com,BR,enterprise,2021-11-12T00:00:00
CUST-02806,Customer 2806,customer2806@example.com,DE,consumer,2022-11-08T00:00:00
CUST-02807,Customer 2807,customer2807@example.com,JP,enterprise,2020-09-21T00:00:00
CUST-02808,Customer 2808,customer2808@example.com,FR,small-business,2020-02-03T00:00:00
CUST-02809,Customer 2809,customer2809@example.com,BR,mid-market,2022-01-20T00:00:00
CUST-02810,Customer 2810,customer2810@example.com,AU,small-business,2020-02-25T00:00:00
CUST-02811,Customer 2811,customer2811@example.com,UK,consumer,2020-04-05T00:00:00
CUST-02812,Customer 2812,customer2812@example.com,KR,small-business,2021-10-23T00:00:00
CUST-02813,Customer 2813,customer2813@example.com,KR,consumer,2022-09-06T00:00:00
CUST-02814,Customer 2814,customer2814@example.com,KR,mid-market,2020-07-05T00:00:00
CUST-02815,Customer 2815,customer2815@example.com,BR,consumer,2021-11-30T00:00:00
CUST-02816,Customer 2816,customer2816@example.com,AU,small-business,2022-08-11T00:00:00
CUST-02817,Customer 2817,customer2817@example.com,US,consumer,2020-08-09T00:00:00
CUST-02818,Customer 2818,customer2818@example.com,BR,small-business,2023-11-22T00:00:00
CUST-02819,Customer 2819,customer2819@example.com,UK,mid-market,2021-11-25T00:00:00
CUST-02820,Customer 2820,customer2820@example.com,UK,small-business,2020-09-02T00:00:00
CUST-02821,Customer 2821,customer2821@example.com,BR,enterprise,2022-02-24T00:00:00
CUST-02822,Customer 2822,customer2822@example.com,BR,small-business,2023-08-05T00:00:00
CUST-02823,Customer 2823,customer2823@example.com,CA,small-business,2023-11-13T00:00:00
CUST-02824,Customer 2824,customer2824@example.com,FR,mid-market,2021-09-28T00:00:00
CUST-02825,Customer 2825,customer2825@example.com,CA,mid-market,2020-02-19T00:00:00
CUST-02826,Customer 2826,customer2826@example.com,DE,consumer,2023-05-24T00:00:00
CUST-02827,Customer 2827,customer2827@example.com,UK,small-business,2020-06-07T00:00:00
CUST-02828,Customer 2828,customer2828@example.com,AU,small-business,2022-11-09T00:00:00
CUST-02829,Customer 2829,customer2829@example.com,UK,consumer,2021-10-15T00:00:00
CUST-02830,Customer 2830,customer2830@example.com,CA,enterprise,2023-06-10T00:00:00
CUST-02831,Customer 2831,customer2831@example.com,US,mid-market,2022-03-10T00:00:00
CUST-02832,Customer 2832,customer2832@example.com,AU,small-business,2022-05-29T00:00:00
CUST-02833,Customer 2833,customer2833@example.com,DE,consumer,2020-04-25T00:00:00
CUST-02834,Customer 2834,customer2834@example.com,FR,mid-market,2021-06-20T00:00:00
CUST-02835,Customer 2835,customer2835@example.com,AU,mid-market,2021-12-31T00:00:00
CUST-02836,Customer 2836,customer2836@example.com,FR,small-business,2023-05-21T00:00:00
CUST-02837,Customer 2837,customer2837@example.com,DE,mid-market,2023-08-19T00:00:00
CUST-02838,Customer 2838,customer2838@example.com,FR,consumer,2020-11-21T00:00:00
CUST-02839,Customer 2839,customer2839@example.com,KR,consumer,2022-06-18T00:00:00
CUST-02840,Customer 2840,customer2840@example.com,CA,enterprise,2023-12-28T00:00:00
CUST-02841,Customer 2841,customer2841@example.com,AU,mid-market,2023-04-10T00:00:00
CUST-02842,Customer 2842,customer2842@example.com,DE,small-business,2020-06-14T00:00:00
CUST-02843,Customer 2843,customer2843@example.com,KR,enterprise,2021-04-24T00:00:00
CUST-02844,Customer 2844,customer2844@example.com,KR,small-business,2022-02-25T00:00:00
CUST-02845,Customer 2845,customer2845@example.com,KR,small-business,2020-03-21T00:00:00
CUST-02846,Customer 2846,customer2846@example.com,KR,mid-market,2022-01-10T00:00:00
CUST-02847,Customer 2847,customer2847@example.com,US,consumer,2022-06-15T00:00:00
CUST-02848,Customer 2848,customer2848@example.com,UK,small-business,2022-03-29T00:00:00
CUST-02849,Customer 2849,customer2849@example.com,DE,enterprise,2021-04-24T00:00:00
CUST-02850,Customer 2850,customer2850@example.com,JP,consumer,2023-08-12T00:00:00
CUST-02851,Customer 2851,customer2851@example.com,AU,small-business,2021-07-08T00:00:00
CUST-02852,Customer 2852,customer2852@example.com,BR,small-business,2021-02-01T00:00:00
CUST-02853,Customer 2853,customer2853@example.com,FR,consumer,2020-05-18T00:00:00
CUST-02854,Customer 2854,customer2854@example.com,US,small-business,2020-04-01T00:00:00
CUST-02855,Customer 2855,customer2855@example.com,KR,mid-market,2021-02-08T00:00:00
CUST-02856,Customer 2856,customer2856@example.com,BR,mid-market,2020-10-26T00:00:00
CUST-02857,Customer 2857,customer2857@example.com,AU,small-business,2021-03-24T00:00:00
CUST-02858,Customer 2858,customer2858@example.com,AU,mid-market,2020-07-18T00:00:00
CUST-02859,Customer 2859,customer2859@example.com,KR,mid-market,2020-06-09T00:00:00
CUST-02860,Customer 2860,customer2860@example.com,DE,consumer,2023-10-14T00:00:00
CUST-02861,Customer 2861,customer2861@example.com,KR,consumer,2022-12-04T00:00:00
CUST-02862,Customer 2862,customer2862@example.com,BR,consumer,2023-09-20T00:00:00
CUST-02863,Customer 2863,customer2863@example.com,UK,small-business,2020-02-06T00:00:00
CUST-02864,Customer 2864,customer2864@example.com,US,enterprise,2023-04-11T00:00:00
CUST-02865,Customer 2865,customer2865@example.com,CA,enterprise,2022-10-16T00:00:00
CUST-02866,Customer 2866,customer2866@example.com,JP,small-business,2021-04-04T00:00:00
CUST-02867,Customer 2867,customer2867@example.com,AU,small-business,2020-01-03T00:00:00
CUST-02868,Customer 2868,customer2868@example.com,JP,small-business,2020-04-20T00:00:00
CUST-02869,Customer 2869,customer2869@example.com,FR,small-business,2020-05-28T00:00:00
CUST-02870,Customer 2870,customer2870@example.com,US,consumer,2023-06-22T00:00:00
CUST-02871,Customer 2871,customer2871@example.com,CA,small-business,2021-06-01T00:00:00
CUST-02872,Customer 2872,customer2872@example.com,BR,enterprise,2021-07-17T00:00:00
CUST-02873,Customer 2873,customer2873@example.com,CA,consumer,2022-11-18T00:00:00
CUST-02874,Customer 2874,customer2874@example.com,DE,enterprise,2021-04-08T00:00:00
CUST-02875,Customer 2875,customer2875@example.com,AU,small-business,2023-01-22T00:00:00
CUST-02876,Customer 2876,customer2876@example.com,AU,consumer,2020-02-02T00:00:00
CUST-02877,Customer 2877,customer2877@example.com,FR,consumer,2020-05-14T00:00:00
CUST-02878,Customer 2878,customer2878@example.com,IN,consumer,2020-06-28T00:00:00
CUST-02879,Customer 2879,customer2879@example.com,UK,small-business,2020-01-18T00:00:00
CUST-02880,Customer 2880,customer2880@example.com,FR,mid-market,2022-03-15T00:00:00
CUST-02881,Customer 2881,customer2881@example.com,DE,small-business,2022-11-15T00:00:00
CUST-02882,Customer 2882,customer2882@example.com,FR,mid-market,2022-11-15T00:00:00
CUST-02883,Customer 2883,customer2883@example.com,CA,small-business,2020-10-18T00:00:00
CUST-02884,Customer 2884,customer2884@example.com,AU,mid-market,2022-06-30T00:00:00
CUST-02885,Customer 2885,customer2885@example.com,BR,small-business,2023-01-16T00:00:00
CUST-02886,Customer 2886,customer2886@example.com,IN,enterprise,2021-12-27T00:00:00
CUST-02887,Customer 2887,customer2887@example.com,AU,mid-market,2020-03-15T00:00:00
CUST-02888,Customer 2888,customer2888@example.com,AU,enterprise,2023-06-30T00:00:00
CUST-02889,Customer 2889,customer2889@example.com,AU,mid-market,2021-07-23T00:00:00
CUST-02890,Customer 2890,customer2890@example.com,UK,consumer,2021-02-06T00:00:00
CUST-02891,Customer 2891,customer2891@example.com,BR,consumer,2023-11-18T00:00:00
CUST-02892,Customer 2892,customer2892@example.com,BR,consumer,2022-08-17T00:00:00
CUST-02893,Customer 2893,customer2893@example.com,AU,enterprise,2023-09-08T00:00:00
CUST-02894,Customer 2894,customer2894@example.com,US,consumer,2021-01-09T00:00:00
CUST-02895,Customer 2895,customer2895@example.com,CA,small-business,2021-10-16T00:00:00
CUST-02896,Customer 2896,customer2896@example.com,CA,enterprise,2023-06-13T00:00:00
CUST-02897,Customer 2897,customer2897@example.com,KR,consumer,2022-06-08T00:00:00
CUST-02898,Customer 2898,customer2898@example.com,UK,enterprise,2023-09-12T00:00:00
CUST-02899,Customer 2899,customer2899@example.com,IN,consumer,2021-01-26T00:00:00
CUST-02900,Customer 2900,customer2900@example.com,KR,small-business,2023-04-18T00:00:00
CUST-02901,Customer 2901,customer2901@example.com,FR,small-business,2022-05-01T00:00:00
CUST-02902,Customer 2902,customer2902@example.com,AU,small-business,2022-12-04T00:00:00
CUST-02903,Customer 2903,customer2903@example.com,BR,mid-market,2022-12-22T00:00:00
CUST-02904,Customer 2904,customer2904@example.com,CA,enterprise,2021-06-23T00:00:00
CUST-02905,Customer 2905,customer2905@example.com,KR,enterprise,2023-06-10T00:00:00
CUST-02906,Customer 2906,customer2906@example.com,DE,mid-market,2023-10-20T00:00:00
CUST-02907,Customer 2907,customer2907@example.com,JP,mid-market,2021-02-28T00:00:00
CUST-02908,Customer 2908,customer2908@example.com,DE,small-business,2023-08-18T00:00:00
CUST-02909,Customer 2909,customer2909@example.com,IN,mid-market,2020-07-04T00:00:00
CUST-02910,Customer 2910,customer2910@example.com,BR,consumer,2023-09-13T00:00:00
CUST-02911,Customer 2911,customer2911@example.com,IN,small-business,2020-08-13T00:00:00
CUST-02912,Customer 2912,customer2912@example.com,JP,consumer,2020-02-27T00:00:00
CUST-02913,Customer 2913,customer2913@example.com,AU,consumer,2022-10-15T00:00:00
CUST-02914,Customer 2914,customer2914@example.com,DE,enterprise,2023-02-07T00:00:00
CUST-02915,Customer 2915,customer2915@example.com,IN,mid-market,2023-02-21T00:00:00
CUST-02916,Customer 2916,customer2916@example.com,AU,small-business,2020-03-04T00:00:00
CUST-02917,Customer 2917,customer2917@example.com,FR,mid-market,2023-06-24T00:00:00
CUST-02918,Customer 2918,customer2918@example.com,DE,mid-market,2023-11-14T00:00:00
CUST-02919,Customer 2919,customer2919@example.com,AU,small-business,2021-02-18T00:00:00
CUST-02920,Customer 2920,customer2920@example.com,US,enterprise,2022-02-28T00:00:00
CUST-02921,Customer 2921,customer2921@example.com,FR,mid-market,2023-10-28T00:00:00
CUST-02922,Customer 2922,customer2922@example.com,BR,small-business,2022-06-12T00:00:00
CUST-02923,Customer 2923,customer2923@example.com,BR,consumer,2022-06-05T00:00:00
CUST-02924,Customer 2924,customer2924@example.com,DE,small-business,2022-04-13T00:00:00
CUST-02925,Customer 2925,customer2925@example.com,CA,mid-market,2020-04-11T00:00:00
CUST-02926,Customer 2926,customer2926@example.com,BR,mid-market,2023-12-29T00:00:00
CUST-02927,Customer 2927,customer2927@example.com,CA,enterprise,2023-09-30T00:00:00
CUST-02928,Customer 2928,customer2928@example.com,UK,mid-market,2023-01-21T00:00:00
CUST-02929,Customer 2929,customer2929@example.com,UK,mid-market,2020-04-04T00:00:00
CUST-02930,Customer 2930,customer2930@example.com,KR,enterprise,2023-11-18T00:00:00
CUST-02931,Customer 2931,customer2931@example.com,BR,small-business,2022-03-26T00:00:00
CUST-02932,Customer 2932,customer2932@example.com,US,consumer,2023-11-01T00:00:00
CUST-02933,Customer 2933,customer2933@example.com,BR,enterprise,2023-10-30T00:00:00
CUST-02934,Customer 2934,customer2934@example.com,BR,enterprise,2022-03-12T00:00:00
CUST-02935,Customer 2935,customer2935@example.com,AU,mid-market,2022-08-26T00:00:00
CUST-02936,Customer 2936,customer2936@example.com,CA,enterprise,2023-06-17T00:00:00
CUST-02937,Customer 2937,customer2937@example.com,UK,mid-market,2023-07-31T00:00:00
CUST-02938,Customer 2938,customer2938@example.com,DE,enterprise,2022-12-26T00:00:00
CUST-02939,Customer 2939,customer2939@example.com,UK,consumer,2021-06-24T00:00:00
CUST-02940,Customer 2940,customer2940@example.com,KR,enterprise,2020-07-30T00:00:00
CUST-02941,Customer 2941,customer2941@example.com,JP,mid-market,2022-09-02T00:00:00
CUST-02942,Customer 2942,customer2942@example.com,IN,small-business,2021-03-07T00:00:00
CUST-02943,Customer 2943,customer2943@example.com,AU,consumer,2022-09-18T00:00:00
CUST-02944,Customer 2944,customer2944@example.com,KR,consumer,2022-09-10T00:00:00
CUST-02945,Customer 2945,customer2945@example.com,US,enterprise,2020-12-20T00:00:00
CUST-02946,Customer 2946,customer2946@example.com,BR,small-business,2021-03-17T00:00:00
CUST-02947,Customer 2947,customer2947@example.com,FR,small-business,2023-05-25T00:00:00
CUST-02948,Customer 2948,customer2948@example.com,AU,small-business,2020-06-26T00:00:00
CUST-02949,Customer 2949,customer2949@example.com,DE,small-business,2022-06-26T00:00:00
CUST-02950,Customer 2950,customer2950@example.com,JP,small-business,2022-04-27T00:00:00
CUST-02951,Customer 2951,customer2951@example.com,BR,mid-market,2021-04-26T00:00:00
CUST-02952,Customer 2952,customer2952@example.com,UK,mid-market,2023-05-28T00:00:00
CUST-02953,Customer 2953,customer2953@example.com,BR,small-business,2021-03-17T00:00:00
CUST-02954,Customer 2954,customer2954@example.com,US,mid-market,2022-05-01T00:00:00
CUST-02955,Customer 2955,customer2955@example.com,AU,small-business,2021-04-30T00:00:00
CUST-02956,Customer 2956,customer2956@example.com,AU,consumer,2021-08-13T00:00:00
CUST-02957,Customer 2957,customer2957@example.com,JP,enterprise,2022-04-05T00:00:00
CUST-02958,Customer 2958,customer2958@example.com,JP,mid-market,2022-07-09T00:00:00
CUST-02959,Customer 2959,customer2959@example.com,AU,small-business,2023-06-17T00:00:00
CUST-02960,Customer 2960,customer2960@example.com,AU,small-business,2023-12-16T00:00:00
CUST-02961,Customer 2961,customer2961@example.com,KR,small-business,2021-11-09T00:00:00
CUST-02962,Customer 2962,customer2962@example.com,CA,mid-market,2022-10-17T00:00:00
CUST-02963,Customer 2963,customer2963@example.com,AU,consumer,2023-10-26T00:00:00
CUST-02964,Customer 2964,customer2964@example.com,CA,mid-market,2023-03-03T00:00:00
CUST-02965,Customer 2965,customer2965@example.com,FR,small-business,2020-06-20T00:00:00
CUST-02966,Customer 2966,customer2966@example.com,DE,mid-market,2020-02-17T00:00:00
CUST-02967,Customer 2967,customer2967@example.com,US,enterprise,2021-02-24T00:00:00
CUST-02968,Customer 2968,customer2968@example.com,JP,enterprise,2021-10-25T00:00:00
CUST-02969,Customer 2969,customer2969@example.com,JP,enterprise,2022-08-31T00:00:00
CUST-02970,Customer 2970,customer2970@example.com,UK,small-business,2023-09-07T00:00:00
CUST-02971,Customer 2971,customer2971@example.com,FR,mid-market,2020-08-09T00:00:00
CUST-02972,Customer 2972,customer2972@example.com,IN,enterprise,2023-12-20T00:00:00
CUST-02973,Customer 2973,customer2973@example.com,AU,enterprise,2021-05-09T00:00:00
CUST-02974,Customer 2974,customer2974@example.com,CA,small-business,2020-09-30T00:00:00
CUST-02975,Customer 2975,customer2975@example.com,AU,enterprise,2021-05-12T00:00:00
CUST-02976,Customer 2976,customer2976@example.com,FR,small-business,2020-02-29T00:00:00
CUST-02977,Customer 2977,customer2977@example.com,IN,consumer,2022-11-10T00:00:00
CUST-02978,Customer 2978,customer2978@example.com,AU,enterprise,2023-11-25T00:00:00
CUST-02979,Customer 2979,customer2979@example.com,AU,consumer,2020-02-19T00:00:00
CUST-02980,Customer 2980,customer2980@example.com,DE,enterprise,2020-07-13T00:00:00
CUST-02981,Customer 2981,customer2981@example.com,US,small-business,2020-08-25T00:00:00
CUST-02982,Customer 2982,customer2982@example.com,BR,small-business,2020-11-02T00:00:00
CUST-02983,Customer 2983,customer2983@example.com,KR,enterprise,2022-04-29T00:00:00
CUST-02984,Customer 2984,customer2984@example.com,BR,consumer,2023-03-10T00:00:00
CUST-02985,Customer 2985,customer2985@example.com,DE,mid-market,2022-01-01T00:00:00
CUST-02986,Customer 2986,customer2986@example.com,AU,small-business,2022-12-21T00:00:00
CUST-02987,Customer 2987,customer2987@example.com,IN,mid-market,2021-12-27T00:00:00
CUST-02988,Customer 2988,customer2988@example.com,DE,mid-market,2023-05-14T00:00:00
CUST-02989,Customer 2989,customer2989@example.com,BR,small-business,2021-01-18T00:00:00
CUST-02990,Customer 2990,customer2990@example.com,AU,enterprise,2020-07-17T00:00:00
CUST-02991,Customer 2991,customer2991@example.com,DE,consumer,2021-11-14T00:00:00
CUST-02992,Customer 2992,customer2992@example.com,JP,enterprise,2021-08-18T00:00:00
CUST-02993,Customer 2993,customer2993@example.com,UK,enterprise,2023-04-01T00:00:00
CUST-02994,Customer 2994,customer2994@example.com,CA,small-business,2020-07-28T00:00:00
CUST-02995,Customer 2995,customer2995@example.com,IN,consumer,2022-09-22T00:00:00
CUST-02996,Customer 2996,customer2996@example.com,JP,enterprise,2022-07-30T00:00:00
CUST-02997,Customer 2997,customer2997@example.com,UK,mid-market,2022-11-16T00:00:00
CUST-02998,Customer 2998,customer2998@example.com,KR,mid-market,2020-01-29T00:00:00
CUST-02999,Customer 2999,customer2999@example.com,IN,enterprise,2022-09-22T00:00:00
CUST-03000,Customer 3000,customer3000@example.com,AU,enterprise,2021-04-03T00:00:00
CUST-03001,Customer 3001,customer3001@example.com,UK,small-business,2023-05-17T00:00:00
CUST-03002,Customer 3002,customer3002@example.com,US,small-business,2020-11-29T00:00:00
CUST-03003,Customer 3003,customer3003@example.com,JP,enterprise,2021-04-09T00:00:00
CUST-03004,Customer 3004,customer3004@example.com,US,enterprise,2023-07-24T00:00:00
CUST-03005,Customer 3005,customer3005@example.com,IN,mid-market,2022-12-01T00:00:00
CUST-03006,Customer 3006,customer3006@example.com,AU,small-business,2021-04-08T00:00:00
CUST-03007,Customer 3007,customer3007@example.com,US,mid-market,2020-06-15T00:00:00
CUST-03008,Customer 3008,customer3008@example.com,JP,enterprise,2022-09-16T00:00:00
CUST-03009,Customer 3009,customer3009@example.com,JP,enterprise,2020-01-24T00:00:00
CUST-03010,Customer 3010,customer3010@example.com,IN,small-business,2021-10-31T00:00:00
CUST-03011,Customer 3011,customer3011@example.com,JP,mid-market,2022-02-21T00:00:00
CUST-03012,Customer 3012,customer3012@example.com,AU,enterprise,2020-01-21T00:00:00
CUST-03013,Customer 3013,customer3013@example.com,KR,consumer,2022-03-11T00:00:00
CUST-03014,Customer 3014,customer3014@example.com,FR,small-business,2023-03-31T00:00:00
CUST-03015,Customer 3015,customer3015@example.com,JP,consumer,2023-03-08T00:00:00
CUST-03016,Customer 3016,customer3016@example.com,DE,mid-market,2022-05-18T00:00:00
CUST-03017,Customer 3017,customer3017@example.com,JP,mid-market,2021-04-07T00:00:00
CUST-03018,Customer 3018,customer3018@example.com,DE,consumer,2020-02-15T00:00:00
CUST-03019,Customer 3019,customer3019@example.com,UK,small-business,2021-11-24T00:00:00
CUST-03020,Customer 3020,customer3020@example.com,AU,mid-market,2021-04-02T00:00:00
CUST-03021,Customer 3021,customer3021@example.com,KR,consumer,2023-04-21T00:00:00
CUST-03022,Customer 3022,customer3022@example.com,US,small-business,2022-05-09T00:00:00
CUST-03023,Customer 3023,customer3023@example.com,AU,enterprise,2020-10-12T00:00:00
CUST-03024,Customer 3024,customer3024@example.com,BR,small-business,2021-11-08T00:00:00
CUST-03025,Customer 3025,customer3025@example.com,JP,small-business,2023-03-29T00:00:00
CUST-03026,Customer 3026,customer3026@example.com,AU,consumer,2020-01-03T00:00:00
CUST-03027,Customer 3027,customer3027@example.com,AU,enterprise,2020-09-10T00:00:00
CUST-03028,Customer 3028,customer3028@example.com,IN,mid-market,2023-12-07T00:00:00
CUST-03029,Customer 3029,customer3029@example.com,AU,consumer,2020-01-26T00:00:00
CUST-03030,Customer 3030,customer3030@example.com,AU,small-business,2023-04-08T00:00:00
CUST-03031,Customer 3031,customer3031@example.com,FR,mid-market,2023-10-02T00:00:00
CUST-03032,Customer 3032,customer3032@example.com,US,consumer,2023-08-27T00:00:00
CUST-03033,Customer 3033,customer3033@example.com,IN,consumer,2023-12-15T00:00:00
CUST-03034,Customer 3034,customer3034@example.com,BR,consumer,2021-06-06T00:00:00
CUST-03035,Customer 3035,customer3035@example.com,BR,consumer,2023-05-23T00:00:00
CUST-03036,Customer 3036,customer3036@example.com,AU,mid-market,2020-07-17T00:00:00
CUST-03037,Customer 3037,customer3037@example.com,JP,small-business,2023-01-06T00:00:00
CUST-03038,Customer 3038,customer3038@example.com,DE,consumer,2021-05-21T00:00:00
CUST-03039,Customer 3039,customer3039@example.com,BR,small-business,2021-05-24T00:00:00
CUST-03040,Customer 3040,customer3040@example.com,US,mid-market,2022-04-24T00:00:00
CUST-03041,Customer 3041,customer3041@example.com,UK,mid-market,2023-07-23T00:00:00
CUST-03042,Customer 3042,customer3042@example.com,JP,consumer,2021-03-12T00:00:00
CUST-03043,Customer 3043,customer3043@example.com,US,small-business,2020-03-04T00:00:00
CUST-03044,Customer 3044,customer3044@example.com,KR,mid-market,2020-04-09T00:00:00
CUST-03045,Customer 3045,customer3045@example.com,KR,enterprise,2022-12-09T00:00:00
CUST-03046,Customer 3046,customer3046@example.com,FR,mid-market,2022-12-14T00:00:00
CUST-03047,Customer 3047,customer3047@example.com,CA,consumer,2020-03-04T00:00:00
CUST-03048,Customer 3048,customer3048@example.com,KR,enterprise,2023-03-24T00:00:00
CUST-03049,Customer 3049,customer3049@example.com,DE,enterprise,2022-11-17T00:00:00
CUST-03050,Customer 3050,customer3050@example.com,US,enterprise,2022-03-17T00:00:00
CUST-03051,Customer 3051,customer3051@example.com,UK,consumer,2021-06-11T00:00:00
CUST-03052,Customer 3052,customer3052@example.com,FR,enterprise,2020-11-09T00:00:00
CUST-03053,Customer 3053,customer3053@example.com,UK,small-business,2023-01-18T00:00:00
CUST-03054,Customer 3054,customer3054@example.com,UK,enterprise,2021-05-31T00:00:00
CUST-03055,Customer 3055,customer3055@example.com,AU,enterprise,2023-10-25T00:00:00
CUST-03056,Customer 3056,customer3056@example.com,JP,small-business,2023-12-18T00:00:00
CUST-03057,Customer 3057,customer3057@example.com,IN,enterprise,2022-12-09T00:00:00
CUST-03058,Customer 3058,customer3058@example.com,IN,enterprise,2022-04-19T00:00:00
CUST-03059,Customer 3059,customer3059@example.com,FR,small-business,2021-02-26T00:00:00
CUST-03060,Customer 3060,customer3060@example.com,KR,mid-market,2023-04-17T00:00:00
CUST-03061,Customer 3061,customer3061@example.com,BR,small-business,2023-10-20T00:00:00
CUST-03062,Customer 3062,customer3062@example.com,IN,enterprise,2023-05-14T00:00:00
CUST-03063,Customer 3063,customer3063@example.com,DE,mid-market,2020-01-13T00:00:00
CUST-03064,Customer 3064,customer3064@example.com,US,enterprise,2023-03-08T00:00:00
CUST-03065,Customer 3065,customer3065@example.com,IN,enterprise,2023-11-01T00:00:00
CUST-03066,Customer 3066,customer3066@example.com,CA,enterprise,2021-10-05T00:00:00
CUST-03067,Customer 3067,customer3067@example.com,BR,consumer,2020-07-06T00:00:00
CUST-03068,Customer 3068,customer3068@example.com,DE,consumer,2023-05-17T00:00:00
CUST-03069,Customer 3069,customer3069@example.com,CA,mid-market,2022-07-13T00:00:00
CUST-03070,Customer 3070,customer3070@example.com,CA,small-business,2022-11-08T00:00:00
CUST-03071,Customer 3071,customer3071@example.com,DE,enterprise,2021-10-23T00:00:00
CUST-03072,Customer 3072,customer3072@example.com,JP,consumer,2021-09-14T00:00:00
CUST-03073,Customer 3073,customer3073@example.com,US,enterprise,2022-04-01T00:00:00
CUST-03074,Customer 3074,customer3074@example.com,JP,small-business,2022-06-22T00:00:00
CUST-03075,Customer 3075,customer3075@example.com,US,mid-market,2022-05-17T00:00:00
CUST-03076,Customer 3076,customer3076@example.com,BR,small-business,2020-05-06T00:00:00
CUST-03077,Customer 3077,customer3077@example.com,BR,enterprise,2021-11-11T00:00:00
CUST-03078,Customer 3078,customer3078@example.com,AU,small-business,2020-01-01T00:00:00
CUST-03079,Customer 3079,customer3079@example.com,DE,enterprise,2022-09-08T00:00:00
CUST-03080,Customer 3080,customer3080@example.com,DE,small-business,2022-06-22T00:00:00
CUST-03081,Customer 3081,customer3081@example.com,JP,consumer,2022-01-18T00:00:00
CUST-03082,Customer 3082,customer3082@example.com,AU,consumer,2022-03-10T00:00:00
CUST-03083,Customer 3083,customer3083@example.com,KR,enterprise,2022-12-14T00:00:00
CUST-03084,Customer 3084,customer3084@example.com,AU,enterprise,2022-02-04T00:00:00
CUST-03085,Customer 3085,customer3085@example.com,FR,enterprise,2021-11-19T00:00:00
CUST-03086,Customer 3086,customer3086@example.com,FR,consumer,2020-03-10T00:00:00
CUST-03087,Customer 3087,customer3087@example.com,BR,mid-market,2022-12-17T00:00:00
CUST-03088,Customer 3088,customer3088@example.com,DE,consumer,2022-06-15T00:00:00
CUST-03089,Customer 3089,customer3089@example.com,JP,small-business,2021-01-20T00:00:00
CUST-03090,Customer 3090,customer3090@example.com,IN,enterprise,2023-04-19T00:00:00
CUST-03091,Customer 3091,customer3091@example.com,KR,enterprise,2020-01-26T00:00:00
CUST-03092,Customer 3092,customer3092@example.com,FR,consumer,2023-10-07T00:00:00
CUST-03093,Customer 3093,customer3093@example.com,FR,consumer,2023-11-18T00:00:00
CUST-03094,Customer 3094,customer3094@example.com,FR,mid-market,2022-09-12T00:00:00
CUST-03095,Customer 3095,customer3095@example.com,IN,mid-market,2023-07-14T00:00:00
CUST-03096,Customer 3096,customer3096@example.com,FR,enterprise,2021-05-17T00:00:00
CUST-03097,Customer 3097,customer3097@example.com,BR,enterprise,2020-01-15T00:00:00
CUST-03098,Customer 3098,customer3098@example.com,US,enterprise,2023-09-28T00:00:00
CUST-03099,Customer 3099,customer3099@example.com,CA,mid-market,2021-03-28T00:00:00
CUST-03100,Customer 3100,customer3100@example.com,KR,mid-market,2023-04-07T00:00:00
CUST-03101,Customer 3101,customer3101@example.com,AU,small-business,2021-08-20T00:00:00
CUST-03102,Customer 3102,customer3102@example.com,IN,small-business,2021-08-11T00:00:00
CUST-03103,Customer 3103,customer3103@example.com,JP,mid-market,2023-11-26T00:00:00
CUST-03104,Customer 3104,customer3104@example.com,US,consumer,2021-02-21T00:00:00
CUST-03105,Customer 3105,customer3105@example.com,FR,consumer,2020-03-02T00:00:00
CUST-03106,Customer 3106,customer3106@example.com,JP,small-business,2022-12-05T00:00:00
CUST-03107,Customer 3107,customer3107@example.com,CA,enterprise,2023-10-26T00:00:00
CUST-03108,Customer 3108,customer3108@example.com,JP,mid-market,2022-08-30T00:00:00
CUST-03109,Customer 3109,customer3109@example.com,FR,enterprise,2021-05-14T00:00:00
CUST-03110,Customer 3110,customer3110@example.com,KR,small-business,2022-03-08T00:00:00
CUST-03111,Customer 3111,customer3111@example.com,IN,consumer,2023-08-09T00:00:00
CUST-03112,Customer 3112,customer3112@example.com,CA,small-business,2022-06-27T00:00:00
CUST-03113,Customer 3113,customer3113@example.com,US,small-business,2021-10-15T00:00:00
CUST-03114,Customer 3114,customer3114@example.com,DE,enterprise,2021-03-15T00:00:00
CUST-03115,Customer 3115,customer3115@example.com,US,mid-market,2023-03-02T00:00:00
CUST-03116,Customer 3116,customer3116@example.com,CA,consumer,2021-11-10T00:00:00
CUST-03117,Customer 3117,customer3117@example.com,KR,small-business,2020-03-24T00:00:00
CUST-03118,Customer 3118,customer3118@example.com,BR,small-business,2022-02-20T00:00:00
CUST-03119,Customer 3119,customer3119@example.com,CA,mid-market,2021-01-31T00:00:00
CUST-03120,Customer 3120,customer3120@example.com,CA,consumer,2022-12-18T00:00:00
CUST-03121,Customer 3121,customer3121@example.com,BR,consumer,2021-03-14T00:00:00
CUST-03122,Customer 3122,customer3122@example.com,AU,enterprise,2021-04-11T00:00:00
CUST-03123,Customer 3123,customer3123@example.com,FR,consumer,2021-02-14T00:00:00
CUST-03124,Customer 3124,customer3124@example.com,JP,consumer,2021-11-03T00:00:00
CUST-03125,Customer 3125,customer3125@example.com,IN,mid-market,2021-12-17T00:00:00
CUST-03126,Customer 3126,customer3126@example.com,US,enterprise,2023-12-18T00:00:00
CUST-03127,Customer 3127,customer3127@example.com,KR,consumer,2020-02-24T00:00:00
CUST-03128,Customer 3128,customer3128@example.com,IN,enterprise,2023-02-15T00:00:00
CUST-03129,Customer 3129,customer3129@example.com,DE,consumer,2020-04-12T00:00:00
CUST-03130,Customer 3130,customer3130@example.com,KR,enterprise,2021-06-22T00:00:00
CUST-03131,Customer 3131,customer3131@example.com,UK,enterprise,2022-08-15T00:00:00
CUST-03132,Customer 3132,customer3132@example.com,IN,small-business,2023-04-15T00:00:00
CUST-03133,Customer 3133,customer3133@example.com,CA,mid-market,2022-01-02T00:00:00
CUST-03134,Customer 3134,customer3134@example.com,IN,enterprise,2020-10-12T00:00:00
CUST-03135,Customer 3135,customer3135@example.com,US,small-business,2023-01-18T00:00:00
CUST-03136,Customer 3136,customer3136@example.com,US,small-business,2020-02-07T00:00:00
CUST-03137,Customer 3137,customer3137@example.com,CA,enterprise,2022-08-15T00:00:00
CUST-03138,Customer 3138,customer3138@example.com,CA,small-business,2022-06-13T00:00:00
CUST-03139,Customer 3139,customer3139@example.com,UK,mid-market,2022-03-23T00:00:00
CUST-03140,Customer 3140,customer3140@example.com,AU,mid-market,2021-07-14T00:00:00
CUST-03141,Customer 3141,customer3141@example.com,CA,mid-market,2023-03-29T00:00:00
CUST-03142,Customer 3142,customer3142@example.com,CA,consumer,2021-10-01T00:00:00
CUST-03143,Customer 3143,customer3143@example.com,JP,mid-market,2023-10-08T00:00:00
CUST-03144,Customer 3144,customer3144@example.com,DE,enterprise,2022-02-22T00:00:00
CUST-03145,Customer 3145,customer3145@example.com,DE,enterprise,2023-08-08T00:00:00
CUST-03146,Customer 3146,customer3146@example.com,AU,consumer,2021-07-14T00:00:00
CUST-03147,Customer 3147,customer3147@example.com,CA,mid-market,2023-05-24T00:00:00
CUST-03148,Customer 3148,customer3148@example.com,JP,mid-market,2020-01-12T00:00:00
CUST-03149,Customer 3149,customer3149@example.com,AU,enterprise,2021-04-29T00:00:00
CUST-03150,Customer 3150,customer3150@example.com,IN,small-business,2022-10-18T00:00:00
CUST-03151,Customer 3151,customer3151@example.com,KR,mid-market,2023-05-09T00:00:00
CUST-03152,Customer 3152,customer3152@example.com,BR,consumer,2022-11-01T00:00:00
CUST-03153,Customer 3153,customer3153@example.com,AU,enterprise,2022-02-11T00:00:00
CUST-03154,Customer 3154,customer3154@example.com,AU,consumer,2023-08-27T00:00:00
CUST-03155,Customer 3155,customer3155@example.com,US,enterprise,2023-09-12T00:00:00
CUST-03156,Customer 3156,customer3156@example.com,CA,consumer,2023-04-22T00:00:00
CUST-03157,Customer 3157,customer3157@example.com,CA,small-business,2020-06-03T00:00:00
CUST-03158,Customer 3158,customer3158@example.com,DE,small-business,2021-12-12T00:00:00
CUST-03159,Customer 3159,customer3159@example.com,DE,mid-market,2020-12-08T00:00:00
CUST-03160,Customer 3160,customer3160@example.com,CA,mid-market,2023-11-22T00:00:00
CUST-03161,Customer 3161,customer3161@example.com,AU,enterprise,2023-12-24T00:00:00
CUST-03162,Customer 3162,customer3162@example.com,CA,small-business,2021-07-23T00:00:00
CUST-03163,Customer 3163,customer3163@example.com,KR,small-business,2022-07-10T00:00:00
CUST-03164,Customer 3164,customer3164@example.com,US,mid-market,2022-11-07T00:00:00
CUST-03165,Customer 3165,customer3165@example.com,US,mid-market,2020-01-03T00:00:00
CUST-03166,Customer 3166,customer3166@example.com,AU,mid-market,2020-05-08T00:00:00
CUST-03167,Customer 3167,customer3167@example.com,FR,small-business,2021-12-22T00:00:00
CUST-03168,Customer 3168,customer3168@example.com,BR,consumer,2022-07-01T00:00:00
CUST-03169,Customer 3169,customer3169@example.com,BR,mid-market,2023-06-27T00:00:00
CUST-03170,Customer 3170,customer3170@example.com,JP,consumer,2023-12-07T00:00:00
CUST-03171,Customer 3171,customer3171@example.com,FR,mid-market,2023-10-04T00:00:00
CUST-03172,Customer 3172,customer3172@example.com,US,small-business,2020-01-21T00:00:00
CUST-03173,Customer 3173,customer3173@example.com,IN,small-business,2020-08-05T00:00:00
CUST-03174,Customer 3174,customer3174@example.com,CA,mid-market,2020-07-12T00:00:00
CUST-03175,Customer 3175,customer3175@example.com,JP,mid-market,2021-04-17T00:00:00
CUST-03176,Customer 3176,customer3176@example.com,AU,enterprise,2023-03-30T00:00:00
CUST-03177,Customer 3177,customer3177@example.com,FR,consumer,2021-07-20T00:00:00
CUST-03178,Customer 3178,customer3178@example.com,FR,enterprise,2021-11-15T00:00:00
CUST-03179,Customer 3179,customer3179@example.com,UK,small-business,2022-11-24T00:00:00
CUST-03180,Customer 3180,customer3180@example.com,JP,consumer,2022-06-11T00:00:00
CUST-03181,Customer 3181,customer3181@example.com,BR,enterprise,2023-11-04T00:00:00
CUST-03182,Customer 3182,customer3182@example.com,FR,enterprise,2023-10-02T00:00:00
CUST-03183,Customer 3183,customer3183@example.com,US,small-business,2021-03-22T00:00:00
CUST-03184,Customer 3184,customer3184@example.com,IN,consumer,2020-08-12T00:00:00
CUST-03185,Customer 3185,customer3185@example.com,DE,mid-market,2021-09-19T00:00:00
CUST-03186,Customer 3186,customer3186@example.com,KR,enterprise,2023-02-11T00:00:00
CUST-03187,Customer 3187,customer3187@example.com,AU,enterprise,2020-02-29T00:00:00
CUST-03188,Customer 3188,customer3188@example.com,US,mid-market,2023-12-14T00:00:00
CUST-03189,Customer 3189,customer3189@example.com,IN,mid-market,2022-12-12T00:00:00
CUST-03190,Customer 3190,customer3190@example.com,US,mid-market,2020-05-26T00:00:00
CUST-03191,Customer 3191,customer3191@example.com,CA,mid-market,2021-09-06T00:00:00
CUST-03192,Customer 3192,customer3192@example.com,JP,mid-market,2022-09-24T00:00:00
CUST-03193,Customer 3193,customer3193@example.com,BR,small-business,2022-03-16T00:00:00
CUST-03194,Customer 3194,customer3194@example.com,US,small-business,2021-12-19T00:00:00
CUST-03195,Customer 3195,customer3195@example.com,CA,mid-market,2023-07-18T00:00:00
CUST-03196,Customer 3196,customer3196@example.com,KR,enterprise,2021-01-18T00:00:00
CUST-03197,Customer 3197,customer3197@example.com,UK,enterprise,2022-06-19T00:00:00
CUST-03198,Customer 3198,customer3198@example.com,JP,small-business,2023-06-08T00:00:00
CUST-03199,Customer 3199,customer3199@example.com,FR,small-business,2022-11-02T00:00:00
CUST-03200,Customer 3200,customer3200@example.com,CA,mid-market,2023-10-31T00:00:00
CUST-03201,Customer 3201,customer3201@example.com,UK,mid-market,2023-06-22T00:00:00
CUST-03202,Customer 3202,customer3202@example.com,US,enterprise,2021-12-25T00:00:00
CUST-03203,Customer 3203,customer3203@example.com,BR,enterprise,2022-10-24T00:00:00
CUST-03204,Customer 3204,customer3204@example.com,BR,small-business,2023-11-23T00:00:00
CUST-03205,Customer 3205,customer3205@example.com,FR,enterprise,2023-04-16T00:00:00
CUST-03206,Customer 3206,customer3206@example.com,JP,consumer,2022-12-07T00:00:00
CUST-03207,Customer 3207,customer3207@example.com,DE,mid-market,2022-09-05T00:00:00
CUST-03208,Customer 3208,customer3208@example.com,IN,mid-market,2020-02-28T00:00:00
CUST-03209,Customer 3209,customer3209@example.com,IN,consumer,2022-04-05T00:00:00
CUST-03210,Customer 3210,customer3210@example.com,CA,mid-market,2020-06-04T00:00:00
CUST-03211,Customer 3211,customer3211@example.com,KR,enterprise,2023-08-16T00:00:00
CUST-03212,Customer 3212,customer3212@example.com,CA,mid-market,2020-11-25T00:00:00
CUST-03213,Customer 3213,customer3213@example.com,UK,enterprise,2020-07-05T00:00:00
CUST-03214,Customer 3214,customer3214@example.com,UK,enterprise,2022-04-18T00:00:00
CUST-03215,Customer 3215,customer3215@example.com,BR,consumer,2020-12-12T00:00:00
CUST-03216,Customer 3216,customer3216@example.com,BR,small-business,2022-04-30T00:00:00
CUST-03217,Customer 3217,customer3217@example.com,DE,small-business,2021-05-13T00:00:00
CUST-03218,Customer 3218,customer3218@example.com,CA,enterprise,2020-05-25T00:00:00
CUST-03219,Customer 3219,customer3219@example.com,DE,consumer,2020-11-25T00:00:00
CUST-03220,Customer 3220,customer3220@example.com,CA,mid-market,2020-05-01T00:00:00
CUST-03221,Customer 3221,customer3221@example.com,CA,mid-market,2021-01-16T00:00:00
CUST-03222,Customer 3222,customer3222@example.com,US,enterprise,2022-05-28T00:00:00
CUST-03223,Customer 3223,customer3223@example.com,BR,small-business,2021-01-10T00:00:00
CUST-03224,Customer 3224,customer3224@example.com,KR,enterprise,2021-01-12T00:00:00
CUST-03225,Customer 3225,customer3225@example.com,BR,mid-market,2021-07-28T00:00:00
CUST-03226,Customer 3226,customer3226@example.com,FR,small-business,2023-06-19T00:00:00
CUST-03227,Customer 3227,customer3227@example.com,BR,enterprise,2022-11-01T00:00:00
CUST-03228,Customer 3228,customer3228@example.com,AU,small-business,2020-11-30T00:00:00
CUST-03229,Customer 3229,customer3229@example.com,FR,small-business,2022-08-30T00:00:00
CUST-03230,Customer 3230,customer3230@example.com,FR,enterprise,2022-12-20T00:00:00
CUST-03231,Customer 3231,customer3231@example.com,KR,mid-market,2020-08-13T00:00:00
CUST-03232,Customer 3232,customer3232@example.com,JP,small-business,2023-05-31T00:00:00
CUST-03233,Customer 3233,customer3233@example.com,US,mid-market,2020-11-18T00:00:00
CUST-03234,Customer 3234,customer3234@example.com,KR,mid-market,2022-09-05T00:00:00
CUST-03235,Customer 3235,customer3235@example.com,DE,small-business,2020-10-17T00:00:00
CUST-03236,Customer 3236,customer3236@example.com,FR,enterprise,2022-05-29T00:00:00
CUST-03237,Customer 3237,customer3237@example.com,FR,small-business,2020-11-09T00:00:00
CUST-03238,Customer 3238,customer3238@example.com,DE,small-business,2020-08-13T00:00:00
CUST-03239,Customer 3239,customer3239@example.com,BR,small-business,2020-03-07T00:00:00
CUST-03240,Customer 3240,customer3240@example.com,IN,consumer,2021-07-15T00:00:00
CUST-03241,Customer 3241,customer3241@example.com,US,mid-market,2023-07-09T00:00:00
CUST-03242,Customer 3242,customer3242@example.com,BR,consumer,2023-02-28T00:00:00
CUST-03243,Customer 3243,customer3243@example.com,BR,mid-market,2020-12-25T00:00:00
CUST-03244,Customer 3244,customer3244@example.com,CA,small-business,2022-02-21T00:00:00
CUST-03245,Customer 3245,customer3245@example.com,CA,consumer,2021-12-31T00:00:00
CUST-03246,Customer 3246,customer3246@example.com,AU,enterprise,2022-07-02T00:00:00
CUST-03247,Customer 3247,customer3247@example.com,UK,consumer,2023-10-29T00:00:00
CUST-03248,Customer 3248,customer3248@example.com,JP,consumer,2020-01-26T00:00:00
CUST-03249,Customer 3249,customer3249@example.com,BR,small-business,2020-06-06T00:00:00
CUST-03250,Customer 3250,customer3250@example.com,US,small-business,2022-09-19T00:00:00
CUST-03251,Customer 3251,customer3251@example.com,AU,enterprise,2022-11-22T00:00:00
CUST-03252,Customer 3252,customer3252@example.com,US,small-business,2021-05-05T00:00:00
CUST-03253,Customer 3253,customer3253@example.com,JP,consumer,2022-09-10T00:00:00
CUST-03254,Customer 3254,customer3254@example.com,FR,consumer,2020-08-12T00:00:00
CUST-03255,Customer 3255,customer3255@example.com,CA,enterprise,2020-12-13T00:00:00
CUST-03256,Customer 3256,customer3256@example.com,AU,consumer,2020-03-02T00:00:00
CUST-03257,Customer 3257,customer3257@example.com,CA,enterprise,2022-12-05T00:00:00
CUST-03258,Customer 3258,customer3258@example.com,AU,enterprise,2021-06-23T00:00:00
CUST-03259,Customer 3259,customer3259@example.com,CA,enterprise,2020-07-07T00:00:00
CUST-03260,Customer 3260,customer3260@example.com,UK,mid-market,2022-10-09T00:00:00
CUST-03261,Customer 3261,customer3261@example.com,JP,mid-market,2023-12-18T00:00:00
CUST-03262,Customer 3262,customer3262@example.com,IN,consumer,2023-05-11T00:00:00
CUST-03263,Customer 3263,customer3263@example.com,US,small-business,2021-10-13T00:00:00
CUST-03264,Customer 3264,customer3264@example.com,UK,consumer,2023-03-23T00:00:00
CUST-03265,Customer 3265,customer3265@example.com,BR,mid-market,2021-06-27T00:00:00
CUST-03266,Customer 3266,customer3266@example.com,US,enterprise,2020-03-09T00:00:00
CUST-03267,Customer 3267,customer3267@example.com,BR,mid-market,2023-06-26T00:00:00
CUST-03268,Customer 3268,customer3268@example.com,DE,consumer,2020-07-20T00:00:00
CUST-03269,Customer 3269,customer3269@example.com,KR,small-business,2023-04-19T00:00:00
CUST-03270,Customer 3270,customer3270@example.com,UK,consumer,2022-10-27T00:00:00
CUST-03271,Customer 3271,customer3271@example.com,JP,enterprise,2021-02-27T00:00:00
CUST-03272,Customer 3272,customer3272@example.com,KR,consumer,2022-12-02T00:00:00
CUST-03273,Customer 3273,customer3273@example.com,AU,enterprise,2023-11-29T00:00:00
CUST-03274,Customer 3274,customer3274@example.com,CA,consumer,2022-08-24T00:00:00
CUST-03275,Customer 3275,customer3275@example.com,FR,mid-market,2023-02-19T00:00:00
CUST-03276,Customer 3276,customer3276@example.com,KR,mid-market,2023-06-02T00:00:00
CUST-03277,Customer 3277,customer3277@example.com,AU,mid-market,2020-09-08T00:00:00
CUST-03278,Customer 3278,customer3278@example.com,FR,consumer,2021-08-14T00:00:00
CUST-03279,Customer 3279,customer3279@example.com,AU,mid-market,2022-07-09T00:00:00
CUST-03280,Customer 3280,customer3280@example.com,KR,enterprise,2022-01-25T00:00:00
CUST-03281,Customer 3281,customer3281@example.com,BR,consumer,2023-08-25T00:00:00
CUST-03282,Customer 3282,customer3282@example.com,JP,enterprise,2022-03-08T00:00:00
CUST-03283,Customer 3283,customer3283@example.com,UK,consumer,2020-11-14T00:00:00
CUST-03284,Customer 3284,customer3284@example.com,CA,enterprise,2020-01-02T00:00:00
CUST-03285,Customer 3285,customer3285@example.com,US,small-business,2020-11-12T00:00:00
CUST-03286,Customer 3286,customer3286@example.com,FR,small-business,2023-02-17T00:00:00
CUST-03287,Customer 3287,customer3287@example.com,FR,small-business,2023-03-29T00:00:00
CUST-03288,Customer 3288,customer3288@example.com,AU,enterprise,2020-10-25T00:00:00
CUST-03289,Customer 3289,customer3289@example.com,JP,mid-market,2022-12-12T00:00:00
CUST-03290,Customer 3290,customer3290@example.com,AU,enterprise,2021-09-04T00:00:00
CUST-03291,Customer 3291,customer3291@example.com,US,consumer,2023-09-11T00:00:00
CUST-03292,Customer 3292,customer3292@example.com,DE,consumer,2023-08-07T00:00:00
CUST-03293,Customer 3293,customer3293@example.com,BR,consumer,2022-03-22T00:00:00
CUST-03294,Customer 3294,customer3294@example.com,CA,consumer,2023-01-03T00:00:00
CUST-03295,Customer 3295,customer3295@example.com,FR,small-business,2021-08-19T00:00:00
CUST-03296,Customer 3296,customer3296@example.com,DE,small-business,2022-12-15T00:00:00
CUST-03297,Customer 3297,customer3297@example.com,UK,mid-market,2020-11-12T00:00:00
CUST-03298,Customer 3298,customer3298@example.com,US,small-business,2020-05-20T00:00:00
CUST-03299,Customer 3299,customer3299@example.com,CA,mid-market,2022-03-17T00:00:00
CUST-03300,Customer 3300,customer3300@example.com,BR,small-business,2022-02-22T00:00:00
CUST-03301,Customer 3301,customer3301@example.com,DE,small-business,2022-04-02T00:00:00
CUST-03302,Customer 3302,customer3302@example.com,KR,small-business,2023-11-01T00:00:00
CUST-03303,Customer 3303,customer3303@example.com,BR,small-business,2020-10-02T00:00:00
CUST-03304,Customer 3304,customer3304@example.com,AU,consumer,2023-11-06T00:00:00
CUST-03305,Customer 3305,customer3305@example.com,IN,small-business,2021-07-28T00:00:00
CUST-03306,Customer 3306,customer3306@example.com,IN,mid-market,2023-09-24T00:00:00
CUST-03307,Customer 3307,customer3307@example.com,US,enterprise,2023-08-05T00:00:00
CUST-03308,Customer 3308,customer3308@example.com,FR,enterprise,2022-06-26T00:00:00
CUST-03309,Customer 3309,customer3309@example.com,IN,enterprise,2021-09-28T00:00:00
CUST-03310,Customer 3310,customer3310@example.com,FR,small-business,2022-12-05T00:00:00
CUST-03311,Customer 3311,customer3311@example.com,CA,small-business,2022-08-30T00:00:00
CUST-03312,Customer 3312,customer3312@example.com,UK,consumer,2021-02-11T00:00:00
CUST-03313,Customer 3313,customer3313@example.com,US,small-business,2022-03-17T00:00:00
CUST-03314,Customer 3314,customer3314@example.com,AU,small-business,2023-07-30T00:00:00
CUST-03315,Customer 3315,customer3315@example.com,UK,mid-market,2021-07-13T00:00:00
CUST-03316,Customer 3316,customer3316@example.com,CA,consumer,2021-07-26T00:00:00
CUST-03317,Customer 3317,customer3317@example.com,DE,small-business,2023-03-23T00:00:00
CUST-03318,Customer 3318,customer3318@example.com,KR,small-business,2023-09-25T00:00:00
CUST-03319,Customer 3319,customer3319@example.com,IN,enterprise,2022-09-11T00:00:00
CUST-03320,Customer 3320,customer3320@example.com,UK,mid-market,2023-01-25T00:00:00
CUST-03321,Customer 3321,customer3321@example.com,KR,consumer,2020-04-29T00:00:00
CUST-03322,Customer 3322,customer3322@example.com,DE,mid-market,2021-02-14T00:00:00
CUST-03323,Customer 3323,customer3323@example.com,AU,small-business,2023-11-04T00:00:00
CUST-03324,Customer 3324,customer3324@example.com,AU,small-business,2023-09-01T00:00:00
CUST-03325,Customer 3325,customer3325@example.com,US,consumer,2020-04-04T00:00:00
CUST-03326,Customer 3326,customer3326@example.com,UK,small-business,2021-04-25T00:00:00
CUST-03327,Customer 3327,customer3327@example.com,IN,mid-market,2023-01-03T00:00:00
CUST-03328,Customer 3328,customer3328@example.com,DE,enterprise,2021-06-24T00:00:00
CUST-03329,Customer 3329,customer3329@example.com,BR,consumer,2023-10-06T00:00:00
CUST-03330,Customer 3330,customer3330@example.com,CA,consumer,2023-07-31T00:00:00
CUST-03331,Customer 3331,customer3331@example.com,AU,mid-market,2020-01-24T00:00:00
CUST-03332,Customer 3332,customer3332@example.com,DE,small-business,2020-11-20T00:00:00
CUST-03333,Customer 3333,customer3333@example.com,DE,mid-market,2020-09-07T00:00:00
CUST-03334,Customer 3334,customer3334@example.com,UK,enterprise,2020-07-09T00:00:00
CUST-03335,Customer 3335,customer3335@example.com,FR,mid-market,2023-03-04T00:00:00
CUST-03336,Customer 3336,customer3336@example.com,US,consumer,2023-12-06T00:00:00
CUST-03337,Customer 3337,customer3337@example.com,UK,enterprise,2021-11-23T00:00:00
CUST-03338,Customer 3338,customer3338@example.com,FR,small-business,2021-12-11T00:00:00
CUST-03339,Customer 3339,customer3339@example.com,AU,enterprise,2022-08-06T00:00:00
CUST-03340,Customer 3340,customer3340@example.com,FR,consumer,2023-04-24T00:00:00
CUST-03341,Customer 3341,customer3341@example.com,KR,enterprise,2020-12-14T00:00:00
CUST-03342,Customer 3342,customer3342@example.com,IN,consumer,2021-08-12T00:00:00
CUST-03343,Customer 3343,customer3343@example.com,FR,mid-market,2020-02-29T00:00:00
CUST-03344,Customer 3344,customer3344@example.com,US,enterprise,2023-02-28T00:00:00
CUST-03345,Customer 3345,customer3345@example.com,JP,enterprise,2022-05-07T00:00:00
CUST-03346,Customer 3346,customer3346@example.com,AU,small-business,2022-03-01T00:00:00
CUST-03347,Customer 3347,customer3347@example.com,DE,small-business,2021-08-25T00:00:00
CUST-03348,Customer 3348,customer3348@example.com,DE,enterprise,2021-07-15T00:00:00
CUST-03349,Customer 3349,customer3349@example.com,JP,consumer,2022-01-27T00:00:00
CUST-03350,Customer 3350,customer3350@example.com,US,enterprise,2023-05-09T00:00:00
CUST-03351,Customer 3351,customer3351@example.com,IN,small-business,2021-10-12T00:00:00
CUST-03352,Customer 3352,customer3352@example.com,JP,mid-market,2023-11-11T00:00:00
CUST-03353,Customer 3353,customer3353@example.com,CA,small-business,2020-12-13T00:00:00
CUST-03354,Customer 3354,customer3354@example.com,BR,consumer,2023-07-08T00:00:00
CUST-03355,Customer 3355,customer3355@example.com,UK,enterprise,2021-08-07T00:00:00
CUST-03356,Customer 3356,customer3356@example.com,FR,consumer,2023-04-23T00:00:00
CUST-03357,Customer 3357,customer3357@example.com,AU,enterprise,2022-11-14T00:00:00
CUST-03358,Customer 3358,customer3358@example.com,US,enterprise,2022-05-06T00:00:00
CUST-03359,Customer 3359,customer3359@example.com,AU,small-business,2020-12-12T00:00:00
CUST-03360,Customer 3360,customer3360@example.com,CA,consumer,2020-07-10T00:00:00
CUST-03361,Customer 3361,customer3361@example.com,IN,enterprise,2022-07-16T00:00:00
CUST-03362,Customer 3362,customer3362@example.com,DE,enterprise,2021-08-27T00:00:00
CUST-03363,Customer 3363,customer3363@example.com,US,mid-market,2023-09-11T00:00:00
CUST-03364,Customer 3364,customer3364@example.com,IN,consumer,2020-02-14T00:00:00
CUST-03365,Customer 3365,customer3365@example.com,DE,mid-market,2023-10-21T00:00:00
CUST-03366,Customer 3366,customer3366@example.com,BR,consumer,2022-01-16T00:00:00
CUST-03367,Customer 3367,customer3367@example.com,UK,small-business,2021-04-27T00:00:00
CUST-03368,Customer 3368,customer3368@example.com,CA,consumer,2023-09-26T00:00:00
CUST-03369,Customer 3369,customer3369@example.com,JP,mid-market,2021-05-12T00:00:00
CUST-03370,Customer 3370,customer3370@example.com,BR,small-business,2022-11-23T00:00:00
CUST-03371,Customer 3371,customer3371@example.com,BR,mid-market,2023-02-26T00:00:00
CUST-03372,Customer 3372,customer3372@example.com,FR,mid-market,2020-06-14T00:00:00
CUST-03373,Customer 3373,customer3373@example.com,BR,small-business,2021-07-28T00:00:00
CUST-03374,Customer 3374,customer3374@example.com,US,enterprise,2023-12-31T00:00:00
CUST-03375,Customer 3375,customer3375@example.com,UK,consumer,2021-08-05T00:00:00
CUST-03376,Customer 3376,customer3376@example.com,FR,mid-market,2022-06-03T00:00:00
CUST-03377,Customer 3377,customer3377@example.com,US,enterprise,2020-05-26T00:00:00
CUST-03378,Customer 3378,customer3378@example.com,US,mid-market,2023-12-05T00:00:00
CUST-03379,Customer 3379,customer3379@example.com,IN,small-business,2022-09-17T00:00:00
CUST-03380,Customer 3380,customer3380@example.com,BR,mid-market,2020-07-17T00:00:00
CUST-03381,Customer 3381,customer3381@example.com,BR,mid-market,2023-08-04T00:00:00
CUST-03382,Customer 3382,customer3382@example.com,AU,consumer,2023-02-24T00:00:00
CUST-03383,Customer 3383,customer3383@example.com,FR,small-business,2020-07-04T00:00:00
CUST-03384,Customer 3384,customer3384@example.com,JP,mid-market,2022-02-17T00:00:00
CUST-03385,Customer 3385,customer3385@example.com,BR,enterprise,2021-08-25T00:00:00
CUST-03386,Customer 3386,customer3386@example.com,DE,mid-market,2022-06-25T00:00:00
CUST-03387,Customer 3387,customer3387@example.com,UK,small-business,2023-08-10T00:00:00
CUST-03388,Customer 3388,customer3388@example.com,FR,mid-market,2021-06-25T00:00:00
CUST-03389,Customer 3389,customer3389@example.com,UK,enterprise,2023-01-24T00:00:00
CUST-03390,Customer 3390,customer3390@example.com,IN,consumer,2022-02-25T00:00:00
CUST-03391,Customer 3391,customer3391@example.com,KR,enterprise,2023-05-11T00:00:00
CUST-03392,Customer 3392,customer3392@example.com,IN,enterprise,2020-02-09T00:00:00
CUST-03393,Customer 3393,customer3393@example.com,KR,small-business,2023-07-27T00:00:00
CUST-03394,Customer 3394,customer3394@example.com,CA,consumer,2021-01-20T00:00:00
CUST-03395,Customer 3395,customer3395@example.com,US,consumer,2020-12-02T00:00:00
CUST-03396,Customer 3396,customer3396@example.com,FR,consumer,2023-10-14T00:00:00
CUST-03397,Customer 3397,customer3397@example.com,JP,small-business,2021-04-13T00:00:00
CUST-03398,Customer 3398,customer3398@example.com,BR,enterprise,2021-09-20T00:00:00
CUST-03399,Customer 3399,customer3399@example.com,JP,mid-market,2020-12-26T00:00:00
CUST-03400,Customer 3400,customer3400@example.com,BR,mid-market,2023-01-13T00:00:00
CUST-03401,Customer 3401,customer3401@example.com,CA,enterprise,2021-05-10T00:00:00
CUST-03402,Customer 3402,customer3402@example.com,BR,enterprise,2021-01-19T00:00:00
CUST-03403,Customer 3403,customer3403@example.com,DE,small-business,2021-12-19T00:00:00
CUST-03404,Customer 3404,customer3404@example.com,JP,small-business,2022-11-24T00:00:00
CUST-03405,Customer 3405,customer3405@example.com,US,enterprise,2022-04-23T00:00:00
CUST-03406,Customer 3406,customer3406@example.com,JP,consumer,2023-03-04T00:00:00
CUST-03407,Customer 3407,customer3407@example.com,JP,mid-market,2021-05-17T00:00:00
CUST-03408,Customer 3408,customer3408@example.com,KR,consumer,2020-12-10T00:00:00
CUST-03409,Customer 3409,customer3409@example.com,FR,small-business,2023-07-07T00:00:00
CUST-03410,Customer 3410,customer3410@example.com,FR,consumer,2022-05-20T00:00:00
CUST-03411,Customer 3411,customer3411@example.com,AU,enterprise,2022-04-04T00:00:00
CUST-03412,Customer 3412,customer3412@example.com,KR,consumer,2023-01-05T00:00:00
CUST-03413,Customer 3413,customer3413@example.com,CA,small-business,2020-03-20T00:00:00
CUST-03414,Customer 3414,customer3414@example.com,KR,consumer,2021-10-22T00:00:00
CUST-03415,Customer 3415,customer3415@example.com,BR,mid-market,2021-04-09T00:00:00
CUST-03416,Customer 3416,customer3416@example.com,JP,small-business,2023-10-04T00:00:00
CUST-03417,Customer 3417,customer3417@example.com,UK,mid-market,2020-08-23T00:00:00
CUST-03418,Customer 3418,customer3418@example.com,IN,consumer,2023-06-24T00:00:00
CUST-03419,Customer 3419,customer3419@example.com,KR,small-business,2020-10-13T00:00:00
CUST-03420,Customer 3420,customer3420@example.com,CA,enterprise,2021-01-08T00:00:00
CUST-03421,Customer 3421,customer3421@example.com,DE,small-business,2023-09-01T00:00:00
CUST-03422,Customer 3422,customer3422@example.com,CA,consumer,2023-12-29T00:00:00
CUST-03423,Customer 3423,customer3423@example.com,BR,enterprise,2020-06-26T00:00:00
CUST-03424,Customer 3424,customer3424@example.com,BR,consumer,2022-03-25T00:00:00
CUST-03425,Customer 3425,customer3425@example.com,AU,small-business,2023-09-02T00:00:00
CUST-03426,Customer 3426,customer3426@example.com,CA,mid-market,2022-10-19T00:00:00
CUST-03427,Customer 3427,customer3427@example.com,JP,consumer,2023-05-22T00:00:00
CUST-03428,Customer 3428,customer3428@example.com,UK,mid-market,2020-09-20T00:00:00
CUST-03429,Customer 3429,customer3429@example.com,UK,mid-market,2022-10-16T00:00:00
CUST-03430,Customer 3430,customer3430@example.com,BR,mid-market,2022-12-26T00:00:00
CUST-03431,Customer 3431,customer3431@example.com,JP,mid-market,2023-08-05T00:00:00
CUST-03432,Customer 3432,customer3432@example.com,CA,consumer,2020-08-23T00:00:00
CUST-03433,Customer 3433,customer3433@example.com,JP,consumer,2020-09-29T00:00:00
CUST-03434,Customer 3434,customer3434@example.com,IN,consumer,2023-02-14T00:00:00
CUST-03435,Customer 3435,customer3435@example.com,UK,small-business,2020-05-16T00:00:00
CUST-03436,Customer 3436,customer3436@example.com,UK,mid-market,2023-06-18T00:00:00
CUST-03437,Customer 3437,customer3437@example.com,AU,small-business,2022-08-08T00:00:00
CUST-03438,Customer 3438,customer3438@example.com,CA,consumer,2021-01-16T00:00:00
CUST-03439,Customer 3439,customer3439@example.com,UK,mid-market,2023-04-02T00:00:00
CUST-03440,Customer 3440,customer3440@example.com,AU,small-business,2020-11-27T00:00:00
CUST-03441,Customer 3441,customer3441@example.com,UK,consumer,2022-09-02T00:00:00
CUST-03442,Customer 3442,customer3442@example.com,FR,small-business,2021-08-17T00:00:00
CUST-03443,Customer 3443,customer3443@example.com,BR,enterprise,2021-07-14T00:00:00
CUST-03444,Customer 3444,customer3444@example.com,IN,enterprise,2021-03-19T00:00:00
CUST-03445,Customer 3445,customer3445@example.com,CA,consumer,2023-01-18T00:00:00
CUST-03446,Customer 3446,customer3446@example.com,CA,mid-market,2020-06-09T00:00:00
CUST-03447,Customer 3447,customer3447@example.com,CA,mid-market,2021-06-01T00:00:00
CUST-03448,Customer 3448,customer3448@example.com,DE,small-business,2020-06-24T00:00:00
CUST-03449,Customer 3449,customer3449@example.com,BR,consumer,2020-12-27T00:00:00
CUST-03450,Customer 3450,customer3450@example.com,JP,consumer,2020-01-26T00:00:00
CUST-03451,Customer 3451,customer3451@example.com,FR,small-business,2022-11-05T00:00:00
CUST-03452,Customer 3452,customer3452@example.com,JP,consumer,2021-11-14T00:00:00
CUST-03453,Customer 3453,customer3453@example.com,JP,enterprise,2022-08-29T00:00:00
CUST-03454,Customer 3454,customer3454@example.com,UK,consumer,2020-07-28T00:00:00
CUST-03455,Customer 3455,customer3455@example.com,CA,enterprise,2023-09-25T00:00:00
CUST-03456,Customer 3456,customer3456@example.com,JP,consumer,2023-05-19T00:00:00
CUST-03457,Customer 3457,customer3457@example.com,AU,mid-market,2020-07-26T00:00:00
CUST-03458,Customer 3458,customer3458@example.com,FR,enterprise,2020-10-09T00:00:00
CUST-03459,Customer 3459,customer3459@example.com,CA,consumer,2023-01-16T00:00:00
CUST-03460,Customer 3460,customer3460@example.com,IN,enterprise,2020-12-24T00:00:00
CUST-03461,Customer 3461,customer3461@example.com,AU,enterprise,2023-09-07T00:00:00
CUST-03462,Customer 3462,customer3462@example.com,BR,enterprise,2022-07-06T00:00:00
CUST-03463,Customer 3463,customer3463@example.com,UK,mid-market,2023-09-04T00:00:00
CUST-03464,Customer 3464,customer3464@example.com,AU,small-business,2020-05-10T00:00:00
CUST-03465,Customer 3465,customer3465@example.com,AU,mid-market,2023-03-28T00:00:00
CUST-03466,Customer 3466,customer3466@example.com,US,mid-market,2020-10-01T00:00:00
CUST-03467,Customer 3467,customer3467@example.com,JP,small-business,2021-10-01T00:00:00
CUST-03468,Customer 3468,customer3468@example.com,JP,consumer,2020-12-29T00:00:00
CUST-03469,Customer 3469,customer3469@example.com,JP,small-business,2023-09-06T00:00:00
CUST-03470,Customer 3470,customer3470@example.com,AU,small-business,2020-12-18T00:00:00
CUST-03471,Customer 3471,customer3471@example.com,CA,enterprise,2020-06-17T00:00:00
CUST-03472,Customer 3472,customer3472@example.com,IN,small-business,2021-08-04T00:00:00
CUST-03473,Customer 3473,customer3473@example.com,AU,enterprise,2023-06-02T00:00:00
CUST-03474,Customer 3474,customer3474@example.com,KR,consumer,2022-09-21T00:00:00
CUST-03475,Customer 3475,customer3475@example.com,IN,mid-market,2020-09-22T00:00:00
CUST-03476,Customer 3476,customer3476@example.com,CA,enterprise,2021-04-14T00:00:00
CUST-03477,Customer 3477,customer3477@example.com,KR,small-business,2022-07-24T00:00:00
CUST-03478,Customer 3478,customer3478@example.com,CA,small-business,2021-01-17T00:00:00
CUST-03479,Customer 3479,customer3479@example.com,JP,mid-market,2021-03-06T00:00:00
CUST-03480,Customer 3480,customer3480@example.com,IN,enterprise,2022-07-02T00:00:00
CUST-03481,Customer 3481,customer3481@example.com,AU,enterprise,2020-03-11T00:00:00
CUST-03482,Customer 3482,customer3482@example.com,KR,enterprise,2023-05-23T00:00:00
CUST-03483,Customer 3483,customer3483@example.com,AU,mid-market,2022-02-20T00:00:00
CUST-03484,Customer 3484,customer3484@example.com,CA,mid-market,2023-09-27T00:00:00
CUST-03485,Customer 3485,customer3485@example.com,FR,mid-market,2023-06-11T00:00:00
CUST-03486,Customer 3486,customer3486@example.com,US,small-business,2020-01-14T00:00:00
CUST-03487,Customer 3487,customer3487@example.com,JP,enterprise,2022-04-28T00:00:00
CUST-03488,Customer 3488,customer3488@example.com,FR,consumer,2022-09-13T00:00:00
CUST-03489,Customer 3489,customer3489@example.com,IN,small-business,2021-08-05T00:00:00
CUST-03490,Customer 3490,customer3490@example.com,BR,small-business,2020-10-11T00:00:00
CUST-03491,Customer 3491,customer3491@example.com,FR,enterprise,2023-01-10T00:00:00
CUST-03492,Customer 3492,customer3492@example.com,UK,small-business,2023-02-20T00:00:00
CUST-03493,Customer 3493,customer3493@example.com,AU,mid-market,2022-04-12T00:00:00
CUST-03494,Customer 3494,customer3494@example.com,US,enterprise,2022-06-11T00:00:00
CUST-03495,Customer 3495,customer3495@example.com,US,small-business,2023-10-26T00:00:00
CUST-03496,Customer 3496,customer3496@example.com,BR,consumer,2022-07-02T00:00:00
CUST-03497,Customer 3497,customer3497@example.com,AU,mid-market,2020-06-17T00:00:00
CUST-03498,Customer 3498,customer3498@example.com,IN,consumer,2022-12-05T00:00:00
CUST-03499,Customer 3499,customer3499@example.com,DE,mid-market,2023-01-27T00:00:00
CUST-03500,Customer 3500,customer3500@example.com,UK,enterprise,2022-11-03T00:00:00
CUST-03501,Customer 3501,customer3501@example.com,DE,mid-market,2022-09-22T00:00:00
CUST-03502,Customer 3502,customer3502@example.com,BR,enterprise,2021-11-19T00:00:00
CUST-03503,Customer 3503,customer3503@example.com,KR,enterprise,2022-04-22T00:00:00
CUST-03504,Customer 3504,customer3504@example.com,IN,small-business,2023-07-19T00:00:00
CUST-03505,Customer 3505,customer3505@example.com,DE,small-business,2020-04-24T00:00:00
CUST-03506,Customer 3506,customer3506@example.com,US,enterprise,2022-09-27T00:00:00
CUST-03507,Customer 3507,customer3507@example.com,BR,small-business,2022-12-10T00:00:00
CUST-03508,Customer 3508,customer3508@example.com,UK,enterprise,2023-07-14T00:00:00
CUST-03509,Customer 3509,customer3509@example.com,AU,mid-market,2021-08-05T00:00:00
CUST-03510,Customer 3510,customer3510@example.com,IN,small-business,2021-04-10T00:00:00
CUST-03511,Customer 3511,customer3511@example.com,UK,consumer,2020-12-10T00:00:00
CUST-03512,Customer 3512,customer3512@example.com,US,mid-market,2020-11-24T00:00:00
CUST-03513,Customer 3513,customer3513@example.com,CA,mid-market,2020-10-07T00:00:00
CUST-03514,Customer 3514,customer3514@example.com,UK,enterprise,2020-12-06T00:00:00
CUST-03515,Customer 3515,customer3515@example.com,KR,consumer,2022-06-20T00:00:00
CUST-03516,Customer 3516,customer3516@example.com,IN,mid-market,2021-12-18T00:00:00
CUST-03517,Customer 3517,customer3517@example.com,UK,mid-market,2020-04-29T00:00:00
CUST-03518,Customer 3518,customer3518@example.com,IN,small-business,2022-07-16T00:00:00
CUST-03519,Customer 3519,customer3519@example.com,FR,small-business,2021-04-04T00:00:00
CUST-03520,Customer 3520,customer3520@example.com,IN,mid-market,2021-04-18T00:00:00
CUST-03521,Customer 3521,customer3521@example.com,FR,small-business,2021-06-19T00:00:00
CUST-03522,Customer 3522,customer3522@example.com,IN,consumer,2022-06-10T00:00:00
CUST-03523,Customer 3523,customer3523@example.com,DE,enterprise,2022-06-02T00:00:00
CUST-03524,Customer 3524,customer3524@example.com,JP,consumer,2020-06-04T00:00:00
CUST-03525,Customer 3525,customer3525@example.com,IN,enterprise,2022-02-21T00:00:00
CUST-03526,Customer 3526,customer3526@example.com,BR,mid-market,2021-04-03T00:00:00
CUST-03527,Customer 3527,customer3527@example.com,US,consumer,2021-06-23T00:00:00
CUST-03528,Customer 3528,customer3528@example.com,AU,consumer,2021-05-12T00:00:00
CUST-03529,Customer 3529,customer3529@example.com,AU,consumer,2023-06-04T00:00:00
CUST-03530,Customer 3530,customer3530@example.com,BR,enterprise,2020-09-04T00:00:00
CUST-03531,Customer 3531,customer3531@example.com,IN,consumer,2020-06-06T00:00:00
CUST-03532,Customer 3532,customer3532@example.com,BR,consumer,2023-07-21T00:00:00
CUST-03533,Customer 3533,customer3533@example.com,KR,consumer,2021-12-29T00:00:00
CUST-03534,Customer 3534,customer3534@example.com,FR,enterprise,2021-09-06T00:00:00
CUST-03535,Customer 3535,customer3535@example.com,US,consumer,2022-01-30T00:00:00
CUST-03536,Customer 3536,customer3536@example.com,DE,mid-market,2023-05-12T00:00:00
CUST-03537,Customer 3537,customer3537@example.com,UK,consumer,2022-10-11T00:00:00
CUST-03538,Customer 3538,customer3538@example.com,JP,small-business,2022-01-20T00:00:00
CUST-03539,Customer 3539,customer3539@example.com,US,small-business,2022-03-28T00:00:00
CUST-03540,Customer 3540,customer3540@example.com,US,consumer,2022-07-07T00:00:00
CUST-03541,Customer 3541,customer3541@example.com,KR,mid-market,2023-06-11T00:00:00
CUST-03542,Customer 3542,customer3542@example.com,KR,consumer,2021-04-03T00:00:00
CUST-03543,Customer 3543,customer3543@example.com,DE,mid-market,2021-10-22T00:00:00
CUST-03544,Customer 3544,customer3544@example.com,JP,consumer,2022-06-12T00:00:00
CUST-03545,Customer 3545,customer3545@example.com,KR,enterprise,2023-12-11T00:00:00
CUST-03546,Customer 3546,customer3546@example.com,UK,enterprise,2021-03-25T00:00:00
CUST-03547,Customer 3547,customer3547@example.com,UK,mid-market,2020-06-20T00:00:00
CUST-03548,Customer 3548,customer3548@example.com,CA,enterprise,2020-08-10T00:00:00
CUST-03549,Customer 3549,customer3549@example.com,UK,mid-market,2023-07-04T00:00:00
CUST-03550,Customer 3550,customer3550@example.com,IN,consumer,2023-04-23T00:00:00
CUST-03551,Customer 3551,customer3551@example.com,DE,small-business,2021-01-06T00:00:00
CUST-03552,Customer 3552,customer3552@example.com,FR,small-business,2022-09-19T00:00:00
CUST-03553,Customer 3553,customer3553@example.com,JP,small-business,2021-09-16T00:00:00
CUST-03554,Customer 3554,customer3554@example.com,FR,enterprise,2022-06-08T00:00:00
CUST-03555,Customer 3555,customer3555@example.com,BR,mid-market,2021-04-16T00:00:00
CUST-03556,Customer 3556,customer3556@example.com,US,consumer,2021-12-29T00:00:00
CUST-03557,Customer 3557,customer3557@example.com,BR,small-business,2020-08-16T00:00:00
CUST-03558,Customer 3558,customer3558@example.com,JP,mid-market,2020-10-02T00:00:00
CUST-03559,Customer 3559,customer3559@example.com,BR,consumer,2023-07-27T00:00:00
CUST-03560,Customer 3560,customer3560@example.com,KR,mid-market,2021-07-23T00:00:00
CUST-03561,Customer 3561,customer3561@example.com,IN,consumer,2023-01-14T00:00:00
CUST-03562,Customer 3562,customer3562@example.com,JP,enterprise,2023-11-17T00:00:00
CUST-03563,Customer 3563,customer3563@example.com,BR,enterprise,2023-06-16T00:00:00
CUST-03564,Customer 3564,customer3564@example.com,IN,enterprise,2022-07-05T00:00:00
CUST-03565,Customer 3565,customer3565@example.com,DE,small-business,2021-03-01T00:00:00
CUST-03566,Customer 3566,customer3566@example.com,KR,small-business,2021-04-21T00:00:00
CUST-03567,Customer 3567,customer3567@example.com,KR,small-business,2020-08-28T00:00:00
CUST-03568,Customer 3568,customer3568@example.com,IN,enterprise,2023-02-25T00:00:00
CUST-03569,Customer 3569,customer3569@example.com,DE,enterprise,2023-04-15T00:00:00
CUST-03570,Customer 3570,customer3570@example.com,FR,enterprise,2020-06-09T00:00:00
CUST-03571,Customer 3571,customer3571@example.com,US,consumer,2023-02-21T00:00:00
CUST-03572,Customer 3572,customer3572@example.com,FR,mid-market,2023-11-01T00:00:00
CUST-03573,Customer 3573,customer3573@example.com,CA,enterprise,2020-05-05T00:00:00
CUST-03574,Customer 3574,customer3574@example.com,UK,enterprise,2023-09-25T00:00:00
CUST-03575,Customer 3575,customer3575@example.com,US,small-business,2021-01-16T00:00:00
CUST-03576,Customer 3576,customer3576@example.com,BR,enterprise,2021-04-30T00:00:00
CUST-03577,Customer 3577,customer3577@example.com,JP,small-business,2021-08-27T00:00:00
CUST-03578,Customer 3578,customer3578@example.com,IN,enterprise,2021-09-20T00:00:00
CUST-03579,Customer 3579,customer3579@example.com,BR,small-business,2021-09-15T00:00:00
CUST-03580,Customer 3580,customer3580@example.com,FR,mid-market,2021-10-26T00:00:00
CUST-03581,Customer 3581,customer3581@example.com,JP,enterprise,2022-05-06T00:00:00
CUST-03582,Customer 3582,customer3582@example.com,AU,enterprise,2022-06-04T00:00:00
CUST-03583,Customer 3583,customer3583@example.com,DE,small-business,2020-05-06T00:00:00
CUST-03584,Customer 3584,customer3584@example.com,AU,enterprise,2022-07-11T00:00:00
CUST-03585,Customer 3585,customer3585@example.com,KR,enterprise,2020-09-01T00:00:00
CUST-03586,Customer 3586,customer3586@example.com,US,consumer,2021-08-23T00:00:00
CUST-03587,Customer 3587,customer3587@example.com,US,consumer,2020-04-09T00:00:00
CUST-03588,Customer 3588,customer3588@example.com,FR,mid-market,2022-11-01T00:00:00
CUST-03589,Customer 3589,customer3589@example.com,KR,mid-market,2020-05-13T00:00:00
CUST-03590,Customer 3590,customer3590@example.com,UK,mid-market,2021-09-13T00:00:00
CUST-03591,Customer 3591,customer3591@example.com,IN,mid-market,2021-06-21T00:00:00
CUST-03592,Customer 3592,customer3592@example.com,UK,small-business,2021-03-18T00:00:00
CUST-03593,Customer 3593,customer3593@example.com,DE,consumer,2022-10-18T00:00:00
CUST-03594,Customer 3594,customer3594@example.com,IN,consumer,2020-07-07T00:00:00
CUST-03595,Customer 3595,customer3595@example.com,UK,small-business,2020-04-16T00:00:00
CUST-03596,Customer 3596,customer3596@example.com,JP,small-business,2023-06-20T00:00:00
CUST-03597,Customer 3597,customer3597@example.com,DE,enterprise,2020-08-11T00:00:00
CUST-03598,Customer 3598,customer3598@example.com,US,mid-market,2020-12-05T00:00:00
CUST-03599,Customer 3599,customer3599@example.com,US,small-business,2021-10-01T00:00:00
CUST-03600,Customer 3600,customer3600@example.com,IN,enterprise,2023-08-31T00:00:00
CUST-03601,Customer 3601,customer3601@example.com,BR,small-business,2022-01-27T00:00:00
CUST-03602,Customer 3602,customer3602@example.com,JP,small-business,2023-04-13T00:00:00
CUST-03603,Customer 3603,customer3603@example.com,JP,mid-market,2023-10-23T00:00:00
CUST-03604,Customer 3604,customer3604@example.com,AU,enterprise,2021-10-22T00:00:00
CUST-03605,Customer 3605,customer3605@example.com,IN,consumer,2023-05-28T00:00:00
CUST-03606,Customer 3606,customer3606@example.com,IN,small-business,2023-12-25T00:00:00
CUST-03607,Customer 3607,customer3607@example.com,BR,small-business,2022-07-12T00:00:00
CUST-03608,Customer 3608,customer3608@example.com,US,mid-market,2020-02-14T00:00:00
CUST-03609,Customer 3609,customer3609@example.com,UK,enterprise,2020-02-18T00:00:00
CUST-03610,Customer 3610,customer3610@example.com,IN,mid-market,2020-04-09T00:00:00
CUST-03611,Customer 3611,customer3611@example.com,DE,mid-market,2020-05-16T00:00:00
CUST-03612,Customer 3612,customer3612@example.com,JP,consumer,2021-01-19T00:00:00
CUST-03613,Customer 3613,customer3613@example.com,DE,consumer,2023-05-13T00:00:00
CUST-03614,Customer 3614,customer3614@example.com,JP,consumer,2023-12-13T00:00:00
CUST-03615,Customer 3615,customer3615@example.com,AU,mid-market,2020-12-05T00:00:00
CUST-03616,Customer 3616,customer3616@example.com,DE,enterprise,2020-02-04T00:00:00
CUST-03617,Customer 3617,customer3617@example.com,AU,mid-market,2023-09-01T00:00:00
CUST-03618,Customer 3618,customer3618@example.com,UK,mid-market,2022-03-16T00:00:00
CUST-03619,Customer 3619,customer3619@example.com,AU,consumer,2022-07-09T00:00:00
CUST-03620,Customer 3620,customer3620@example.com,AU,enterprise,2022-06-19T00:00:00
CUST-03621,Customer 3621,customer3621@example.com,JP,consumer,2020-08-03T00:00:00
CUST-03622,Customer 3622,customer3622@example.com,CA,mid-market,2021-11-11T00:00:00
CUST-03623,Customer 3623,customer3623@example.com,DE,enterprise,2022-05-16T00:00:00
CUST-03624,Customer 3624,customer3624@example.com,DE,small-business,2023-04-17T00:00:00
CUST-03625,Customer 3625,customer3625@example.com,UK,consumer,2020-06-12T00:00:00
CUST-03626,Customer 3626,customer3626@example.com,US,consumer,2020-11-11T00:00:00
CUST-03627,Customer 3627,customer3627@example.com,AU,enterprise,2023-06-07T00:00:00
CUST-03628,Customer 3628,customer3628@example.com,UK,consumer,2022-09-26T00:00:00
CUST-03629,Customer 3629,customer3629@example.com,UK,consumer,2023-07-16T00:00:00
CUST-03630,Customer 3630,customer3630@example.com,UK,enterprise,2020-08-09T00:00:00
CUST-03631,Customer 3631,customer3631@example.com,UK,small-business,2021-01-20T00:00:00
CUST-03632,Customer 3632,customer3632@example.com,FR,small-business,2020-05-31T00:00:00
CUST-03633,Customer 3633,customer3633@example.com,FR,small-business,2023-07-08T00:00:00
CUST-03634,Customer 3634,customer3634@example.com,KR,consumer,2022-10-01T00:00:00
CUST-03635,Customer 3635,customer3635@example.com,UK,consumer,2021-08-24T00:00:00
CUST-03636,Customer 3636,customer3636@example.com,BR,consumer,2021-03-12T00:00:00
CUST-03637,Customer 3637,customer3637@example.com,UK,mid-market,2023-11-15T00:00:00
CUST-03638,Customer 3638,customer3638@example.com,CA,consumer,2022-06-19T00:00:00
CUST-03639,Customer 3639,customer3639@example.com,BR,enterprise,2023-07-21T00:00:00
CUST-03640,Customer 3640,customer3640@example.com,US,small-business,2021-10-20T00:00:00
CUST-03641,Customer 3641,customer3641@example.com,BR,mid-market,2022-09-28T00:00:00
CUST-03642,Customer 3642,customer3642@example.com,JP,mid-market,2023-10-17T00:00:00
CUST-03643,Customer 3643,customer3643@example.com,DE,enterprise,2021-03-11T00:00:00
CUST-03644,Customer 3644,customer3644@example.com,AU,consumer,2021-11-16T00:00:00
CUST-03645,Customer 3645,customer3645@example.com,UK,enterprise,2022-10-04T00:00:00
CUST-03646,Customer 3646,customer3646@example.com,JP,mid-market,2023-12-18T00:00:00
CUST-03647,Customer 3647,customer3647@example.com,UK,enterprise,2023-04-06T00:00:00
CUST-03648,Customer 3648,customer3648@example.com,KR,small-business,2022-07-11T00:00:00
CUST-03649,Customer 3649,customer3649@example.com,CA,enterprise,2023-08-02T00:00:00
CUST-03650,Customer 3650,customer3650@example.com,DE,enterprise,2021-08-01T00:00:00
CUST-03651,Customer 3651,customer3651@example.com,FR,enterprise,2020-01-10T00:00:00
CUST-03652,Customer 3652,customer3652@example.com,DE,enterprise,2021-11-29T00:00:00
CUST-03653,Customer 3653,customer3653@example.com,IN,enterprise,2022-02-05T00:00:00
CUST-03654,Customer 3654,customer3654@example.com,UK,enterprise,2022-05-16T00:00:00
CUST-03655,Customer 3655,customer3655@example.com,FR,mid-market,2020-06-20T00:00:00
CUST-03656,Customer 3656,customer3656@example.com,IN,small-business,2020-02-06T00:00:00
CUST-03657,Customer 3657,customer3657@example.com,BR,consumer,2022-07-21T00:00:00
CUST-03658,Customer 3658,customer3658@example.com,US,consumer,2021-06-06T00:00:00
CUST-03659,Customer 3659,customer3659@example.com,UK,consumer,2021-05-09T00:00:00
CUST-03660,Customer 3660,customer3660@example.com,AU,mid-market,2021-03-24T00:00:00
CUST-03661,Customer 3661,customer3661@example.com,JP,enterprise,2023-03-21T00:00:00
CUST-03662,Customer 3662,customer3662@example.com,CA,enterprise,2023-04-02T00:00:00
CUST-03663,Customer 3663,customer3663@example.com,FR,enterprise,2023-09-19T00:00:00
CUST-03664,Customer 3664,customer3664@example.com,AU,consumer,2023-03-26T00:00:00
CUST-03665,Customer 3665,customer3665@example.com,UK,small-business,2021-01-31T00:00:00
CUST-03666,Customer 3666,customer3666@example.com,AU,enterprise,2021-03-21T00:00:00
CUST-03667,Customer 3667,customer3667@example.com,FR,consumer,2023-07-12T00:00:00
CUST-03668,Customer 3668,customer3668@example.com,KR,small-business,2022-02-02T00:00:00
CUST-03669,Customer 3669,customer3669@example.com,JP,mid-market,2022-11-18T00:00:00
CUST-03670,Customer 3670,customer3670@example.com,IN,small-business,2022-05-17T00:00:00
CUST-03671,Customer 3671,customer3671@example.com,UK,small-business,2023-11-17T00:00:00
CUST-03672,Customer 3672,customer3672@example.com,KR,small-business,2020-05-11T00:00:00
CUST-03673,Customer 3673,customer3673@example.com,US,enterprise,2022-08-22T00:00:00
CUST-03674,Customer 3674,customer3674@example.com,FR,enterprise,2022-07-30T00:00:00
CUST-03675,Customer 3675,customer3675@example.com,UK,mid-market,2022-10-17T00:00:00
CUST-03676,Customer 3676,customer3676@example.com,KR,enterprise,2021-01-02T00:00:00
CUST-03677,Customer 3677,customer3677@example.com,US,small-business,2022-10-02T00:00:00
CUST-03678,Customer 3678,customer3678@example.com,DE,small-business,2022-11-18T00:00:00
CUST-03679,Customer 3679,customer3679@example.com,KR,small-business,2021-09-02T00:00:00
CUST-03680,Customer 3680,customer3680@example.com,FR,consumer,2020-01-03T00:00:00
CUST-03681,Customer 3681,customer3681@example.com,US,mid-market,2023-10-07T00:00:00
CUST-03682,Customer 3682,customer3682@example.com,IN,enterprise,2022-08-30T00:00:00
CUST-03683,Customer 3683,customer3683@example.com,US,small-business,2022-07-01T00:00:00
CUST-03684,Customer 3684,customer3684@example.com,DE,small-business,2022-07-01T00:00:00
CUST-03685,Customer 3685,customer3685@example.com,CA,small-business,2021-10-19T00:00:00
CUST-03686,Customer 3686,customer3686@example.com,AU,small-business,2020-11-28T00:00:00
CUST-03687,Customer 3687,customer3687@example.com,CA,enterprise,2023-08-18T00:00:00
CUST-03688,Customer 3688,customer3688@example.com,FR,enterprise,2021-04-14T00:00:00
CUST-03689,Customer 3689,customer3689@example.com,IN,mid-market,2021-12-01T00:00:00
CUST-03690,Customer 3690,customer3690@example.com,CA,small-business,2023-04-07T00:00:00
CUST-03691,Customer 3691,customer3691@example.com,BR,mid-market,2021-08-15T00:00:00
CUST-03692,Customer 3692,customer3692@example.com,JP,enterprise,2023-04-01T00:00:00
CUST-03693,Customer 3693,customer3693@example.com,FR,consumer,2022-09-30T00:00:00
CUST-03694,Customer 3694,customer3694@example.com,DE,mid-market,2023-01-15T00:00:00
CUST-03695,Customer 3695,customer3695@example.com,FR,mid-market,2020-02-26T00:00:00
CUST-03696,Customer 3696,customer3696@example.com,IN,mid-market,2022-07-25T00:00:00
CUST-03697,Customer 3697,customer3697@example.com,US,consumer,2021-04-17T00:00:00
CUST-03698,Customer 3698,customer3698@example.com,BR,enterprise,2023-08-16T00:00:00
CUST-03699,Customer 3699,customer3699@example.com,CA,consumer,2022-01-11T00:00:00
CUST-03700,Customer 3700,customer3700@example.com,FR,small-business,2020-07-22T00:00:00
CUST-03701,Customer 3701,customer3701@example.com,KR,enterprise,2022-01-27T00:00:00
CUST-03702,Customer 3702,customer3702@example.com,DE,consumer,2023-07-28T00:00:00
CUST-03703,Customer 3703,customer3703@example.com,JP,consumer,2023-09-26T00:00:00
CUST-03704,Customer 3704,customer3704@example.com,DE,small-business,2023-10-22T00:00:00
CUST-03705,Customer 3705,customer3705@example.com,AU,enterprise,2023-06-12T00:00:00
CUST-03706,Customer 3706,customer3706@example.com,UK,consumer,2022-10-11T00:00:00
CUST-03707,Customer 3707,customer3707@example.com,UK,small-business,2022-02-09T00:00:00
CUST-03708,Customer 3708,customer3708@example.com,KR,small-business,2020-11-19T00:00:00
CUST-03709,Customer 3709,customer3709@example.com,IN,mid-market,2021-02-23T00:00:00
CUST-03710,Customer 3710,customer3710@example.com,FR,mid-market,2023-10-01T00:00:00
CUST-03711,Customer 3711,customer3711@example.com,FR,consumer,2022-12-26T00:00:00
CUST-03712,Customer 3712,customer3712@example.com,UK,consumer,2023-12-02T00:00:00
CUST-03713,Customer 3713,customer3713@example.com,DE,mid-market,2020-03-05T00:00:00
CUST-03714,Customer 3714,customer3714@example.com,IN,mid-market,2022-02-22T00:00:00
CUST-03715,Customer 3715,customer3715@example.com,CA,mid-market,2022-01-13T00:00:00
CUST-03716,Customer 3716,customer3716@example.com,BR,mid-market,2020-08-30T00:00:00
CUST-03717,Customer 3717,customer3717@example.com,IN,mid-market,2022-07-27T00:00:00
CUST-03718,Customer 3718,customer3718@example.com,AU,consumer,2022-01-21T00:00:00
CUST-03719,Customer 3719,customer3719@example.com,IN,mid-market,2020-05-19T00:00:00
CUST-03720,Customer 3720,customer3720@example.com,AU,mid-market,2023-03-16T00:00:00
CUST-03721,Customer 3721,customer3721@example.com,DE,consumer,2021-06-17T00:00:00
CUST-03722,Customer 3722,customer3722@example.com,UK,mid-market,2023-10-31T00:00:00
CUST-03723,Customer 3723,customer3723@example.com,BR,consumer,2020-03-02T00:00:00
CUST-03724,Customer 3724,customer3724@example.com,JP,enterprise,2023-06-21T00:00:00
CUST-03725,Customer 3725,customer3725@example.com,BR,small-business,2022-03-19T00:00:00
CUST-03726,Customer 3726,customer3726@example.com,IN,enterprise,2020-06-28T00:00:00
CUST-03727,Customer 3727,customer3727@example.com,JP,small-business,2020-08-21T00:00:00
CUST-03728,Customer 3728,customer3728@example.com,IN,enterprise,2022-07-07T00:00:00
CUST-03729,Customer 3729,customer3729@example.com,US,enterprise,2022-04-16T00:00:00
CUST-03730,Customer 3730,customer3730@example.com,FR,enterprise,2022-03-03T00:00:00
CUST-03731,Customer 3731,customer3731@example.com,US,small-business,2023-10-15T00:00:00
CUST-03732,Customer 3732,customer3732@example.com,US,mid-market,2022-05-26T00:00:00
CUST-03733,Customer 3733,customer3733@example.com,CA,mid-market,2021-12-07T00:00:00
CUST-03734,Customer 3734,customer3734@example.com,BR,consumer,2021-03-10T00:00:00
CUST-03735,Customer 3735,customer3735@example.com,FR,consumer,2022-11-05T00:00:00
CUST-03736,Customer 3736,customer3736@example.com,BR,small-business,2020-03-31T00:00:00
CUST-03737,Customer 3737,customer3737@example.com,FR,mid-market,2022-12-18T00:00:00
CUST-03738,Customer 3738,customer3738@example.com,IN,enterprise,2022-01-10T00:00:00
CUST-03739,Customer 3739,customer3739@example.com,UK,enterprise,2023-07-02T00:00:00
CUST-03740,Customer 3740,customer3740@example.com,US,consumer,2021-09-05T00:00:00
CUST-03741,Customer 3741,customer3741@example.com,DE,consumer,2021-04-28T00:00:00
CUST-03742,Customer 3742,customer3742@example.com,US,small-business,2021-01-15T00:00:00
CUST-03743,Customer 3743,customer3743@example.com,KR,enterprise,2022-11-28T00:00:00
CUST-03744,Customer 3744,customer3744@example.com,BR,mid-market,2021-04-17T00:00:00
CUST-03745,Customer 3745,customer3745@example.com,US,mid-market,2023-07-27T00:00:00
CUST-03746,Customer 3746,customer3746@example.com,IN,small-business,2020-07-25T00:00:00
CUST-03747,Customer 3747,customer3747@example.com,AU,enterprise,2022-02-15T00:00:00
CUST-03748,Customer 3748,customer3748@example.com,AU,consumer,2023-01-04T00:00:00
CUST-03749,Customer 3749,customer3749@example.com,JP,small-business,2023-03-09T00:00:00
CUST-03750,Customer 3750,customer3750@example.com,IN,consumer,2022-12-05T00:00:00
CUST-03751,Customer 3751,customer3751@example.com,CA,enterprise,2020-02-05T00:00:00
CUST-03752,Customer 3752,customer3752@example.com,CA,small-business,2021-07-13T00:00:00
CUST-03753,Customer 3753,customer3753@example.com,AU,consumer,2020-03-27T00:00:00
CUST-03754,Customer 3754,customer3754@example.com,JP,small-business,2020-04-28T00:00:00
CUST-03755,Customer 3755,customer3755@example.com,UK,mid-market,2020-07-06T00:00:00
CUST-03756,Customer 3756,customer3756@example.com,IN,consumer,2021-11-23T00:00:00
CUST-03757,Customer 3757,customer3757@example.com,DE,consumer,2022-12-07T00:00:00
CUST-03758,Customer 3758,customer3758@example.com,AU,enterprise,2022-10-24T00:00:00
CUST-03759,Customer 3759,customer3759@example.com,DE,mid-market,2023-08-31T00:00:00
CUST-03760,Customer 3760,customer3760@example.com,UK,consumer,2020-03-19T00:00:00
CUST-03761,Customer 3761,customer3761@example.com,AU,small-business,2020-06-22T00:00:00
CUST-03762,Customer 3762,customer3762@example.com,UK,small-business,2020-06-15T00:00:00
CUST-03763,Customer 3763,customer3763@example.com,BR,small-business,2021-04-04T00:00:00
CUST-03764,Customer 3764,customer3764@example.com,UK,enterprise,2021-03-15T00:00:00
CUST-03765,Customer 3765,customer3765@example.com,DE,consumer,2020-11-10T00:00:00
CUST-03766,Customer 3766,customer3766@example.com,DE,mid-market,2022-01-30T00:00:00
CUST-03767,Customer 3767,customer3767@example.com,BR,small-business,2023-09-29T00:00:00
CUST-03768,Customer 3768,customer3768@example.com,KR,enterprise,2021-06-29T00:00:00
CUST-03769,Customer 3769,customer3769@example.com,KR,enterprise,2021-08-08T00:00:00
CUST-03770,Customer 3770,customer3770@example.com,JP,small-business,2020-03-23T00:00:00
CUST-03771,Customer 3771,customer3771@example.com,BR,consumer,2020-01-09T00:00:00
CUST-03772,Customer 3772,customer3772@example.com,BR,consumer,2020-05-04T00:00:00
CUST-03773,Customer 3773,customer3773@example.com,US,consumer,2020-04-09T00:00:00
CUST-03774,Customer 3774,customer3774@example.com,AU,enterprise,2023-02-02T00:00:00
CUST-03775,Customer 3775,customer3775@example.com,JP,mid-market,2022-02-02T00:00:00
CUST-03776,Customer 3776,customer3776@example.com,JP,enterprise,2022-07-01T00:00:00
CUST-03777,Customer 3777,customer3777@example.com,US,consumer,2023-01-26T00:00:00
CUST-03778,Customer 3778,customer3778@example.com,US,enterprise,2023-05-10T00:00:00
CUST-03779,Customer 3779,customer3779@example.com,FR,mid-market,2023-04-13T00:00:00
CUST-03780,Customer 3780,customer3780@example.com,DE,mid-market,2022-05-07T00:00:00
CUST-03781,Customer 3781,customer3781@example.com,AU,small-business,2022-12-10T00:00:00
CUST-03782,Customer 3782,customer3782@example.com,CA,enterprise,2020-01-11T00:00:00
CUST-03783,Customer 3783,customer3783@example.com,IN,mid-market,2020-02-14T00:00:00
CUST-03784,Customer 3784,customer3784@example.com,DE,consumer,2020-10-27T00:00:00
CUST-03785,Customer 3785,customer3785@example.com,IN,mid-market,2020-07-06T00:00:00
CUST-03786,Customer 3786,customer3786@example.com,AU,consumer,2021-06-21T00:00:00
CUST-03787,Customer 3787,customer3787@example.com,DE,small-business,2023-03-21T00:00:00
CUST-03788,Customer 3788,customer3788@example.com,BR,consumer,2020-10-19T00:00:00
CUST-03789,Customer 3789,customer3789@example.com,BR,mid-market,2021-06-12T00:00:00
CUST-03790,Customer 3790,customer3790@example.com,FR,consumer,2022-07-22T00:00:00
CUST-03791,Customer 3791,customer3791@example.com,KR,small-business,2021-07-26T00:00:00
CUST-03792,Customer 3792,customer3792@example.com,DE,enterprise,2020-07-21T00:00:00
CUST-03793,Customer 3793,customer3793@example.com,AU,small-business,2021-06-11T00:00:00
CUST-03794,Customer 3794,customer3794@example.com,BR,enterprise,2023-10-26T00:00:00
CUST-03795,Customer 3795,customer3795@example.com,JP,small-business,2022-12-02T00:00:00
CUST-03796,Customer 3796,customer3796@example.com,DE,mid-market,2020-10-18T00:00:00
CUST-03797,Customer 3797,customer3797@example.com,CA,consumer,2020-10-14T00:00:00
CUST-03798,Customer 3798,customer3798@example.com,US,consumer,2020-05-07T00:00:00
CUST-03799,Customer 3799,customer3799@example.com,KR,small-business,2023-08-12T00:00:00
CUST-03800,Customer 3800,customer3800@example.com,US,enterprise,2020-10-21T00:00:00
CUST-03801,Customer 3801,customer3801@example.com,US,mid-market,2021-03-18T00:00:00
CUST-03802,Customer 3802,customer3802@example.com,DE,mid-market,2021-02-03T00:00:00
CUST-03803,Customer 3803,customer3803@example.com,JP,mid-market,2022-01-11T00:00:00
CUST-03804,Customer 3804,customer3804@example.com,DE,mid-market,2023-05-09T00:00:00
CUST-03805,Customer 3805,customer3805@example.com,JP,consumer,2022-12-17T00:00:00
CUST-03806,Customer 3806,customer3806@example.com,US,mid-market,2023-05-20T00:00:00
CUST-03807,Customer 3807,customer3807@example.com,IN,mid-market,2020-11-10T00:00:00
CUST-03808,Customer 3808,customer3808@example.com,CA,mid-market,2022-11-01T00:00:00
CUST-03809,Customer 3809,customer3809@example.com,IN,enterprise,2022-08-19T00:00:00
CUST-03810,Customer 3810,customer3810@example.com,CA,consumer,2021-01-17T00:00:00
CUST-03811,Customer 3811,customer3811@example.com,UK,consumer,2021-11-06T00:00:00
CUST-03812,Customer 3812,customer3812@example.com,CA,small-business,2021-04-18T00:00:00
CUST-03813,Customer 3813,customer3813@example.com,IN,small-business,2020-06-06T00:00:00
CUST-03814,Customer 3814,customer3814@example.com,UK,mid-market,2023-09-28T00:00:00
CUST-03815,Customer 3815,customer3815@example.com,FR,consumer,2023-05-19T00:00:00
CUST-03816,Customer 3816,customer3816@example.com,AU,consumer,2022-04-09T00:00:00
CUST-03817,Customer 3817,customer3817@example.com,BR,consumer,2022-03-03T00:00:00
CUST-03818,Customer 3818,customer3818@example.com,AU,mid-market,2023-11-25T00:00:00
CUST-03819,Customer 3819,customer3819@example.com,IN,enterprise,2021-04-07T00:00:00
CUST-03820,Customer 3820,customer3820@example.com,FR,enterprise,2022-11-09T00:00:00
CUST-03821,Customer 3821,customer3821@example.com,UK,consumer,2022-07-29T00:00:00
CUST-03822,Customer 3822,customer3822@example.com,FR,small-business,2023-05-10T00:00:00
CUST-03823,Customer 3823,customer3823@example.com,DE,enterprise,2023-01-25T00:00:00
CUST-03824,Customer 3824,customer3824@example.com,BR,enterprise,2022-01-20T00:00:00
CUST-03825,Customer 3825,customer3825@example.com,DE,enterprise,2023-06-15T00:00:00
CUST-03826,Customer 3826,customer3826@example.com,BR,enterprise,2021-05-06T00:00:00
CUST-03827,Customer 3827,customer3827@example.com,US,enterprise,2021-03-28T00:00:00
CUST-03828,Customer 3828,customer3828@example.com,FR,enterprise,2021-07-07T00:00:00
CUST-03829,Customer 3829,customer3829@example.com,AU,consumer,2022-09-24T00:00:00
CUST-03830,Customer 3830,customer3830@example.com,CA,small-business,2020-03-18T00:00:00
CUST-03831,Customer 3831,customer3831@example.com,JP,small-business,2021-10-12T00:00:00
CUST-03832,Customer 3832,customer3832@example.com,BR,consumer,2021-11-26T00:00:00
CUST-03833,Customer 3833,customer3833@example.com,CA,enterprise,2022-09-07T00:00:00
CUST-03834,Customer 3834,customer3834@example.com,UK,mid-market,2021-11-25T00:00:00
CUST-03835,Customer 3835,customer3835@example.com,FR,consumer,2022-11-23T00:00:00
CUST-03836,Customer 3836,customer3836@example.com,DE,consumer,2022-03-11T00:00:00
CUST-03837,Customer 3837,customer3837@example.com,IN,enterprise,2022-09-17T00:00:00
CUST-03838,Customer 3838,customer3838@example.com,JP,small-business,2021-07-14T00:00:00
CUST-03839,Customer 3839,customer3839@example.com,FR,enterprise,2020-10-25T00:00:00
CUST-03840,Customer 3840,customer3840@example.com,US,enterprise,2021-06-27T00:00:00
CUST-03841,Customer 3841,customer3841@example.com,KR,mid-market,2020-03-20T00:00:00
CUST-03842,Customer 3842,customer3842@example.com,IN,consumer,2021-06-13T00:00:00
CUST-03843,Customer 3843,customer3843@example.com,AU,mid-market,2021-12-12T00:00:00
CUST-03844,Customer 3844,customer3844@example.com,BR,enterprise,2021-10-27T00:00:00
CUST-03845,Customer 3845,customer3845@example.com,KR,small-business,2023-04-25T00:00:00
CUST-03846,Customer 3846,customer3846@example.com,IN,consumer,2021-09-11T00:00:00
CUST-03847,Customer 3847,customer3847@example.com,DE,consumer,2020-12-28T00:00:00
CUST-03848,Customer 3848,customer3848@example.com,FR,consumer,2020-12-04T00:00:00
CUST-03849,Customer 3849,customer3849@example.com,IN,small-business,2023-09-18T00:00:00
CUST-03850,Customer 3850,customer3850@example.com,AU,small-business,2022-02-11T00:00:00
CUST-03851,Customer 3851,customer3851@example.com,BR,enterprise,2022-09-15T00:00:00
CUST-03852,Customer 3852,customer3852@example.com,AU,consumer,2022-02-17T00:00:00
CUST-03853,Customer 3853,customer3853@example.com,UK,enterprise,2023-02-12T00:00:00
CUST-03854,Customer 3854,customer3854@example.com,FR,enterprise,2021-11-22T00:00:00
CUST-03855,Customer 3855,customer3855@example.com,FR,small-business,2023-03-14T00:00:00
CUST-03856,Customer 3856,customer3856@example.com,KR,mid-market,2023-02-07T00:00:00
CUST-03857,Customer 3857,customer3857@example.com,FR,mid-market,2020-07-28T00:00:00
CUST-03858,Customer 3858,customer3858@example.com,CA,mid-market,2022-09-29T00:00:00
CUST-03859,Customer 3859,customer3859@example.com,KR,small-business,2022-11-13T00:00:00
CUST-03860,Customer 3860,customer3860@example.com,AU,mid-market,2023-12-03T00:00:00
CUST-03861,Customer 3861,customer3861@example.com,BR,consumer,2020-05-17T00:00:00
CUST-03862,Customer 3862,customer3862@example.com,IN,mid-market,2020-11-14T00:00:00
CUST-03863,Customer 3863,customer3863@example.com,FR,consumer,2022-01-02T00:00:00
CUST-03864,Customer 3864,customer3864@example.com,UK,enterprise,2020-06-03T00:00:00
CUST-03865,Customer 3865,customer3865@example.com,CA,small-business,2021-01-07T00:00:00
CUST-03866,Customer 3866,customer3866@example.com,DE,small-business,2023-12-10T00:00:00
CUST-03867,Customer 3867,customer3867@example.com,BR,consumer,2020-03-09T00:00:00
CUST-03868,Customer 3868,customer3868@example.com,AU,mid-market,2021-07-26T00:00:00
CUST-03869,Customer 3869,customer3869@example.com,FR,mid-market,2020-01-27T00:00:00
CUST-03870,Customer 3870,customer3870@example.com,JP,enterprise,2021-10-28T00:00:00
CUST-03871,Customer 3871,customer3871@example.com,FR,enterprise,2023-11-29T00:00:00
CUST-03872,Customer 3872,customer3872@example.com,KR,enterprise,2022-05-17T00:00:00
CUST-03873,Customer 3873,customer3873@example.com,KR,enterprise,2021-12-05T00:00:00
CUST-03874,Customer 3874,customer3874@example.com,AU,enterprise,2022-02-16T00:00:00
CUST-03875,Customer 3875,customer3875@example.com,FR,small-business,2022-02-01T00:00:00
CUST-03876,Customer 3876,customer3876@example.com,IN,consumer,2023-06-19T00:00:00
CUST-03877,Customer 3877,customer3877@example.com,IN,small-business,2022-03-27T00:00:00
CUST-03878,Customer 3878,customer3878@example.com,BR,consumer,2022-03-16T00:00:00
CUST-03879,Customer 3879,customer3879@example.com,IN,small-business,2022-04-07T00:00:00
CUST-03880,Customer 3880,customer3880@example.com,FR,small-business,2022-08-25T00:00:00
CUST-03881,Customer 3881,customer3881@example.com,US,enterprise,2023-10-10T00:00:00
CUST-03882,Customer 3882,customer3882@example.com,JP,consumer,2020-10-23T00:00:00
CUST-03883,Customer 3883,customer3883@example.com,FR,consumer,2023-02-28T00:00:00
CUST-03884,Customer 3884,customer3884@example.com,JP,small-business,2021-11-24T00:00:00
CUST-03885,Customer 3885,customer3885@example.com,US,small-business,2020-09-14T00:00:00
CUST-03886,Customer 3886,customer3886@example.com,AU,small-business,2021-11-15T00:00:00
CUST-03887,Customer 3887,customer3887@example.com,DE,enterprise,2020-09-22T00:00:00
CUST-03888,Customer 3888,customer3888@example.com,US,small-business,2021-08-25T00:00:00
CUST-03889,Customer 3889,customer3889@example.com,FR,consumer,2021-01-21T00:00:00
CUST-03890,Customer 3890,customer3890@example.com,CA,small-business,2021-12-12T00:00:00
CUST-03891,Customer 3891,customer3891@example.com,KR,consumer,2020-05-09T00:00:00
CUST-03892,Customer 3892,customer3892@example.com,CA,mid-market,2022-03-15T00:00:00
CUST-03893,Customer 3893,customer3893@example.com,DE,consumer,2022-06-15T00:00:00
CUST-03894,Customer 3894,customer3894@example.com,FR,mid-market,2023-04-03T00:00:00
CUST-03895,Customer 3895,customer3895@example.com,US,small-business,2022-08-22T00:00:00
CUST-03896,Customer 3896,customer3896@example.com,BR,consumer,2023-07-29T00:00:00
CUST-03897,Customer 3897,customer3897@example.com,UK,enterprise,2021-05-02T00:00:00
CUST-03898,Customer 3898,customer3898@example.com,KR,mid-market,2023-12-04T00:00:00
CUST-03899,Customer 3899,customer3899@example.com,CA,enterprise,2023-04-11T00:00:00
CUST-03900,Customer 3900,customer3900@example.com,IN,consumer,2023-09-04T00:00:00
CUST-03901,Customer 3901,customer3901@example.com,DE,small-business,2022-04-28T00:00:00
CUST-03902,Customer 3902,customer3902@example.com,JP,small-business,2023-12-06T00:00:00
CUST-03903,Customer 3903,customer3903@example.com,AU,mid-market,2022-04-20T00:00:00
CUST-03904,Customer 3904,customer3904@example.com,AU,mid-market,2022-12-07T00:00:00
CUST-03905,Customer 3905,customer3905@example.com,US,consumer,2022-06-21T00:00:00
CUST-03906,Customer 3906,customer3906@example.com,IN,small-business,2020-04-24T00:00:00
CUST-03907,Customer 3907,customer3907@example.com,BR,enterprise,2023-11-26T00:00:00
CUST-03908,Customer 3908,customer3908@example.com,AU,mid-market,2023-09-08T00:00:00
CUST-03909,Customer 3909,customer3909@example.com,JP,consumer,2021-10-02T00:00:00
CUST-03910,Customer 3910,customer3910@example.com,UK,small-business,2023-10-21T00:00:00
CUST-03911,Customer 3911,customer3911@example.com,IN,small-business,2020-05-21T00:00:00
CUST-03912,Customer 3912,customer3912@example.com,DE,consumer,2022-04-19T00:00:00
CUST-03913,Customer 3913,customer3913@example.com,US,enterprise,2020-02-11T00:00:00
CUST-03914,Customer 3914,customer3914@example.com,UK,small-business,2022-04-28T00:00:00
CUST-03915,Customer 3915,customer3915@example.com,US,small-business,2020-09-22T00:00:00
CUST-03916,Customer 3916,customer3916@example.com,UK,mid-market,2021-06-02T00:00:00
CUST-03917,Customer 3917,customer3917@example.com,KR,consumer,2020-02-09T00:00:00
CUST-03918,Customer 3918,customer3918@example.com,FR,small-business,2021-04-06T00:00:00
CUST-03919,Customer 3919,customer3919@example.com,CA,small-business,2020-09-06T00:00:00
CUST-03920,Customer 3920,customer3920@example.com,AU,mid-market,2020-03-09T00:00:00
CUST-03921,Customer 3921,customer3921@example.com,FR,mid-market,2020-01-06T00:00:00
CUST-03922,Customer 3922,customer3922@example.com,AU,consumer,2021-12-21T00:00:00
CUST-03923,Customer 3923,customer3923@example.com,BR,small-business,2020-03-28T00:00:00
CUST-03924,Customer 3924,customer3924@example.com,DE,enterprise,2020-11-28T00:00:00
CUST-03925,Customer 3925,customer3925@example.com,AU,consumer,2021-01-06T00:00:00
CUST-03926,Customer 3926,customer3926@example.com,KR,consumer,2023-03-09T00:00:00
CUST-03927,Customer 3927,customer3927@example.com,JP,consumer,2020-11-03T00:00:00
CUST-03928,Customer 3928,customer3928@example.com,DE,mid-market,2020-01-05T00:00:00
CUST-03929,Customer 3929,customer3929@example.com,IN,enterprise,2020-08-04T00:00:00
CUST-03930,Customer 3930,customer3930@example.com,JP,small-business,2021-08-23T00:00:00
CUST-03931,Customer 3931,customer3931@example.com,JP,enterprise,2020-06-19T00:00:00
CUST-03932,Customer 3932,customer3932@example.com,IN,enterprise,2021-03-23T00:00:00
CUST-03933,Customer 3933,customer3933@example.com,FR,small-business,2021-11-19T00:00:00
CUST-03934,Customer 3934,customer3934@example.com,FR,consumer,2023-07-06T00:00:00
CUST-03935,Customer 3935,customer3935@example.com,JP,mid-market,2021-01-28T00:00:00
CUST-03936,Customer 3936,customer3936@example.com,CA,consumer,2022-06-21T00:00:00
CUST-03937,Customer 3937,customer3937@example.com,BR,consumer,2020-05-21T00:00:00
CUST-03938,Customer 3938,customer3938@example.com,US,small-business,2023-03-04T00:00:00
CUST-03939,Customer 3939,customer3939@example.com,UK,consumer,2020-05-19T00:00:00
CUST-03940,Customer 3940,customer3940@example.com,US,mid-market,2022-09-21T00:00:00
CUST-03941,Customer 3941,customer3941@example.com,CA,small-business,2021-12-05T00:00:00
CUST-03942,Customer 3942,customer3942@example.com,FR,mid-market,2023-06-27T00:00:00
CUST-03943,Customer 3943,customer3943@example.com,AU,enterprise,2022-08-05T00:00:00
CUST-03944,Customer 3944,customer3944@example.com,KR,mid-market,2023-03-09T00:00:00
CUST-03945,Customer 3945,customer3945@example.com,FR,mid-market,2023-01-25T00:00:00
CUST-03946,Customer 3946,customer3946@example.com,FR,consumer,2023-04-21T00:00:00
CUST-03947,Customer 3947,customer3947@example.com,JP,enterprise,2020-06-30T00:00:00
CUST-03948,Customer 3948,customer3948@example.com,IN,consumer,2021-10-31T00:00:00
CUST-03949,Customer 3949,customer3949@example.com,IN,consumer,2023-12-30T00:00:00
CUST-03950,Customer 3950,customer3950@example.com,IN,small-business,2022-02-13T00:00:00
CUST-03951,Customer 3951,customer3951@example.com,CA,small-business,2022-04-01T00:00:00
CUST-03952,Customer 3952,customer3952@example.com,BR,consumer,2023-02-07T00:00:00
CUST-03953,Customer 3953,customer3953@example.com,BR,consumer,2022-12-06T00:00:00
CUST-03954,Customer 3954,customer3954@example.com,UK,consumer,2020-04-13T00:00:00
CUST-03955,Customer 3955,customer3955@example.com,FR,consumer,2023-04-28T00:00:00
CUST-03956,Customer 3956,customer3956@example.com,BR,enterprise,2021-06-17T00:00:00
CUST-03957,Customer 3957,customer3957@example.com,IN,enterprise,2022-01-12T00:00:00
CUST-03958,Customer 3958,customer3958@example.com,IN,enterprise,2023-03-03T00:00:00
CUST-03959,Customer 3959,customer3959@example.com,IN,enterprise,2023-03-30T00:00:00
CUST-03960,Customer 3960,customer3960@example.com,US,enterprise,2022-03-22T00:00:00
CUST-03961,Customer 3961,customer3961@example.com,JP,consumer,2020-01-31T00:00:00
CUST-03962,Customer 3962,customer3962@example.com,DE,small-business,2021-04-16T00:00:00
CUST-03963,Customer 3963,customer3963@example.com,AU,enterprise,2020-07-27T00:00:00
CUST-03964,Customer 3964,customer3964@example.com,UK,small-business,2023-07-13T00:00:00
CUST-03965,Customer 3965,customer3965@example.com,FR,consumer,2023-05-26T00:00:00
CUST-03966,Customer 3966,customer3966@example.com,FR,enterprise,2021-07-11T00:00:00
CUST-03967,Customer 3967,customer3967@example.com,US,mid-market,2022-08-10T00:00:00
CUST-03968,Customer 3968,customer3968@example.com,IN,enterprise,2023-04-19T00:00:00
CUST-03969,Customer 3969,customer3969@example.com,IN,small-business,2023-12-10T00:00:00
CUST-03970,Customer 3970,customer3970@example.com,KR,mid-market,2020-09-07T00:00:00
CUST-03971,Customer 3971,customer3971@example.com,BR,small-business,2023-03-07T00:00:00
CUST-03972,Customer 3972,customer3972@example.com,UK,consumer,2022-02-10T00:00:00
CUST-03973,Customer 3973,customer3973@example.com,CA,consumer,2021-05-17T00:00:00
CUST-03974,Customer 3974,customer3974@example.com,FR,enterprise,2022-04-19T00:00:00
CUST-03975,Customer 3975,customer3975@example.com,CA,consumer,2021-04-16T00:00:00
CUST-03976,Customer 3976,customer3976@example.com,US,enterprise,2022-06-20T00:00:00
CUST-03977,Customer 3977,customer3977@example.com,FR,enterprise,2021-11-20T00:00:00
CUST-03978,Customer 3978,customer3978@example.com,CA,consumer,2022-08-14T00:00:00
CUST-03979,Customer 3979,customer3979@example.com,JP,mid-market,2023-01-07T00:00:00
CUST-03980,Customer 3980,customer3980@example.com,BR,small-business,2023-02-01T00:00:00
CUST-03981,Customer 3981,customer3981@example.com,FR,mid-market,2021-11-19T00:00:00
CUST-03982,Customer 3982,customer3982@example.com,CA,mid-market,2022-09-26T00:00:00
CUST-03983,Customer 3983,customer3983@example.com,FR,mid-market,2021-04-12T00:00:00
CUST-03984,Customer 3984,customer3984@example.com,DE,small-business,2020-10-27T00:00:00
CUST-03985,Customer 3985,customer3985@example.com,BR,small-business,2020-01-17T00:00:00
CUST-03986,Customer 3986,customer3986@example.com,CA,mid-market,2021-05-25T00:00:00
CUST-03987,Customer 3987,customer3987@example.com,KR,consumer,2021-01-16T00:00:00
CUST-03988,Customer 3988,customer3988@example.com,UK,mid-market,2022-08-19T00:00:00
CUST-03989,Customer 3989,customer3989@example.com,CA,consumer,2020-12-20T00:00:00
CUST-03990,Customer 3990,customer3990@example.com,KR,mid-market,2022-11-01T00:00:00
CUST-03991,Customer 3991,customer3991@example.com,UK,small-business,2021-09-25T00:00:00
CUST-03992,Customer 3992,customer3992@example.com,DE,consumer,2023-09-25T00:00:00
CUST-03993,Customer 3993,customer3993@example.com,AU,small-business,2023-09-30T00:00:00
CUST-03994,Customer 3994,customer3994@example.com,IN,consumer,2023-03-23T00:00:00
CUST-03995,Customer 3995,customer3995@example.com,US,consumer,2020-03-02T00:00:00
CUST-03996,Customer 3996,customer3996@example.com,UK,consumer,2020-11-06T00:00:00
CUST-03997,Customer 3997,customer3997@example.com,FR,enterprise,2022-05-26T00:00:00
CUST-03998,Customer 3998,customer3998@example.com,US,enterprise,2021-01-06T00:00:00
CUST-03999,Customer 3999,customer3999@example.com,DE,small-business,2020-08-26T00:00:00
CUST-04000,Customer 4000,customer4000@example.com,BR,small-business,2020-06-22T00:00:00
CUST-04001,Customer 4001,customer4001@example.com,BR,mid-market,2021-04-08T00:00:00
CUST-04002,Customer 4002,customer4002@example.com,UK,consumer,2020-02-20T00:00:00
CUST-04003,Customer 4003,customer4003@example.com,BR,enterprise,2023-05-23T00:00:00
CUST-04004,Customer 4004,customer4004@example.com,AU,enterprise,2020-08-20T00:00:00
CUST-04005,Customer 4005,customer4005@example.com,AU,consumer,2020-12-24T00:00:00
CUST-04006,Customer 4006,customer4006@example.com,UK,consumer,2020-12-05T00:00:00
CUST-04007,Customer 4007,customer4007@example.com,FR,mid-market,2020-01-05T00:00:00
CUST-04008,Customer 4008,customer4008@example.com,IN,enterprise,2022-11-20T00:00:00
CUST-04009,Customer 4009,customer4009@example.com,UK,enterprise,2020-01-02T00:00:00
CUST-04010,Customer 4010,customer4010@example.com,JP,consumer,2022-05-05T00:00:00
CUST-04011,Customer 4011,customer4011@example.com,BR,enterprise,2023-05-23T00:00:00
CUST-04012,Customer 4012,customer4012@example.com,BR,enterprise,2023-11-13T00:00:00
CUST-04013,Customer 4013,customer4013@example.com,UK,enterprise,2023-10-05T00:00:00
CUST-04014,Customer 4014,customer4014@example.com,JP,enterprise,2022-07-23T00:00:00
CUST-04015,Customer 4015,customer4015@example.com,UK,small-business,2022-09-01T00:00:00
CUST-04016,Customer 4016,customer4016@example.com,CA,consumer,2021-10-24T00:00:00
CUST-04017,Customer 4017,customer4017@example.com,KR,enterprise,2023-08-29T00:00:00
CUST-04018,Customer 4018,customer4018@example.com,AU,consumer,2023-07-26T00:00:00
CUST-04019,Customer 4019,customer4019@example.com,US,enterprise,2023-10-28T00:00:00
CUST-04020,Customer 4020,customer4020@example.com,CA,small-business,2023-06-18T00:00:00
CUST-04021,Customer 4021,customer4021@example.com,BR,small-business,2023-04-30T00:00:00
CUST-04022,Customer 4022,customer4022@example.com,US,small-business,2021-12-28T00:00:00
CUST-04023,Customer 4023,customer4023@example.com,US,mid-market,2022-01-25T00:00:00
CUST-04024,Customer 4024,customer4024@example.com,IN,mid-market,2020-06-04T00:00:00
CUST-04025,Customer 4025,customer4025@example.com,US,mid-market,2023-01-24T00:00:00
CUST-04026,Customer 4026,customer4026@example.com,JP,consumer,2020-04-22T00:00:00
CUST-04027,Customer 4027,customer4027@example.com,IN,consumer,2023-04-03T00:00:00
CUST-04028,Customer 4028,customer4028@example.com,DE,small-business,2020-01-24T00:00:00
CUST-04029,Customer 4029,customer4029@example.com,UK,small-business,2021-07-20T00:00:00
CUST-04030,Customer 4030,customer4030@example.com,DE,consumer,2022-03-10T00:00:00
CUST-04031,Customer 4031,customer4031@example.com,JP,enterprise,2023-08-29T00:00:00
CUST-04032,Customer 4032,customer4032@example.com,AU,consumer,2023-01-20T00:00:00
CUST-04033,Customer 4033,customer4033@example.com,FR,enterprise,2023-10-18T00:00:00
CUST-04034,Customer 4034,customer4034@example.com,US,enterprise,2020-09-19T00:00:00
CUST-04035,Customer 4035,customer4035@example.com,DE,consumer,2023-09-03T00:00:00
CUST-04036,Customer 4036,customer4036@example.com,UK,consumer,2021-10-08T00:00:00
CUST-04037,Customer 4037,customer4037@example.com,IN,small-business,2021-05-22T00:00:00
CUST-04038,Customer 4038,customer4038@example.com,CA,enterprise,2020-09-26T00:00:00
CUST-04039,Customer 4039,customer4039@example.com,DE,small-business,2020-10-01T00:00:00
CUST-04040,Customer 4040,customer4040@example.com,US,enterprise,2020-12-22T00:00:00
CUST-04041,Customer 4041,customer4041@example.com,UK,mid-market,2022-04-09T00:00:00
CUST-04042,Customer 4042,customer4042@example.com,BR,enterprise,2022-12-25T00:00:00
CUST-04043,Customer 4043,customer4043@example.com,CA,small-business,2020-10-03T00:00:00
CUST-04044,Customer 4044,customer4044@example.com,BR,consumer,2023-07-03T00:00:00
CUST-04045,Customer 4045,customer4045@example.com,DE,consumer,2022-11-06T00:00:00
CUST-04046,Customer 4046,customer4046@example.com,CA,consumer,2022-05-31T00:00:00
CUST-04047,Customer 4047,customer4047@example.com,DE,mid-market,2021-10-22T00:00:00
CUST-04048,Customer 4048,customer4048@example.com,AU,enterprise,2020-01-23T00:00:00
CUST-04049,Customer 4049,customer4049@example.com,IN,enterprise,2023-12-15T00:00:00
CUST-04050,Customer 4050,customer4050@example.com,IN,consumer,2023-03-26T00:00:00
CUST-04051,Customer 4051,customer4051@example.com,AU,mid-market,2021-03-17T00:00:00
CUST-04052,Customer 4052,customer4052@example.com,UK,mid-market,2023-03-22T00:00:00
CUST-04053,Customer 4053,customer4053@example.com,BR,small-business,2020-02-28T00:00:00
CUST-04054,Customer 4054,customer4054@example.com,AU,consumer,2020-12-09T00:00:00
CUST-04055,Customer 4055,customer4055@example.com,KR,enterprise,2020-01-04T00:00:00
CUST-04056,Customer 4056,customer4056@example.com,US,small-business,2020-07-12T00:00:00
CUST-04057,Customer 4057,customer4057@example.com,IN,small-business,2022-12-25T00:00:00
CUST-04058,Customer 4058,customer4058@example.com,UK,mid-market,2022-03-26T00:00:00
CUST-04059,Customer 4059,customer4059@example.com,AU,mid-market,2022-02-07T00:00:00
CUST-04060,Customer 4060,customer4060@example.com,UK,consumer,2020-07-21T00:00:00
CUST-04061,Customer 4061,customer4061@example.com,AU,consumer,2021-01-17T00:00:00
CUST-04062,Customer 4062,customer4062@example.com,KR,consumer,2021-01-19T00:00:00
CUST-04063,Customer 4063,customer4063@example.com,CA,enterprise,2021-04-28T00:00:00
CUST-04064,Customer 4064,customer4064@example.com,DE,small-business,2023-03-25T00:00:00
CUST-04065,Customer 4065,customer4065@example.com,FR,enterprise,2022-11-05T00:00:00
CUST-04066,Customer 4066,customer4066@example.com,IN,mid-market,2023-01-22T00:00:00
CUST-04067,Customer 4067,customer4067@example.com,KR,consumer,2022-01-13T00:00:00
CUST-04068,Customer 4068,customer4068@example.com,US,small-business,2022-03-17T00:00:00
CUST-04069,Customer 4069,customer4069@example.com,FR,consumer,2021-12-03T00:00:00
CUST-04070,Customer 4070,customer4070@example.com,FR,consumer,2020-02-23T00:00:00
CUST-04071,Customer 4071,customer4071@example.com,FR,small-business,2022-04-18T00:00:00
CUST-04072,Customer 4072,customer4072@example.com,KR,mid-market,2022-09-19T00:00:00
CUST-04073,Customer 4073,customer4073@example.com,JP,enterprise,2021-11-06T00:00:00
CUST-04074,Customer 4074,customer4074@example.com,BR,enterprise,2021-06-27T00:00:00
CUST-04075,Customer 4075,customer4075@example.com,BR,small-business,2022-07-29T00:00:00
CUST-04076,Customer 4076,customer4076@example.com,CA,mid-market,2020-11-28T00:00:00
CUST-04077,Customer 4077,customer4077@example.com,AU,consumer,2020-11-16T00:00:00
CUST-04078,Customer 4078,customer4078@example.com,BR,consumer,2021-05-21T00:00:00
CUST-04079,Customer 4079,customer4079@example.com,BR,mid-market,2022-08-12T00:00:00
CUST-04080,Customer 4080,customer4080@example.com,UK,consumer,2022-01-06T00:00:00
CUST-04081,Customer 4081,customer4081@example.com,FR,small-business,2020-10-29T00:00:00
CUST-04082,Customer 4082,customer4082@example.com,JP,mid-market,2022-10-01T00:00:00
CUST-04083,Customer 4083,customer4083@example.com,UK,enterprise,2020-08-19T00:00:00
CUST-04084,Customer 4084,customer4084@example.com,CA,enterprise,2021-03-04T00:00:00
CUST-04085,Customer 4085,customer4085@example.com,FR,mid-market,2022-07-12T00:00:00
CUST-04086,Customer 4086,customer4086@example.com,KR,consumer,2023-09-15T00:00:00
CUST-04087,Customer 4087,customer4087@example.com,IN,mid-market,2021-12-27T00:00:00
CUST-04088,Customer 4088,customer4088@example.com,BR,small-business,2022-01-28T00:00:00
CUST-04089,Customer 4089,customer4089@example.com,KR,consumer,2020-02-27T00:00:00
CUST-04090,Customer 4090,customer4090@example.com,KR,enterprise,2022-10-03T00:00:00
CUST-04091,Customer 4091,customer4091@example.com,FR,mid-market,2022-07-11T00:00:00
CUST-04092,Customer 4092,customer4092@example.com,JP,consumer,2023-08-03T00:00:00
CUST-04093,Customer 4093,customer4093@example.com,US,enterprise,2022-03-04T00:00:00
CUST-04094,Customer 4094,customer4094@example.com,IN,small-business,2022-02-25T00:00:00
CUST-04095,Customer 4095,customer4095@example.com,DE,small-business,2022-10-11T00:00:00
CUST-04096,Customer 4096,customer4096@example.com,IN,small-business,2020-05-26T00:00:00
CUST-04097,Customer 4097,customer4097@example.com,DE,consumer,2020-05-04T00:00:00
CUST-04098,Customer 4098,customer4098@example.com,KR,enterprise,2023-03-23T00:00:00
CUST-04099,Customer 4099,customer4099@example.com,DE,mid-market,2023-03-07T00:00:00
CUST-04100,Customer 4100,customer4100@example.com,IN,consumer,2021-11-19T00:00:00
CUST-04101,Customer 4101,customer4101@example.com,AU,enterprise,2021-05-25T00:00:00
CUST-04102,Customer 4102,customer4102@example.com,FR,consumer,2020-06-19T00:00:00
CUST-04103,Customer 4103,customer4103@example.com,US,consumer,2022-06-01T00:00:00
CUST-04104,Customer 4104,customer4104@example.com,UK,enterprise,2020-04-11T00:00:00
CUST-04105,Customer 4105,customer4105@example.com,UK,consumer,2023-07-04T00:00:00
CUST-04106,Customer 4106,customer4106@example.com,UK,small-business,2023-10-02T00:00:00
CUST-04107,Customer 4107,customer4107@example.com,JP,enterprise,2021-03-17T00:00:00
CUST-04108,Customer 4108,customer4108@example.com,FR,small-business,2021-01-28T00:00:00
CUST-04109,Customer 4109,customer4109@example.com,KR,consumer,2020-05-12T00:00:00
CUST-04110,Customer 4110,customer4110@example.com,UK,mid-market,2021-05-11T00:00:00
CUST-04111,Customer 4111,customer4111@example.com,US,consumer,2023-01-11T00:00:00
CUST-04112,Customer 4112,customer4112@example.com,AU,small-business,2023-03-31T00:00:00
CUST-04113,Customer 4113,customer4113@example.com,DE,consumer,2020-09-02T00:00:00
CUST-04114,Customer 4114,customer4114@example.com,IN,mid-market,2021-04-10T00:00:00
CUST-04115,Customer 4115,customer4115@example.com,CA,consumer,2022-11-22T00:00:00
CUST-04116,Customer 4116,customer4116@example.com,AU,consumer,2020-05-27T00:00:00
CUST-04117,Customer 4117,customer4117@example.com,AU,small-business,2023-07-21T00:00:00
CUST-04118,Customer 4118,customer4118@example.com,FR,consumer,2022-09-01T00:00:00
CUST-04119,Customer 4119,customer4119@example.com,JP,small-business,2023-07-20T00:00:00
CUST-04120,Customer 4120,customer4120@example.com,FR,small-business,2021-09-10T00:00:00
CUST-04121,Customer 4121,customer4121@example.com,AU,mid-market,2022-06-14T00:00:00
CUST-04122,Customer 4122,customer4122@example.com,CA,enterprise,2023-05-27T00:00:00
CUST-04123,Customer 4123,customer4123@example.com,DE,consumer,2021-07-04T00:00:00
CUST-04124,Customer 4124,customer4124@example.com,IN,small-business,2022-12-11T00:00:00
CUST-04125,Customer 4125,customer4125@example.com,JP,consumer,2020-11-05T00:00:00
CUST-04126,Customer 4126,customer4126@example.com,KR,consumer,2020-08-15T00:00:00
CUST-04127,Customer 4127,customer4127@example.com,KR,mid-market,2021-03-26T00:00:00
CUST-04128,Customer 4128,customer4128@example.com,IN,small-business,2023-10-22T00:00:00
CUST-04129,Customer 4129,customer4129@example.com,DE,consumer,2022-12-25T00:00:00
CUST-04130,Customer 4130,customer4130@example.com,US,small-business,2023-06-22T00:00:00
CUST-04131,Customer 4131,customer4131@example.com,IN,small-business,2022-07-31T00:00:00
CUST-04132,Customer 4132,customer4132@example.com,JP,consumer,2020-07-18T00:00:00
CUST-04133,Customer 4133,customer4133@example.com,FR,mid-market,2020-04-25T00:00:00
CUST-04134,Customer 4134,customer4134@example.com,KR,enterprise,2023-08-16T00:00:00
CUST-04135,Customer 4135,customer4135@example.com,JP,mid-market,2021-05-18T00:00:00
CUST-04136,Customer 4136,customer4136@example.com,IN,small-business,2020-09-04T00:00:00
CUST-04137,Customer 4137,customer4137@example.com,IN,consumer,2023-12-08T00:00:00
CUST-04138,Customer 4138,customer4138@example.com,BR,mid-market,2021-03-01T00:00:00
CUST-04139,Customer 4139,customer4139@example.com,JP,enterprise,2021-07-03T00:00:00
CUST-04140,Customer 4140,customer4140@example.com,UK,enterprise,2020-07-13T00:00:00
CUST-04141,Customer 4141,customer4141@example.com,CA,consumer,2020-03-06T00:00:00
CUST-04142,Customer 4142,customer4142@example.com,IN,enterprise,2021-10-04T00:00:00
CUST-04143,Customer 4143,customer4143@example.com,KR,consumer,2020-10-17T00:00:00
CUST-04144,Customer 4144,customer4144@example.com,BR,mid-market,2020-04-24T00:00:00
CUST-04145,Customer 4145,customer4145@example.com,IN,small-business,2022-03-30T00:00:00
CUST-04146,Customer 4146,customer4146@example.com,DE,small-business,2021-11-12T00:00:00
CUST-04147,Customer 4147,customer4147@example.com,UK,small-business,2020-04-08T00:00:00
CUST-04148,Customer 4148,customer4148@example.com,JP,small-business,2020-03-06T00:00:00
CUST-04149,Customer 4149,customer4149@example.com,CA,small-business,2023-12-21T00:00:00
CUST-04150,Customer 4150,customer4150@example.com,DE,small-business,2021-11-29T00:00:00
CUST-04151,Customer 4151,customer4151@example.com,AU,consumer,2023-02-12T00:00:00
CUST-04152,Customer 4152,customer4152@example.com,JP,enterprise,2023-06-14T00:00:00
CUST-04153,Customer 4153,customer4153@example.com,UK,consumer,2022-04-26T00:00:00
CUST-04154,Customer 4154,customer4154@example.com,AU,consumer,2023-05-01T00:00:00
CUST-04155,Customer 4155,customer4155@example.com,BR,small-business,2023-11-30T00:00:00
CUST-04156,Customer 4156,customer4156@example.com,BR,mid-market,2020-12-10T00:00:00
CUST-04157,Customer 4157,customer4157@example.com,US,consumer,2023-05-20T00:00:00
CUST-04158,Customer 4158,customer4158@example.com,DE,consumer,2022-11-19T00:00:00
CUST-04159,Customer 4159,customer4159@example.com,KR,small-business,2022-06-24T00:00:00
CUST-04160,Customer 4160,customer4160@example.com,KR,consumer,2022-04-30T00:00:00
CUST-04161,Customer 4161,customer4161@example.com,BR,enterprise,2022-02-19T00:00:00
CUST-04162,Customer 4162,customer4162@example.com,BR,consumer,2021-05-14T00:00:00
CUST-04163,Customer 4163,customer4163@example.com,DE,enterprise,2022-08-27T00:00:00
CUST-04164,Customer 4164,customer4164@example.com,BR,small-business,2022-04-03T00:00:00
CUST-04165,Customer 4165,customer4165@example.com,UK,mid-market,2021-12-30T00:00:00
CUST-04166,Customer 4166,customer4166@example.com,KR,enterprise,2020-02-25T00:00:00
CUST-04167,Customer 4167,customer4167@example.com,FR,enterprise,2020-02-19T00:00:00
CUST-04168,Customer 4168,customer4168@example.com,US,enterprise,2022-01-26T00:00:00
CUST-04169,Customer 4169,customer4169@example.com,BR,mid-market,2020-12-06T00:00:00
CUST-04170,Customer 4170,customer4170@example.com,AU,small-business,2021-02-24T00:00:00
CUST-04171,Customer 4171,customer4171@example.com,JP,consumer,2022-03-08T00:00:00
CUST-04172,Customer 4172,customer4172@example.com,JP,small-business,2021-12-08T00:00:00
CUST-04173,Customer 4173,customer4173@example.com,DE,mid-market,2022-03-30T00:00:00
CUST-04174,Customer 4174,customer4174@example.com,IN,small-business,2023-09-13T00:00:00
CUST-04175,Customer 4175,customer4175@example.com,BR,small-business,2022-03-19T00:00:00
CUST-04176,Customer 4176,customer4176@example.com,KR,enterprise,2020-08-02T00:00:00
CUST-04177,Customer 4177,customer4177@example.com,FR,enterprise,2022-11-01T00:00:00
CUST-04178,Customer 4178,customer4178@example.com,IN,enterprise,2022-05-19T00:00:00
CUST-04179,Customer 4179,customer4179@example.com,IN,enterprise,2023-05-26T00:00:00
CUST-04180,Customer 4180,customer4180@example.com,FR,enterprise,2022-10-18T00:00:00
CUST-04181,Customer 4181,customer4181@example.com,US,consumer,2021-11-08T00:00:00
CUST-04182,Customer 4182,customer4182@example.com,FR,enterprise,2023-06-09T00:00:00
CUST-04183,Customer 4183,customer4183@example.com,AU,small-business,2022-05-26T00:00:00
CUST-04184,Customer 4184,customer4184@example.com,FR,enterprise,2020-06-29T00:00:00
CUST-04185,Customer 4185,customer4185@example.com,JP,mid-market,2022-08-28T00:00:00
CUST-04186,Customer 4186,customer4186@example.com,JP,consumer,2023-11-07T00:00:00
CUST-04187,Customer 4187,customer4187@example.com,DE,small-business,2021-08-29T00:00:00
CUST-04188,Customer 4188,customer4188@example.com,US,enterprise,2022-01-30T00:00:00
CUST-04189,Customer 4189,customer4189@example.com,US,small-business,2023-05-07T00:00:00
CUST-04190,Customer 4190,customer4190@example.com,FR,consumer,2021-05-26T00:00:00
CUST-04191,Customer 4191,customer4191@example.com,BR,mid-market,2021-07-25T00:00:00
CUST-04192,Customer 4192,customer4192@example.com,AU,consumer,2022-03-23T00:00:00
CUST-04193,Customer 4193,customer4193@example.com,UK,enterprise,2021-03-06T00:00:00
CUST-04194,Customer 4194,customer4194@example.com,BR,consumer,2022-04-14T00:00:00
CUST-04195,Customer 4195,customer4195@example.com,FR,mid-market,2023-10-21T00:00:00
CUST-04196,Customer 4196,customer4196@example.com,BR,small-business,2023-09-11T00:00:00
CUST-04197,Customer 4197,customer4197@example.com,DE,small-business,2022-06-05T00:00:00
CUST-04198,Customer 4198,customer4198@example.com,JP,enterprise,2021-10-29T00:00:00
CUST-04199,Customer 4199,customer4199@example.com,CA,consumer,2021-05-14T00:00:00
CUST-04200,Customer 4200,customer4200@example.com,FR,consumer,2022-10-23T00:00:00
CUST-04201,Customer 4201,customer4201@example.com,AU,enterprise,2020-12-30T00:00:00
CUST-04202,Customer 4202,customer4202@example.com,JP,enterprise,2022-06-11T00:00:00
CUST-04203,Customer 4203,customer4203@example.com,UK,consumer,2020-02-08T00:00:00
CUST-04204,Customer 4204,customer4204@example.com,DE,mid-market,2022-02-09T00:00:00
CUST-04205,Customer 4205,customer4205@example.com,DE,consumer,2022-08-24T00:00:00
CUST-04206,Customer 4206,customer4206@example.com,FR,small-business,2023-10-27T00:00:00
CUST-04207,Customer 4207,customer4207@example.com,BR,enterprise,2020-10-28T00:00:00
CUST-04208,Customer 4208,customer4208@example.com,DE,enterprise,2023-01-24T00:00:00
CUST-04209,Customer 4209,customer4209@example.com,UK,enterprise,2020-04-22T00:00:00
CUST-04210,Customer 4210,customer4210@example.com,JP,consumer,2022-09-21T00:00:00
CUST-04211,Customer 4211,customer4211@example.com,BR,enterprise,2020-04-03T00:00:00
CUST-04212,Customer 4212,customer4212@example.com,IN,enterprise,2023-08-14T00:00:00
CUST-04213,Customer 4213,customer4213@example.com,DE,consumer,2023-06-07T00:00:00
CUST-04214,Customer 4214,customer4214@example.com,FR,enterprise,2020-07-05T00:00:00
CUST-04215,Customer 4215,customer4215@example.com,AU,enterprise,2021-03-30T00:00:00
CUST-04216,Customer 4216,customer4216@example.com,JP,mid-market,2022-09-25T00:00:00
CUST-04217,Customer 4217,customer4217@example.com,CA,small-business,2023-04-06T00:00:00
CUST-04218,Customer 4218,customer4218@example.com,UK,mid-market,2022-06-29T00:00:00
CUST-04219,Customer 4219,customer4219@example.com,IN,enterprise,2023-04-01T00:00:00
CUST-04220,Customer 4220,customer4220@example.com,JP,small-business,2020-01-29T00:00:00
CUST-04221,Customer 4221,customer4221@example.com,KR,enterprise,2022-09-23T00:00:00
CUST-04222,Customer 4222,customer4222@example.com,KR,consumer,2022-10-24T00:00:00
CUST-04223,Customer 4223,customer4223@example.com,FR,small-business,2020-09-24T00:00:00
CUST-04224,Customer 4224,customer4224@example.com,FR,enterprise,2022-08-04T00:00:00
CUST-04225,Customer 4225,customer4225@example.com,FR,consumer,2021-07-01T00:00:00
CUST-04226,Customer 4226,customer4226@example.com,FR,enterprise,2020-06-25T00:00:00
CUST-04227,Customer 4227,customer4227@example.com,CA,consumer,2023-05-13T00:00:00
CUST-04228,Customer 4228,customer4228@example.com,BR,mid-market,2021-04-26T00:00:00
CUST-04229,Customer 4229,customer4229@example.com,IN,enterprise,2020-03-07T00:00:00
CUST-04230,Customer 4230,customer4230@example.com,US,enterprise,2021-06-30T00:00:00
CUST-04231,Customer 4231,customer4231@example.com,UK,consumer,2021-03-15T00:00:00
CUST-04232,Customer 4232,customer4232@example.com,AU,consumer,2022-01-04T00:00:00
CUST-04233,Customer 4233,customer4233@example.com,IN,mid-market,2022-02-25T00:00:00
CUST-04234,Customer 4234,customer4234@example.com,US,consumer,2022-06-28T00:00:00
CUST-04235,Customer 4235,customer4235@example.com,KR,enterprise,2023-03-31T00:00:00
CUST-04236,Customer 4236,customer4236@example.com,UK,consumer,2023-03-21T00:00:00
CUST-04237,Customer 4237,customer4237@example.com,DE,consumer,2021-05-28T00:00:00
CUST-04238,Customer 4238,customer4238@example.com,UK,enterprise,2021-07-27T00:00:00
CUST-04239,Customer 4239,customer4239@example.com,BR,enterprise,2022-09-14T00:00:00
CUST-04240,Customer 4240,customer4240@example.com,FR,small-business,2020-07-17T00:00:00
CUST-04241,Customer 4241,customer4241@example.com,KR,mid-market,2022-03-26T00:00:00
CUST-04242,Customer 4242,customer4242@example.com,FR,enterprise,2020-10-12T00:00:00
CUST-04243,Customer 4243,customer4243@example.com,US,consumer,2020-10-24T00:00:00
CUST-04244,Customer 4244,customer4244@example.com,DE,consumer,2022-05-05T00:00:00
CUST-04245,Customer 4245,customer4245@example.com,KR,small-business,2022-08-16T00:00:00
CUST-04246,Customer 4246,customer4246@example.com,US,small-business,2023-04-18T00:00:00
CUST-04247,Customer 4247,customer4247@example.com,UK,consumer,2022-05-30T00:00:00
CUST-04248,Customer 4248,customer4248@example.com,IN,small-business,2021-05-08T00:00:00
CUST-04249,Customer 4249,customer4249@example.com,US,small-business,2023-09-24T00:00:00
CUST-04250,Customer 4250,customer4250@example.com,AU,enterprise,2022-10-24T00:00:00
CUST-04251,Customer 4251,customer4251@example.com,BR,consumer,2022-05-16T00:00:00
CUST-04252,Customer 4252,customer4252@example.com,JP,enterprise,2023-05-25T00:00:00
CUST-04253,Customer 4253,customer4253@example.com,US,consumer,2023-04-01T00:00:00
CUST-04254,Customer 4254,customer4254@example.com,DE,enterprise,2020-06-08T00:00:00
CUST-04255,Customer 4255,customer4255@example.com,UK,consumer,2020-05-29T00:00:00
CUST-04256,Customer 4256,customer4256@example.com,JP,enterprise,2022-07-28T00:00:00
CUST-04257,Customer 4257,customer4257@example.com,US,consumer,2021-09-06T00:00:00
CUST-04258,Customer 4258,customer4258@example.com,BR,enterprise,2023-09-09T00:00:00
CUST-04259,Customer 4259,customer4259@example.com,BR,enterprise,2020-04-08T00:00:00
CUST-04260,Customer 4260,customer4260@example.com,AU,mid-market,2023-03-07T00:00:00
CUST-04261,Customer 4261,customer4261@example.com,FR,enterprise,2021-10-23T00:00:00
CUST-04262,Customer 4262,customer4262@example.com,AU,consumer,2021-06-05T00:00:00
CUST-04263,Customer 4263,customer4263@example.com,DE,enterprise,2020-12-17T00:00:00
CUST-04264,Customer 4264,customer4264@example.com,DE,small-business,2023-04-16T00:00:00
CUST-04265,Customer 4265,customer4265@example.com,IN,small-business,2022-11-03T00:00:00
CUST-04266,Customer 4266,customer4266@example.com,DE,small-business,2022-03-26T00:00:00
CUST-04267,Customer 4267,customer4267@example.com,US,consumer,2020-11-12T00:00:00
CUST-04268,Customer 4268,customer4268@example.com,US,mid-market,2022-05-27T00:00:00
CUST-04269,Customer 4269,customer4269@example.com,FR,enterprise,2022-08-09T00:00:00
CUST-04270,Customer 4270,customer4270@example.com,CA,consumer,2021-05-03T00:00:00
CUST-04271,Customer 4271,customer4271@example.com,US,enterprise,2020-11-13T00:00:00
CUST-04272,Customer 4272,customer4272@example.com,AU,small-business,2023-10-06T00:00:00
CUST-04273,Customer 4273,customer4273@example.com,KR,small-business,2023-06-24T00:00:00
CUST-04274,Customer 4274,customer4274@example.com,BR,small-business,2021-08-04T00:00:00
CUST-04275,Customer 4275,customer4275@example.com,JP,small-business,2022-10-28T00:00:00
CUST-04276,Customer 4276,customer4276@example.com,AU,mid-market,2020-03-03T00:00:00
CUST-04277,Customer 4277,customer4277@example.com,UK,consumer,2022-02-05T00:00:00
CUST-04278,Customer 4278,customer4278@example.com,CA,consumer,2023-06-03T00:00:00
CUST-04279,Customer 4279,customer4279@example.com,DE,small-business,2023-12-26T00:00:00
CUST-04280,Customer 4280,customer4280@example.com,KR,consumer,2022-05-18T00:00:00
CUST-04281,Customer 4281,customer4281@example.com,AU,consumer,2021-08-23T00:00:00
CUST-04282,Customer 4282,customer4282@example.com,KR,small-business,2021-02-16T00:00:00
CUST-04283,Customer 4283,customer4283@example.com,AU,small-business,2020-04-21T00:00:00
CUST-04284,Customer 4284,customer4284@example.com,BR,mid-market,2021-04-14T00:00:00
CUST-04285,Customer 4285,customer4285@example.com,US,mid-market,2023-06-07T00:00:00
CUST-04286,Customer 4286,customer4286@example.com,IN,consumer,2023-10-01T00:00:00
CUST-04287,Customer 4287,customer4287@example.com,AU,consumer,2022-05-18T00:00:00
CUST-04288,Customer 4288,customer4288@example.com,CA,enterprise,2022-02-02T00:00:00
CUST-04289,Customer 4289,customer4289@example.com,FR,mid-market,2022-10-16T00:00:00
CUST-04290,Customer 4290,customer4290@example.com,CA,consumer,2022-08-09T00:00:00
CUST-04291,Customer 4291,customer4291@example.com,UK,small-business,2020-06-21T00:00:00
CUST-04292,Customer 4292,customer4292@example.com,KR,small-business,2022-07-12T00:00:00
CUST-04293,Customer 4293,customer4293@example.com,FR,enterprise,2021-10-10T00:00:00
CUST-04294,Customer 4294,customer4294@example.com,AU,mid-market,2021-10-09T00:00:00
CUST-04295,Customer 4295,customer4295@example.com,AU,small-business,2021-01-19T00:00:00
CUST-04296,Customer 4296,customer4296@example.com,UK,small-business,2023-08-27T00:00:00
CUST-04297,Customer 4297,customer4297@example.com,JP,consumer,2020-08-05T00:00:00
CUST-04298,Customer 4298,customer4298@example.com,US,consumer,2023-06-11T00:00:00
CUST-04299,Customer 4299,customer4299@example.com,UK,small-business,2022-05-14T00:00:00
CUST-04300,Customer 4300,customer4300@example.com,KR,consumer,2021-07-08T00:00:00
CUST-04301,Customer 4301,customer4301@example.com,CA,consumer,2021-11-14T00:00:00
CUST-04302,Customer 4302,customer4302@example.com,JP,mid-market,2020-11-25T00:00:00
CUST-04303,Customer 4303,customer4303@example.com,IN,consumer,2023-09-26T00:00:00
CUST-04304,Customer 4304,customer4304@example.com,KR,enterprise,2021-08-22T00:00:00
CUST-04305,Customer 4305,customer4305@example.com,DE,small-business,2023-01-22T00:00:00
CUST-04306,Customer 4306,customer4306@example.com,DE,consumer,2021-02-20T00:00:00
CUST-04307,Customer 4307,customer4307@example.com,US,small-business,2020-12-13T00:00:00
CUST-04308,Customer 4308,customer4308@example.com,CA,mid-market,2023-11-09T00:00:00
CUST-04309,Customer 4309,customer4309@example.com,BR,small-business,2021-12-24T00:00:00
CUST-04310,Customer 4310,customer4310@example.com,US,small-business,2022-07-15T00:00:00
CUST-04311,Customer 4311,customer4311@example.com,JP,enterprise,2020-07-24T00:00:00
CUST-04312,Customer 4312,customer4312@example.com,CA,consumer,2023-11-16T00:00:00
CUST-04313,Customer 4313,customer4313@example.com,FR,consumer,2021-08-08T00:00:00
CUST-04314,Customer 4314,customer4314@example.com,UK,enterprise,2023-03-11T00:00:00
CUST-04315,Customer 4315,customer4315@example.com,JP,small-business,2020-04-24T00:00:00
CUST-04316,Customer 4316,customer4316@example.com,FR,consumer,2020-02-10T00:00:00
CUST-04317,Customer 4317,customer4317@example.com,CA,enterprise,2022-04-08T00:00:00
CUST-04318,Customer 4318,customer4318@example.com,KR,enterprise,2022-01-29T00:00:00
CUST-04319,Customer 4319,customer4319@example.com,FR,enterprise,2020-12-31T00:00:00
CUST-04320,Customer 4320,customer4320@example.com,DE,small-business,2020-12-07T00:00:00
CUST-04321,Customer 4321,customer4321@example.com,UK,consumer,2023-11-19T00:00:00
CUST-04322,Customer 4322,customer4322@example.com,UK,consumer,2023-03-17T00:00:00
CUST-04323,Customer 4323,customer4323@example.com,JP,mid-market,2022-01-03T00:00:00
CUST-04324,Customer 4324,customer4324@example.com,UK,enterprise,2022-11-27T00:00:00
CUST-04325,Customer 4325,customer4325@example.com,US,consumer,2020-10-25T00:00:00
CUST-04326,Customer 4326,customer4326@example.com,US,consumer,2021-09-08T00:00:00
CUST-04327,Customer 4327,customer4327@example.com,AU,enterprise,2022-05-08T00:00:00
CUST-04328,Customer 4328,customer4328@example.com,DE,consumer,2022-09-15T00:00:00
CUST-04329,Customer 4329,customer4329@example.com,UK,small-business,2022-11-06T00:00:00
CUST-04330,Customer 4330,customer4330@example.com,IN,small-business,2022-12-16T00:00:00
CUST-04331,Customer 4331,customer4331@example.com,IN,enterprise,2023-02-03T00:00:00
CUST-04332,Customer 4332,customer4332@example.com,FR,enterprise,2023-07-20T00:00:00
CUST-04333,Customer 4333,customer4333@example.com,AU,consumer,2022-03-01T00:00:00
CUST-04334,Customer 4334,customer4334@example.com,BR,mid-market,2023-05-07T00:00:00
CUST-04335,Customer 4335,customer4335@example.com,FR,enterprise,2022-03-19T00:00:00
CUST-04336,Customer 4336,customer4336@example.com,UK,mid-market,2022-05-18T00:00:00
CUST-04337,Customer 4337,customer4337@example.com,AU,enterprise,2022-12-10T00:00:00
CUST-04338,Customer 4338,customer4338@example.com,IN,small-business,2020-10-01T00:00:00
CUST-04339,Customer 4339,customer4339@example.com,KR,enterprise,2020-08-18T00:00:00
CUST-04340,Customer 4340,customer4340@example.com,DE,consumer,2023-06-20T00:00:00
CUST-04341,Customer 4341,customer4341@example.com,KR,consumer,2022-03-11T00:00:00
CUST-04342,Customer 4342,customer4342@example.com,BR,enterprise,2020-09-06T00:00:00
CUST-04343,Customer 4343,customer4343@example.com,JP,enterprise,2023-04-04T00:00:00
CUST-04344,Customer 4344,customer4344@example.com,KR,enterprise,2023-05-05T00:00:00
CUST-04345,Customer 4345,customer4345@example.com,US,small-business,2020-11-01T00:00:00
CUST-04346,Customer 4346,customer4346@example.com,US,mid-market,2023-01-12T00:00:00
CUST-04347,Customer 4347,customer4347@example.com,AU,consumer,2021-01-02T00:00:00
CUST-04348,Customer 4348,customer4348@example.com,JP,small-business,2022-08-29T00:00:00
CUST-04349,Customer 4349,customer4349@example.com,IN,enterprise,2023-12-20T00:00:00
CUST-04350,Customer 4350,customer4350@example.com,UK,consumer,2021-12-13T00:00:00
CUST-04351,Customer 4351,customer4351@example.com,CA,small-business,2023-04-09T00:00:00
CUST-04352,Customer 4352,customer4352@example.com,US,small-business,2020-01-29T00:00:00
CUST-04353,Customer 4353,customer4353@example.com,CA,small-business,2021-09-20T00:00:00
CUST-04354,Customer 4354,customer4354@example.com,BR,enterprise,2020-06-19T00:00:00
CUST-04355,Customer 4355,customer4355@example.com,CA,small-business,2020-04-17T00:00:00
CUST-04356,Customer 4356,customer4356@example.com,US,mid-market,2023-08-12T00:00:00
CUST-04357,Customer 4357,customer4357@example.com,CA,mid-market,2020-09-13T00:00:00
CUST-04358,Customer 4358,customer4358@example.com,BR,consumer,2020-07-11T00:00:00
CUST-04359,Customer 4359,customer4359@example.com,BR,consumer,2021-08-05T00:00:00
CUST-04360,Customer 4360,customer4360@example.com,KR,consumer,2023-03-02T00:00:00
CUST-04361,Customer 4361,customer4361@example.com,DE,mid-market,2023-02-27T00:00:00
CUST-04362,Customer 4362,customer4362@example.com,UK,consumer,2021-08-14T00:00:00
CUST-04363,Customer 4363,customer4363@example.com,FR,enterprise,2020-11-08T00:00:00
CUST-04364,Customer 4364,customer4364@example.com,AU,mid-market,2023-07-18T00:00:00
CUST-04365,Customer 4365,customer4365@example.com,IN,mid-market,2020-12-01T00:00:00
CUST-04366,Customer 4366,customer4366@example.com,US,enterprise,2020-06-18T00:00:00
CUST-04367,Customer 4367,customer4367@example.com,AU,mid-market,2020-02-14T00:00:00
CUST-04368,Customer 4368,customer4368@example.com,AU,mid-market,2023-04-03T00:00:00
CUST-04369,Customer 4369,customer4369@example.com,DE,consumer,2020-08-03T00:00:00
CUST-04370,Customer 4370,customer4370@example.com,CA,consumer,2022-09-18T00:00:00
CUST-04371,Customer 4371,customer4371@example.com,AU,small-business,2020-01-04T00:00:00
CUST-04372,Customer 4372,customer4372@example.com,CA,enterprise,2022-01-05T00:00:00
CUST-04373,Customer 4373,customer4373@example.com,US,consumer,2023-03-23T00:00:00
CUST-04374,Customer 4374,customer4374@example.com,BR,small-business,2023-05-07T00:00:00
CUST-04375,Customer 4375,customer4375@example.com,BR,consumer,2020-03-28T00:00:00
CUST-04376,Customer 4376,customer4376@example.com,BR,enterprise,2023-03-17T00:00:00
CUST-04377,Customer 4377,customer4377@example.com,JP,mid-market,2020-10-21T00:00:00
CUST-04378,Customer 4378,customer4378@example.com,FR,enterprise,2022-12-11T00:00:00
CUST-04379,Customer 4379,customer4379@example.com,US,enterprise,2021-05-16T00:00:00
CUST-04380,Customer 4380,customer4380@example.com,IN,mid-market,2023-11-12T00:00:00
CUST-04381,Customer 4381,customer4381@example.com,FR,small-business,2022-03-21T00:00:00
CUST-04382,Customer 4382,customer4382@example.com,IN,mid-market,2020-06-21T00:00:00
CUST-04383,Customer 4383,customer4383@example.com,AU,small-business,2023-08-05T00:00:00
CUST-04384,Customer 4384,customer4384@example.com,FR,consumer,2022-01-11T00:00:00
CUST-04385,Customer 4385,customer4385@example.com,JP,consumer,2020-09-14T00:00:00
CUST-04386,Customer 4386,customer4386@example.com,BR,mid-market,2021-10-22T00:00:00
CUST-04387,Customer 4387,customer4387@example.com,FR,small-business,2022-03-05T00:00:00
CUST-04388,Customer 4388,customer4388@example.com,UK,mid-market,2020-05-11T00:00:00
CUST-04389,Customer 4389,customer4389@example.com,CA,enterprise,2020-08-15T00:00:00
CUST-04390,Customer 4390,customer4390@example.com,IN,consumer,2021-05-30T00:00:00
CUST-04391,Customer 4391,customer4391@example.com,DE,mid-market,2021-01-02T00:00:00
CUST-04392,Customer 4392,customer4392@example.com,BR,enterprise,2021-04-11T00:00:00
CUST-04393,Customer 4393,customer4393@example.com,FR,consumer,2022-07-19T00:00:00
CUST-04394,Customer 4394,customer4394@example.com,US,enterprise,2023-08-06T00:00:00
CUST-04395,Customer 4395,customer4395@example.com,US,enterprise,2020-05-27T00:00:00
CUST-04396,Customer 4396,customer4396@example.com,AU,mid-market,2020-07-08T00:00:00
CUST-04397,Customer 4397,customer4397@example.com,CA,mid-market,2023-08-15T00:00:00
CUST-04398,Customer 4398,customer4398@example.com,KR,small-business,2023-01-24T00:00:00
CUST-04399,Customer 4399,customer4399@example.com,AU,small-business,2021-01-31T00:00:00
CUST-04400,Customer 4400,customer4400@example.com,UK,mid-market,2021-03-27T00:00:00
CUST-04401,Customer 4401,customer4401@example.com,DE,enterprise,2021-07-06T00:00:00
CUST-04402,Customer 4402,customer4402@example.com,IN,enterprise,2023-05-22T00:00:00
CUST-04403,Customer 4403,customer4403@example.com,FR,consumer,2023-11-02T00:00:00
CUST-04404,Customer 4404,customer4404@example.com,IN,consumer,2021-01-02T00:00:00
CUST-04405,Customer 4405,customer4405@example.com,CA,consumer,2022-06-01T00:00:00
CUST-04406,Customer 4406,customer4406@example.com,KR,mid-market,2023-03-09T00:00:00
CUST-04407,Customer 4407,customer4407@example.com,FR,mid-market,2022-09-13T00:00:00
CUST-04408,Customer 4408,customer4408@example.com,KR,enterprise,2023-03-25T00:00:00
CUST-04409,Customer 4409,customer4409@example.com,BR,mid-market,2022-01-10T00:00:00
CUST-04410,Customer 4410,customer4410@example.com,UK,enterprise,2023-09-04T00:00:00
CUST-04411,Customer 4411,customer4411@example.com,UK,consumer,2020-09-24T00:00:00
CUST-04412,Customer 4412,customer4412@example.com,US,small-business,2023-06-29T00:00:00
CUST-04413,Customer 4413,customer4413@example.com,FR,consumer,2020-12-21T00:00:00
CUST-04414,Customer 4414,customer4414@example.com,JP,mid-market,2022-06-27T00:00:00
CUST-04415,Customer 4415,customer4415@example.com,DE,enterprise,2021-12-01T00:00:00
CUST-04416,Customer 4416,customer4416@example.com,KR,small-business,2023-10-27T00:00:00
CUST-04417,Customer 4417,customer4417@example.com,DE,small-business,2023-03-29T00:00:00
CUST-04418,Customer 4418,customer4418@example.com,FR,enterprise,2022-09-15T00:00:00
CUST-04419,Customer 4419,customer4419@example.com,US,consumer,2020-09-16T00:00:00
CUST-04420,Customer 4420,customer4420@example.com,IN,mid-market,2020-05-03T00:00:00
CUST-04421,Customer 4421,customer4421@example.com,BR,consumer,2020-07-02T00:00:00
CUST-04422,Customer 4422,customer4422@example.com,JP,consumer,2020-04-10T00:00:00
CUST-04423,Customer 4423,customer4423@example.com,US,small-business,2020-06-23T00:00:00
CUST-04424,Customer 4424,customer4424@example.com,KR,enterprise,2021-06-20T00:00:00
CUST-04425,Customer 4425,customer4425@example.com,FR,enterprise,2020-11-28T00:00:00
CUST-04426,Customer 4426,customer4426@example.com,CA,small-business,2020-10-31T00:00:00
CUST-04427,Customer 4427,customer4427@example.com,JP,enterprise,2023-03-14T00:00:00
CUST-04428,Customer 4428,customer4428@example.com,KR,consumer,2021-05-15T00:00:00
CUST-04429,Customer 4429,customer4429@example.com,US,enterprise,2023-01-11T00:00:00
CUST-04430,Customer 4430,customer4430@example.com,DE,consumer,2021-04-28T00:00:00
CUST-04431,Customer 4431,customer4431@example.com,BR,mid-market,2020-04-16T00:00:00
CUST-04432,Customer 4432,customer4432@example.com,UK,enterprise,2021-12-09T00:00:00
CUST-04433,Customer 4433,customer4433@example.com,FR,enterprise,2023-12-27T00:00:00
CUST-04434,Customer 4434,customer4434@example.com,FR,small-business,2020-09-17T00:00:00
CUST-04435,Customer 4435,customer4435@example.com,DE,enterprise,2023-03-02T00:00:00
CUST-04436,Customer 4436,customer4436@example.com,US,enterprise,2021-03-18T00:00:00
CUST-04437,Customer 4437,customer4437@example.com,FR,enterprise,2023-02-08T00:00:00
CUST-04438,Customer 4438,customer4438@example.com,DE,mid-market,2021-03-29T00:00:00
CUST-04439,Customer 4439,customer4439@example.com,IN,enterprise,2020-09-30T00:00:00
CUST-04440,Customer 4440,customer4440@example.com,AU,consumer,2021-01-01T00:00:00
CUST-04441,Customer 4441,customer4441@example.com,KR,small-business,2020-04-22T00:00:00
CUST-04442,Customer 4442,customer4442@example.com,DE,mid-market,2021-01-31T00:00:00
CUST-04443,Customer 4443,customer4443@example.com,JP,mid-market,2021-09-13T00:00:00
CUST-04444,Customer 4444,customer4444@example.com,IN,enterprise,2023-06-18T00:00:00
CUST-04445,Customer 4445,customer4445@example.com,AU,consumer,2021-12-08T00:00:00
CUST-04446,Customer 4446,customer4446@example.com,UK,consumer,2020-01-15T00:00:00
CUST-04447,Customer 4447,customer4447@example.com,US,enterprise,2023-07-15T00:00:00
CUST-04448,Customer 4448,customer4448@example.com,US,consumer,2020-08-25T00:00:00
CUST-04449,Customer 4449,customer4449@example.com,JP,enterprise,2020-03-24T00:00:00
CUST-04450,Customer 4450,customer4450@example.com,KR,mid-market,2020-02-17T00:00:00
CUST-04451,Customer 4451,customer4451@example.com,UK,mid-market,2021-06-12T00:00:00
CUST-04452,Customer 4452,customer4452@example.com,CA,enterprise,2023-06-30T00:00:00
CUST-04453,Customer 4453,customer4453@example.com,AU,small-business,2021-01-23T00:00:00
CUST-04454,Customer 4454,customer4454@example.com,DE,mid-market,2022-03-24T00:00:00
CUST-04455,Customer 4455,customer4455@example.com,US,small-business,2022-01-14T00:00:00
CUST-04456,Customer 4456,customer4456@example.com,DE,enterprise,2023-03-20T00:00:00
CUST-04457,Customer 4457,customer4457@example.com,US,small-business,2023-08-22T00:00:00
CUST-04458,Customer 4458,customer4458@example.com,US,mid-market,2023-04-30T00:00:00
CUST-04459,Customer 4459,customer4459@example.com,BR,small-business,2020-04-02T00:00:00
CUST-04460,Customer 4460,customer4460@example.com,UK,small-business,2022-02-06T00:00:00
CUST-04461,Customer 4461,customer4461@example.com,AU,enterprise,2023-08-22T00:00:00
CUST-04462,Customer 4462,customer4462@example.com,DE,small-business,2023-05-05T00:00:00
CUST-04463,Customer 4463,customer4463@example.com,US,small-business,2020-04-10T00:00:00
CUST-04464,Customer 4464,customer4464@example.com,BR,consumer,2021-02-13T00:00:00
CUST-04465,Customer 4465,customer4465@example.com,CA,mid-market,2020-05-19T00:00:00
CUST-04466,Customer 4466,customer4466@example.com,DE,enterprise,2023-04-17T00:00:00
CUST-04467,Customer 4467,customer4467@example.com,IN,small-business,2022-12-28T00:00:00
CUST-04468,Customer 4468,customer4468@example.com,CA,consumer,2021-06-04T00:00:00
CUST-04469,Customer 4469,customer4469@example.com,US,enterprise,2021-03-24T00:00:00
CUST-04470,Customer 4470,customer4470@example.com,JP,consumer,2021-03-22T00:00:00
CUST-04471,Customer 4471,customer4471@example.com,KR,enterprise,2021-08-17T00:00:00
CUST-04472,Customer 4472,customer4472@example.com,JP,mid-market,2023-02-20T00:00:00
CUST-04473,Customer 4473,customer4473@example.com,JP,enterprise,2023-08-19T00:00:00
CUST-04474,Customer 4474,customer4474@example.com,BR,enterprise,2020-11-02T00:00:00
CUST-04475,Customer 4475,customer4475@example.com,BR,enterprise,2021-01-21T00:00:00
CUST-04476,Customer 4476,customer4476@example.com,KR,consumer,2021-07-22T00:00:00
CUST-04477,Customer 4477,customer4477@example.com,AU,mid-market,2021-04-26T00:00:00
CUST-04478,Customer 4478,customer4478@example.com,UK,mid-market,2022-03-02T00:00:00
CUST-04479,Customer 4479,customer4479@example.com,CA,mid-market,2020-12-15T00:00:00
CUST-04480,Customer 4480,customer4480@example.com,US,consumer,2021-04-02T00:00:00
CUST-04481,Customer 4481,customer4481@example.com,AU,consumer,2020-01-28T00:00:00
CUST-04482,Customer 4482,customer4482@example.com,FR,mid-market,2021-04-07T00:00:00
CUST-04483,Customer 4483,customer4483@example.com,FR,consumer,2023-07-03T00:00:00
CUST-04484,Customer 4484,customer4484@example.com,KR,small-business,2022-10-02T00:00:00
CUST-04485,Customer 4485,customer4485@example.com,AU,mid-market,2023-10-13T00:00:00
CUST-04486,Customer 4486,customer4486@example.com,JP,enterprise,2020-03-14T00:00:00
CUST-04487,Customer 4487,customer4487@example.com,JP,enterprise,2021-11-10T00:00:00
CUST-04488,Customer 4488,customer4488@example.com,JP,mid-market,2020-10-11T00:00:00
CUST-04489,Customer 4489,customer4489@example.com,FR,small-business,2020-02-17T00:00:00
CUST-04490,Customer 4490,customer4490@example.com,FR,enterprise,2020-08-12T00:00:00
CUST-04491,Customer 4491,customer4491@example.com,FR,consumer,2020-06-25T00:00:00
CUST-04492,Customer 4492,customer4492@example.com,CA,small-business,2023-07-20T00:00:00
CUST-04493,Customer 4493,customer4493@example.com,BR,mid-market,2020-07-11T00:00:00
CUST-04494,Customer 4494,customer4494@example.com,JP,consumer,2023-02-12T00:00:00
CUST-04495,Customer 4495,customer4495@example.com,IN,enterprise,2021-12-18T00:00:00
CUST-04496,Customer 4496,customer4496@example.com,AU,small-business,2023-01-07T00:00:00
CUST-04497,Customer 4497,customer4497@example.com,BR,small-business,2023-05-29T00:00:00
CUST-04498,Customer 4498,customer4498@example.com,DE,mid-market,2023-08-20T00:00:00
CUST-04499,Customer 4499,customer4499@example.com,AU,consumer,2021-05-25T00:00:00
CUST-04500,Customer 4500,customer4500@example.com,US,consumer,2020-08-16T00:00:00
CUST-04501,Customer 4501,customer4501@example.com,KR,mid-market,2020-10-15T00:00:00
CUST-04502,Customer 4502,customer4502@example.com,AU,consumer,2023-09-21T00:00:00
CUST-04503,Customer 4503,customer4503@example.com,US,enterprise,2021-05-16T00:00:00
CUST-04504,Customer 4504,customer4504@example.com,IN,mid-market,2022-11-18T00:00:00
CUST-04505,Customer 4505,customer4505@example.com,UK,small-business,2020-10-12T00:00:00
CUST-04506,Customer 4506,customer4506@example.com,UK,consumer,2020-03-07T00:00:00
CUST-04507,Customer 4507,customer4507@example.com,IN,small-business,2021-09-25T00:00:00
CUST-04508,Customer 4508,customer4508@example.com,IN,mid-market,2021-05-06T00:00:00
CUST-04509,Customer 4509,customer4509@example.com,JP,small-business,2021-09-20T00:00:00
CUST-04510,Customer 4510,customer4510@example.com,JP,mid-market,2022-03-19T00:00:00
CUST-04511,Customer 4511,customer4511@example.com,US,enterprise,2022-09-22T00:00:00
CUST-04512,Customer 4512,customer4512@example.com,FR,mid-market,2023-06-12T00:00:00
CUST-04513,Customer 4513,customer4513@example.com,US,mid-market,2020-04-09T00:00:00
CUST-04514,Customer 4514,customer4514@example.com,US,mid-market,2023-07-29T00:00:00
CUST-04515,Customer 4515,customer4515@example.com,BR,mid-market,2023-02-16T00:00:00
CUST-04516,Customer 4516,customer4516@example.com,FR,small-business,2020-01-03T00:00:00
CUST-04517,Customer 4517,customer4517@example.com,CA,consumer,2023-06-12T00:00:00
CUST-04518,Customer 4518,customer4518@example.com,IN,small-business,2020-02-02T00:00:00
CUST-04519,Customer 4519,customer4519@example.com,CA,mid-market,2020-01-28T00:00:00
CUST-04520,Customer 4520,customer4520@example.com,IN,small-business,2022-04-28T00:00:00
CUST-04521,Customer 4521,customer4521@example.com,DE,small-business,2023-08-08T00:00:00
CUST-04522,Customer 4522,customer4522@example.com,US,consumer,2022-10-08T00:00:00
CUST-04523,Customer 4523,customer4523@example.com,DE,small-business,2022-04-17T00:00:00
CUST-04524,Customer 4524,customer4524@example.com,JP,mid-market,2020-10-24T00:00:00
CUST-04525,Customer 4525,customer4525@example.com,JP,enterprise,2020-12-12T00:00:00
CUST-04526,Customer 4526,customer4526@example.com,FR,consumer,2020-04-07T00:00:00
CUST-04527,Customer 4527,customer4527@example.com,AU,consumer,2022-03-20T00:00:00
CUST-04528,Customer 4528,customer4528@example.com,AU,mid-market,2021-12-23T00:00:00
CUST-04529,Customer 4529,customer4529@example.com,JP,enterprise,2021-12-10T00:00:00
CUST-04530,Customer 4530,customer4530@example.com,IN,consumer,2023-04-05T00:00:00
CUST-04531,Customer 4531,customer4531@example.com,US,consumer,2021-05-19T00:00:00
CUST-04532,Customer 4532,customer4532@example.com,AU,mid-market,2020-09-14T00:00:00
CUST-04533,Customer 4533,customer4533@example.com,JP,consumer,2023-10-18T00:00:00
CUST-04534,Customer 4534,customer4534@example.com,BR,enterprise,2020-03-03T00:00:00
CUST-04535,Customer 4535,customer4535@example.com,BR,mid-market,2021-04-27T00:00:00
CUST-04536,Customer 4536,customer4536@example.com,BR,small-business,2021-08-31T00:00:00
CUST-04537,Customer 4537,customer4537@example.com,DE,enterprise,2020-08-15T00:00:00
CUST-04538,Customer 4538,customer4538@example.com,AU,small-business,2020-08-04T00:00:00
CUST-04539,Customer 4539,customer4539@example.com,DE,consumer,2022-04-11T00:00:00
CUST-04540,Customer 4540,customer4540@example.com,BR,mid-market,2022-03-27T00:00:00
CUST-04541,Customer 4541,customer4541@example.com,JP,mid-market,2020-03-05T00:00:00
CUST-04542,Customer 4542,customer4542@example.com,CA,mid-market,2020-10-16T00:00:00
CUST-04543,Customer 4543,customer4543@example.com,AU,enterprise,2023-05-05T00:00:00
CUST-04544,Customer 4544,customer4544@example.com,US,enterprise,2021-11-20T00:00:00
CUST-04545,Customer 4545,customer4545@example.com,FR,consumer,2022-06-27T00:00:00
CUST-04546,Customer 4546,customer4546@example.com,FR,mid-market,2023-11-12T00:00:00
CUST-04547,Customer 4547,customer4547@example.com,AU,small-business,2021-06-02T00:00:00
CUST-04548,Customer 4548,customer4548@example.com,IN,mid-market,2023-11-30T00:00:00
CUST-04549,Customer 4549,customer4549@example.com,BR,consumer,2021-07-16T00:00:00
CUST-04550,Customer 4550,customer4550@example.com,CA,mid-market,2022-03-23T00:00:00
CUST-04551,Customer 4551,customer4551@example.com,FR,enterprise,2022-04-17T00:00:00
CUST-04552,Customer 4552,customer4552@example.com,IN,consumer,2022-11-03T00:00:00
CUST-04553,Customer 4553,customer4553@example.com,JP,consumer,2020-02-04T00:00:00
CUST-04554,Customer 4554,customer4554@example.com,FR,consumer,2021-01-22T00:00:00
CUST-04555,Customer 4555,customer4555@example.com,BR,small-business,2020-10-15T00:00:00
CUST-04556,Customer 4556,customer4556@example.com,AU,mid-market,2023-08-01T00:00:00
CUST-04557,Customer 4557,customer4557@example.com,DE,consumer,2022-05-22T00:00:00
CUST-04558,Customer 4558,customer4558@example.com,BR,small-business,2023-01-13T00:00:00
CUST-04559,Customer 4559,customer4559@example.com,DE,small-business,2023-07-29T00:00:00
CUST-04560,Customer 4560,customer4560@example.com,UK,small-business,2021-12-15T00:00:00
CUST-04561,Customer 4561,customer4561@example.com,AU,enterprise,2020-11-04T00:00:00
CUST-04562,Customer 4562,customer4562@example.com,CA,consumer,2021-06-15T00:00:00
CUST-04563,Customer 4563,customer4563@example.com,JP,consumer,2021-06-22T00:00:00
CUST-04564,Customer 4564,customer4564@example.com,DE,consumer,2021-08-10T00:00:00
CUST-04565,Customer 4565,customer4565@example.com,JP,enterprise,2020-07-17T00:00:00
CUST-04566,Customer 4566,customer4566@example.com,CA,enterprise,2022-07-03T00:00:00
CUST-04567,Customer 4567,customer4567@example.com,BR,small-business,2022-03-18T00:00:00
CUST-04568,Customer 4568,customer4568@example.com,AU,mid-market,2022-07-23T00:00:00
CUST-04569,Customer 4569,customer4569@example.com,JP,consumer,2023-11-22T00:00:00
CUST-04570,Customer 4570,customer4570@example.com,US,consumer,2020-07-12T00:00:00
CUST-04571,Customer 4571,customer4571@example.com,BR,mid-market,2020-11-03T00:00:00
CUST-04572,Customer 4572,customer4572@example.com,UK,consumer,2023-10-10T00:00:00
CUST-04573,Customer 4573,customer4573@example.com,BR,mid-market,2023-10-19T00:00:00
CUST-04574,Customer 4574,customer4574@example.com,BR,small-business,2022-09-11T00:00:00
CUST-04575,Customer 4575,customer4575@example.com,UK,enterprise,2021-08-02T00:00:00
CUST-04576,Customer 4576,customer4576@example.com,KR,mid-market,2020-06-02T00:00:00
CUST-04577,Customer 4577,customer4577@example.com,US,small-business,2023-09-24T00:00:00
CUST-04578,Customer 4578,customer4578@example.com,FR,enterprise,2023-10-28T00:00:00
CUST-04579,Customer 4579,customer4579@example.com,BR,consumer,2022-06-17T00:00:00
CUST-04580,Customer 4580,customer4580@example.com,BR,small-business,2021-05-10T00:00:00
CUST-04581,Customer 4581,customer4581@example.com,IN,small-business,2023-12-14T00:00:00
CUST-04582,Customer 4582,customer4582@example.com,FR,mid-market,2020-09-29T00:00:00
CUST-04583,Customer 4583,customer4583@example.com,DE,small-business,2020-02-20T00:00:00
CUST-04584,Customer 4584,customer4584@example.com,AU,small-business,2020-05-06T00:00:00
CUST-04585,Customer 4585,customer4585@example.com,JP,mid-market,2022-11-23T00:00:00
CUST-04586,Customer 4586,customer4586@example.com,BR,mid-market,2022-03-29T00:00:00
CUST-04587,Customer 4587,customer4587@example.com,FR,small-business,2021-07-14T00:00:00
CUST-04588,Customer 4588,customer4588@example.com,BR,mid-market,2022-03-20T00:00:00
CUST-04589,Customer 4589,customer4589@example.com,CA,small-business,2021-12-13T00:00:00
CUST-04590,Customer 4590,customer4590@example.com,CA,small-business,2020-10-05T00:00:00
CUST-04591,Customer 4591,customer4591@example.com,AU,small-business,2022-06-20T00:00:00
CUST-04592,Customer 4592,customer4592@example.com,JP,mid-market,2020-03-08T00:00:00
CUST-04593,Customer 4593,customer4593@example.com,US,mid-market,2021-05-23T00:00:00
CUST-04594,Customer 4594,customer4594@example.com,CA,consumer,2023-11-21T00:00:00
CUST-04595,Customer 4595,customer4595@example.com,AU,mid-market,2022-01-21T00:00:00
CUST-04596,Customer 4596,customer4596@example.com,DE,enterprise,2021-08-22T00:00:00
CUST-04597,Customer 4597,customer4597@example.com,JP,small-business,2020-04-02T00:00:00
CUST-04598,Customer 4598,customer4598@example.com,US,mid-market,2022-12-05T00:00:00
CUST-04599,Customer 4599,customer4599@example.com,BR,mid-market,2022-01-27T00:00:00
CUST-04600,Customer 4600,customer4600@example.com,KR,small-business,2023-04-02T00:00:00
CUST-04601,Customer 4601,customer4601@example.com,JP,mid-market,2021-10-16T00:00:00
CUST-04602,Customer 4602,customer4602@example.com,US,enterprise,2023-02-28T00:00:00
CUST-04603,Customer 4603,customer4603@example.com,US,mid-market,2020-09-26T00:00:00
CUST-04604,Customer 4604,customer4604@example.com,US,small-business,2021-10-23T00:00:00
CUST-04605,Customer 4605,customer4605@example.com,FR,small-business,2020-09-29T00:00:00
CUST-04606,Customer 4606,customer4606@example.com,US,small-business,2021-02-28T00:00:00
CUST-04607,Customer 4607,customer4607@example.com,FR,enterprise,2020-12-06T00:00:00
CUST-04608,Customer 4608,customer4608@example.com,KR,enterprise,2020-06-29T00:00:00
CUST-04609,Customer 4609,customer4609@example.com,US,small-business,2020-11-16T00:00:00
CUST-04610,Customer 4610,customer4610@example.com,FR,consumer,2022-11-30T00:00:00
CUST-04611,Customer 4611,customer4611@example.com,BR,consumer,2021-06-07T00:00:00
CUST-04612,Customer 4612,customer4612@example.com,KR,enterprise,2020-07-12T00:00:00
CUST-04613,Customer 4613,customer4613@example.com,BR,small-business,2023-10-10T00:00:00
CUST-04614,Customer 4614,customer4614@example.com,JP,mid-market,2022-01-02T00:00:00
CUST-04615,Customer 4615,customer4615@example.com,BR,small-business,2022-07-22T00:00:00
CUST-04616,Customer 4616,customer4616@example.com,AU,mid-market,2020-07-08T00:00:00
CUST-04617,Customer 4617,customer4617@example.com,US,consumer,2023-02-15T00:00:00
CUST-04618,Customer 4618,customer4618@example.com,AU,consumer,2023-01-08T00:00:00
CUST-04619,Customer 4619,customer4619@example.com,FR,consumer,2020-05-18T00:00:00
CUST-04620,Customer 4620,customer4620@example.com,BR,consumer,2022-09-15T00:00:00
CUST-04621,Customer 4621,customer4621@example.com,DE,mid-market,2021-05-22T00:00:00
CUST-04622,Customer 4622,customer4622@example.com,FR,small-business,2020-08-21T00:00:00
CUST-04623,Customer 4623,customer4623@example.com,FR,mid-market,2020-02-01T00:00:00
CUST-04624,Customer 4624,customer4624@example.com,JP,small-business,2020-09-08T00:00:00
CUST-04625,Customer 4625,customer4625@example.com,US,consumer,2021-10-11T00:00:00
CUST-04626,Customer 4626,customer4626@example.com,FR,enterprise,2022-08-13T00:00:00
CUST-04627,Customer 4627,customer4627@example.com,BR,mid-market,2021-01-27T00:00:00
CUST-04628,Customer 4628,customer4628@example.com,US,consumer,2022-09-09T00:00:00
CUST-04629,Customer 4629,customer4629@example.com,AU,mid-market,2021-05-12T00:00:00
CUST-04630,Customer 4630,customer4630@example.com,JP,enterprise,2020-09-16T00:00:00
CUST-04631,Customer 4631,customer4631@example.com,CA,enterprise,2021-09-09T00:00:00
CUST-04632,Customer 4632,customer4632@example.com,JP,consumer,2023-07-13T00:00:00
CUST-04633,Customer 4633,customer4633@example.com,FR,enterprise,2023-09-19T00:00:00
CUST-04634,Customer 4634,customer4634@example.com,UK,consumer,2022-06-29T00:00:00
CUST-04635,Customer 4635,customer4635@example.com,IN,mid-market,2021-12-16T00:00:00
CUST-04636,Customer 4636,customer4636@example.com,UK,small-business,2020-04-05T00:00:00
CUST-04637,Customer 4637,customer4637@example.com,BR,mid-market,2021-08-10T00:00:00
CUST-04638,Customer 4638,customer4638@example.com,JP,mid-market,2021-06-30T00:00:00
CUST-04639,Customer 4639,customer4639@example.com,FR,consumer,2021-03-25T00:00:00
CUST-04640,Customer 4640,customer4640@example.com,BR,enterprise,2022-09-26T00:00:00
CUST-04641,Customer 4641,customer4641@example.com,BR,small-business,2021-07-03T00:00:00
CUST-04642,Customer 4642,customer4642@example.com,FR,small-business,2023-03-27T00:00:00
CUST-04643,Customer 4643,customer4643@example.com,BR,mid-market,2022-08-11T00:00:00
CUST-04644,Customer 4644,customer4644@example.com,JP,mid-market,2020-07-06T00:00:00
CUST-04645,Customer 4645,customer4645@example.com,BR,small-business,2020-05-19T00:00:00
CUST-04646,Customer 4646,customer4646@example.com,AU,mid-market,2020-07-23T00:00:00
CUST-04647,Customer 4647,customer4647@example.com,KR,consumer,2023-01-22T00:00:00
CUST-04648,Customer 4648,customer4648@example.com,CA,consumer,2021-07-18T00:00:00
CUST-04649,Customer 4649,customer4649@example.com,BR,consumer,2023-12-26T00:00:00
CUST-04650,Customer 4650,customer4650@example.com,JP,enterprise,2021-03-31T00:00:00
CUST-04651,Customer 4651,customer4651@example.com,FR,mid-market,2020-05-25T00:00:00
CUST-04652,Customer 4652,customer4652@example.com,UK,small-business,2020-09-08T00:00:00
CUST-04653,Customer 4653,customer4653@example.com,KR,consumer,2022-11-12T00:00:00
CUST-04654,Customer 4654,customer4654@example.com,FR,enterprise,2020-12-15T00:00:00
CUST-04655,Customer 4655,customer4655@example.com,IN,consumer,2021-01-24T00:00:00
CUST-04656,Customer 4656,customer4656@example.com,UK,consumer,2021-09-05T00:00:00
CUST-04657,Customer 4657,customer4657@example.com,CA,consumer,2022-07-17T00:00:00
CUST-04658,Customer 4658,customer4658@example.com,JP,small-business,2021-08-07T00:00:00
CUST-04659,Customer 4659,customer4659@example.com,US,enterprise,2021-04-27T00:00:00
CUST-04660,Customer 4660,customer4660@example.com,DE,mid-market,2020-02-07T00:00:00
CUST-04661,Customer 4661,customer4661@example.com,CA,small-business,2023-09-18T00:00:00
CUST-04662,Customer 4662,customer4662@example.com,US,mid-market,2021-07-22T00:00:00
CUST-04663,Customer 4663,customer4663@example.com,US,enterprise,2020-09-25T00:00:00
CUST-04664,Customer 4664,customer4664@example.com,CA,enterprise,2020-10-21T00:00:00
CUST-04665,Customer 4665,customer4665@example.com,BR,consumer,2023-05-23T00:00:00
CUST-04666,Customer 4666,customer4666@example.com,US,enterprise,2020-09-04T00:00:00
CUST-04667,Customer 4667,customer4667@example.com,KR,mid-market,2023-06-13T00:00:00
CUST-04668,Customer 4668,customer4668@example.com,CA,small-business,2020-06-14T00:00:00
CUST-04669,Customer 4669,customer4669@example.com,US,enterprise,2020-06-20T00:00:00
CUST-04670,Customer 4670,customer4670@example.com,US,enterprise,2020-02-21T00:00:00
CUST-04671,Customer 4671,customer4671@example.com,FR,small-business,2023-06-11T00:00:00
CUST-04672,Customer 4672,customer4672@example.com,BR,enterprise,2023-11-10T00:00:00
CUST-04673,Customer 4673,customer4673@example.com,JP,small-business,2021-07-14T00:00:00
CUST-04674,Customer 4674,customer4674@example.com,AU,mid-market,2022-02-18T00:00:00
CUST-04675,Customer 4675,customer4675@example.com,DE,consumer,2023-06-05T00:00:00
CUST-04676,Customer 4676,customer4676@example.com,UK,enterprise,2022-09-19T00:00:00
CUST-04677,Customer 4677,customer4677@example.com,US,enterprise,2023-01-08T00:00:00
CUST-04678,Customer 4678,customer4678@example.com,JP,enterprise,2023-09-28T00:00:00
CUST-04679,Customer 4679,customer4679@example.com,DE,enterprise,2022-07-14T00:00:00
CUST-04680,Customer 4680,customer4680@example.com,JP,small-business,2023-07-10T00:00:00
CUST-04681,Customer 4681,customer4681@example.com,UK,enterprise,2021-05-14T00:00:00
CUST-04682,Customer 4682,customer4682@example.com,FR,enterprise,2020-10-10T00:00:00
CUST-04683,Customer 4683,customer4683@example.com,UK,small-business,2022-11-11T00:00:00
CUST-04684,Customer 4684,customer4684@example.com,BR,enterprise,2023-11-24T00:00:00
CUST-04685,Customer 4685,customer4685@example.com,KR,enterprise,2020-07-17T00:00:00
CUST-04686,Customer 4686,customer4686@example.com,FR,small-business,2023-11-10T00:00:00
CUST-04687,Customer 4687,customer4687@example.com,UK,consumer,2023-05-03T00:00:00
CUST-04688,Customer 4688,customer4688@example.com,KR,enterprise,2020-12-13T00:00:00
CUST-04689,Customer 4689,customer4689@example.com,BR,small-business,2023-04-18T00:00:00
CUST-04690,Customer 4690,customer4690@example.com,KR,enterprise,2022-12-23T00:00:00
CUST-04691,Customer 4691,customer4691@example.com,JP,mid-market,2021-11-26T00:00:00
CUST-04692,Customer 4692,customer4692@example.com,JP,enterprise,2020-04-29T00:00:00
CUST-04693,Customer 4693,customer4693@example.com,AU,small-business,2023-03-13T00:00:00
CUST-04694,Customer 4694,customer4694@example.com,DE,enterprise,2022-03-24T00:00:00
CUST-04695,Customer 4695,customer4695@example.com,JP,small-business,2021-11-08T00:00:00
CUST-04696,Customer 4696,customer4696@example.com,KR,consumer,2022-08-23T00:00:00
CUST-04697,Customer 4697,customer4697@example.com,KR,mid-market,2023-01-14T00:00:00
CUST-04698,Customer 4698,customer4698@example.com,US,small-business,2022-11-15T00:00:00
CUST-04699,Customer 4699,customer4699@example.com,US,small-business,2023-03-19T00:00:00
CUST-04700,Customer 4700,customer4700@example.com,FR,enterprise,2022-05-05T00:00:00
CUST-04701,Customer 4701,customer4701@example.com,JP,mid-market,2020-05-04T00:00:00
CUST-04702,Customer 4702,customer4702@example.com,JP,enterprise,2021-11-01T00:00:00
CUST-04703,Customer 4703,customer4703@example.com,KR,consumer,2021-09-13T00:00:00
CUST-04704,Customer 4704,customer4704@example.com,JP,enterprise,2023-11-16T00:00:00
CUST-04705,Customer 4705,customer4705@example.com,US,mid-market,2023-06-26T00:00:00
CUST-04706,Customer 4706,customer4706@example.com,IN,mid-market,2023-06-18T00:00:00
CUST-04707,Customer 4707,customer4707@example.com,KR,enterprise,2020-01-31T00:00:00
CUST-04708,Customer 4708,customer4708@example.com,JP,enterprise,2022-04-06T00:00:00
CUST-04709,Customer 4709,customer4709@example.com,CA,enterprise,2022-09-30T00:00:00
CUST-04710,Customer 4710,customer4710@example.com,DE,enterprise,2021-06-22T00:00:00
CUST-04711,Customer 4711,customer4711@example.com,US,enterprise,2020-01-27T00:00:00
CUST-04712,Customer 4712,customer4712@example.com,CA,mid-market,2020-06-04T00:00:00
CUST-04713,Customer 4713,customer4713@example.com,FR,consumer,2021-08-03T00:00:00
CUST-04714,Customer 4714,customer4714@example.com,JP,mid-market,2022-02-02T00:00:00
CUST-04715,Customer 4715,customer4715@example.com,IN,small-business,2022-06-13T00:00:00
CUST-04716,Customer 4716,customer4716@example.com,UK,mid-market,2023-12-19T00:00:00
CUST-04717,Customer 4717,customer4717@example.com,KR,mid-market,2023-12-12T00:00:00
CUST-04718,Customer 4718,customer4718@example.com,AU,consumer,2021-08-06T00:00:00
CUST-04719,Customer 4719,customer4719@example.com,KR,consumer,2023-01-19T00:00:00
CUST-04720,Customer 4720,customer4720@example.com,JP,enterprise,2022-03-06T00:00:00
CUST-04721,Customer 4721,customer4721@example.com,KR,consumer,2023-01-25T00:00:00
CUST-04722,Customer 4722,customer4722@example.com,FR,small-business,2020-05-21T00:00:00
CUST-04723,Customer 4723,customer4723@example.com,BR,mid-market,2022-05-07T00:00:00
CUST-04724,Customer 4724,customer4724@example.com,AU,mid-market,2022-12-25T00:00:00
CUST-04725,Customer 4725,customer4725@example.com,IN,small-business,2023-03-05T00:00:00
CUST-04726,Customer 4726,customer4726@example.com,DE,mid-market,2020-03-22T00:00:00
CUST-04727,Customer 4727,customer4727@example.com,UK,small-business,2020-05-22T00:00:00
CUST-04728,Customer 4728,customer4728@example.com,AU,enterprise,2022-02-06T00:00:00
CUST-04729,Customer 4729,customer4729@example.com,US,consumer,2023-05-12T00:00:00
CUST-04730,Customer 4730,customer4730@example.com,US,small-business,2021-02-19T00:00:00
CUST-04731,Customer 4731,customer4731@example.com,US,consumer,2023-07-30T00:00:00
CUST-04732,Customer 4732,customer4732@example.com,JP,consumer,2020-10-17T00:00:00
CUST-04733,Customer 4733,customer4733@example.com,DE,mid-market,2021-12-22T00:00:00
CUST-04734,Customer 4734,customer4734@example.com,FR,consumer,2023-09-03T00:00:00
CUST-04735,Customer 4735,customer4735@example.com,US,small-business,2022-08-21T00:00:00
CUST-04736,Customer 4736,customer4736@example.com,CA,consumer,2023-05-25T00:00:00
CUST-04737,Customer 4737,customer4737@example.com,JP,consumer,2021-11-06T00:00:00
CUST-04738,Customer 4738,customer4738@example.com,BR,small-business,2023-09-15T00:00:00
CUST-04739,Customer 4739,customer4739@example.com,IN,consumer,2021-05-23T00:00:00
CUST-04740,Customer 4740,customer4740@example.com,JP,enterprise,2023-01-12T00:00:00
CUST-04741,Customer 4741,customer4741@example.com,US,mid-market,2021-07-14T00:00:00
CUST-04742,Customer 4742,customer4742@example.com,KR,small-business,2022-04-25T00:00:00
CUST-04743,Customer 4743,customer4743@example.com,DE,consumer,2022-11-30T00:00:00
CUST-04744,Customer 4744,customer4744@example.com,DE,consumer,2022-05-05T00:00:00
CUST-04745,Customer 4745,customer4745@example.com,KR,consumer,2020-05-05T00:00:00
CUST-04746,Customer 4746,customer4746@example.com,CA,consumer,2022-02-18T00:00:00
CUST-04747,Customer 4747,customer4747@example.com,KR,enterprise,2022-08-26T00:00:00
CUST-04748,Customer 4748,customer4748@example.com,US,consumer,2023-02-02T00:00:00
CUST-04749,Customer 4749,customer4749@example.com,FR,mid-market,2020-01-04T00:00:00
CUST-04750,Customer 4750,customer4750@example.com,KR,mid-market,2023-06-17T00:00:00
CUST-04751,Customer 4751,customer4751@example.com,US,consumer,2021-05-06T00:00:00
CUST-04752,Customer 4752,customer4752@example.com,KR,consumer,2021-04-02T00:00:00
CUST-04753,Customer 4753,customer4753@example.com,IN,consumer,2020-11-05T00:00:00
CUST-04754,Customer 4754,customer4754@example.com,UK,enterprise,2022-12-25T00:00:00
CUST-04755,Customer 4755,customer4755@example.com,JP,enterprise,2022-10-17T00:00:00
CUST-04756,Customer 4756,customer4756@example.com,AU,consumer,2023-02-16T00:00:00
CUST-04757,Customer 4757,customer4757@example.com,BR,enterprise,2023-07-05T00:00:00
CUST-04758,Customer 4758,customer4758@example.com,US,consumer,2022-10-26T00:00:00
CUST-04759,Customer 4759,customer4759@example.com,CA,small-business,2023-03-06T00:00:00
CUST-04760,Customer 4760,customer4760@example.com,UK,consumer,2021-04-23T00:00:00
CUST-04761,Customer 4761,customer4761@example.com,IN,small-business,2021-02-05T00:00:00
CUST-04762,Customer 4762,customer4762@example.com,UK,small-business,2020-11-24T00:00:00
CUST-04763,Customer 4763,customer4763@example.com,DE,enterprise,2020-03-22T00:00:00
CUST-04764,Customer 4764,customer4764@example.com,DE,mid-market,2022-11-11T00:00:00
CUST-04765,Customer 4765,customer4765@example.com,BR,small-business,2022-05-26T00:00:00
CUST-04766,Customer 4766,customer4766@example.com,JP,mid-market,2021-12-07T00:00:00
CUST-04767,Customer 4767,customer4767@example.com,UK,enterprise,2020-12-09T00:00:00
CUST-04768,Customer 4768,customer4768@example.com,KR,mid-market,2020-11-26T00:00:00
CUST-04769,Customer 4769,customer4769@example.com,CA,consumer,2021-03-05T00:00:00
CUST-04770,Customer 4770,customer4770@example.com,BR,mid-market,2023-07-28T00:00:00
CUST-04771,Customer 4771,customer4771@example.com,BR,consumer,2023-06-26T00:00:00
CUST-04772,Customer 4772,customer4772@example.com,IN,enterprise,2020-12-12T00:00:00
CUST-04773,Customer 4773,customer4773@example.com,AU,enterprise,2023-06-23T00:00:00
CUST-04774,Customer 4774,customer4774@example.com,BR,enterprise,2021-08-27T00:00:00
CUST-04775,Customer 4775,customer4775@example.com,CA,enterprise,2020-06-15T00:00:00
CUST-04776,Customer 4776,customer4776@example.com,UK,small-business,2021-03-08T00:00:00
CUST-04777,Customer 4777,customer4777@example.com,KR,small-business,2020-06-15T00:00:00
CUST-04778,Customer 4778,customer4778@example.com,FR,enterprise,2020-03-24T00:00:00
CUST-04779,Customer 4779,customer4779@example.com,CA,enterprise,2022-12-14T00:00:00
CUST-04780,Customer 4780,customer4780@example.com,KR,small-business,2023-05-22T00:00:00
CUST-04781,Customer 4781,customer4781@example.com,US,mid-market,2020-10-31T00:00:00
CUST-04782,Customer 4782,customer4782@example.com,BR,enterprise,2020-02-21T00:00:00
CUST-04783,Customer 4783,customer4783@example.com,DE,small-business,2022-03-17T00:00:00
CUST-04784,Customer 4784,customer4784@example.com,FR,mid-market,2021-01-17T00:00:00
CUST-04785,Customer 4785,customer4785@example.com,US,enterprise,2021-09-29T00:00:00
CUST-04786,Customer 4786,customer4786@example.com,JP,mid-market,2023-08-27T00:00:00
CUST-04787,Customer 4787,customer4787@example.com,CA,mid-market,2022-12-30T00:00:00
CUST-04788,Customer 4788,customer4788@example.com,CA,consumer,2020-09-03T00:00:00
CUST-04789,Customer 4789,customer4789@example.com,DE,enterprise,2023-09-20T00:00:00
CUST-04790,Customer 4790,customer4790@example.com,JP,mid-market,2021-03-26T00:00:00
CUST-04791,Customer 4791,customer4791@example.com,FR,consumer,2020-09-05T00:00:00
CUST-04792,Customer 4792,customer4792@example.com,CA,mid-market,2022-11-13T00:00:00
CUST-04793,Customer 4793,customer4793@example.com,CA,small-business,2021-01-22T00:00:00
CUST-04794,Customer 4794,customer4794@example.com,CA,enterprise,2021-10-03T00:00:00
CUST-04795,Customer 4795,customer4795@example.com,AU,enterprise,2022-10-15T00:00:00
CUST-04796,Customer 4796,customer4796@example.com,BR,enterprise,2020-09-23T00:00:00
CUST-04797,Customer 4797,customer4797@example.com,IN,enterprise,2022-06-26T00:00:00
CUST-04798,Customer 4798,customer4798@example.com,FR,consumer,2023-05-26T00:00:00
CUST-04799,Customer 4799,customer4799@example.com,FR,small-business,2020-12-15T00:00:00
CUST-04800,Customer 4800,customer4800@example.com,US,mid-market,2023-10-16T00:00:00
CUST-04801,Customer 4801,customer4801@example.com,CA,small-business,2020-10-09T00:00:00
CUST-04802,Customer 4802,customer4802@example.com,CA,enterprise,2021-12-17T00:00:00
CUST-04803,Customer 4803,customer4803@example.com,BR,mid-market,2021-06-15T00:00:00
CUST-04804,Customer 4804,customer4804@example.com,AU,mid-market,2022-03-31T00:00:00
CUST-04805,Customer 4805,customer4805@example.com,BR,small-business,2022-04-01T00:00:00
CUST-04806,Customer 4806,customer4806@example.com,AU,mid-market,2023-04-30T00:00:00
CUST-04807,Customer 4807,customer4807@example.com,IN,mid-market,2021-09-23T00:00:00
CUST-04808,Customer 4808,customer4808@example.com,UK,mid-market,2020-02-12T00:00:00
CUST-04809,Customer 4809,customer4809@example.com,JP,enterprise,2021-12-23T00:00:00
CUST-04810,Customer 4810,customer4810@example.com,AU,mid-market,2022-06-28T00:00:00
CUST-04811,Customer 4811,customer4811@example.com,US,small-business,2020-07-04T00:00:00
CUST-04812,Customer 4812,customer4812@example.com,KR,enterprise,2023-11-05T00:00:00
CUST-04813,Customer 4813,customer4813@example.com,KR,mid-market,2021-10-22T00:00:00
CUST-04814,Customer 4814,customer4814@example.com,KR,consumer,2023-02-04T00:00:00
CUST-04815,Customer 4815,customer4815@example.com,DE,consumer,2020-02-16T00:00:00
CUST-04816,Customer 4816,customer4816@example.com,US,small-business,2020-12-30T00:00:00
CUST-04817,Customer 4817,customer4817@example.com,FR,enterprise,2020-09-28T00:00:00
CUST-04818,Customer 4818,customer4818@example.com,FR,mid-market,2022-09-17T00:00:00
CUST-04819,Customer 4819,customer4819@example.com,KR,mid-market,2022-12-22T00:00:00
CUST-04820,Customer 4820,customer4820@example.com,KR,small-business,2020-10-23T00:00:00
CUST-04821,Customer 4821,customer4821@example.com,FR,small-business,2020-01-24T00:00:00
CUST-04822,Customer 4822,customer4822@example.com,DE,consumer,2021-05-30T00:00:00
CUST-04823,Customer 4823,customer4823@example.com,IN,consumer,2022-05-18T00:00:00
CUST-04824,Customer 4824,customer4824@example.com,CA,mid-market,2023-07-08T00:00:00
CUST-04825,Customer 4825,customer4825@example.com,CA,enterprise,2022-06-09T00:00:00
CUST-04826,Customer 4826,customer4826@example.com,DE,mid-market,2023-05-24T00:00:00
CUST-04827,Customer 4827,customer4827@example.com,KR,enterprise,2023-11-13T00:00:00
CUST-04828,Customer 4828,customer4828@example.com,US,small-business,2021-07-24T00:00:00
CUST-04829,Customer 4829,customer4829@example.com,AU,consumer,2023-06-17T00:00:00
CUST-04830,Customer 4830,customer4830@example.com,KR,enterprise,2022-07-08T00:00:00
CUST-04831,Customer 4831,customer4831@example.com,UK,small-business,2021-01-18T00:00:00
CUST-04832,Customer 4832,customer4832@example.com,DE,enterprise,2022-12-25T00:00:00
CUST-04833,Customer 4833,customer4833@example.com,JP,consumer,2021-03-04T00:00:00
CUST-04834,Customer 4834,customer4834@example.com,BR,small-business,2021-03-22T00:00:00
CUST-04835,Customer 4835,customer4835@example.com,CA,mid-market,2022-05-12T00:00:00
CUST-04836,Customer 4836,customer4836@example.com,AU,small-business,2020-07-30T00:00:00
CUST-04837,Customer 4837,customer4837@example.com,BR,consumer,2022-06-28T00:00:00
CUST-04838,Customer 4838,customer4838@example.com,AU,consumer,2021-02-15T00:00:00
CUST-04839,Customer 4839,customer4839@example.com,KR,mid-market,2022-03-19T00:00:00
CUST-04840,Customer 4840,customer4840@example.com,IN,consumer,2020-01-22T00:00:00
CUST-04841,Customer 4841,customer4841@example.com,JP,mid-market,2023-05-25T00:00:00
CUST-04842,Customer 4842,customer4842@example.com,AU,mid-market,2022-02-10T00:00:00
CUST-04843,Customer 4843,customer4843@example.com,IN,consumer,2020-03-08T00:00:00
CUST-04844,Customer 4844,customer4844@example.com,AU,consumer,2020-03-29T00:00:00
CUST-04845,Customer 4845,customer4845@example.com,CA,mid-market,2022-10-18T00:00:00
CUST-04846,Customer 4846,customer4846@example.com,KR,enterprise,2020-10-08T00:00:00
CUST-04847,Customer 4847,customer4847@example.com,BR,enterprise,2023-12-30T00:00:00
CUST-04848,Customer 4848,customer4848@example.com,UK,consumer,2023-01-05T00:00:00
CUST-04849,Customer 4849,customer4849@example.com,CA,mid-market,2022-02-03T00:00:00
CUST-04850,Customer 4850,customer4850@example.com,CA,small-business,2022-02-25T00:00:00
CUST-04851,Customer 4851,customer4851@example.com,FR,enterprise,2023-02-06T00:00:00
CUST-04852,Customer 4852,customer4852@example.com,DE,enterprise,2023-06-26T00:00:00
CUST-04853,Customer 4853,customer4853@example.com,BR,enterprise,2020-07-29T00:00:00
CUST-04854,Customer 4854,customer4854@example.com,AU,small-business,2021-01-31T00:00:00
CUST-04855,Customer 4855,customer4855@example.com,KR,mid-market,2021-03-29T00:00:00
CUST-04856,Customer 4856,customer4856@example.com,US,consumer,2021-07-21T00:00:00
CUST-04857,Customer 4857,customer4857@example.com,IN,consumer,2020-01-15T00:00:00
CUST-04858,Customer 4858,customer4858@example.com,FR,consumer,2023-07-31T00:00:00
CUST-04859,Customer 4859,customer4859@example.com,FR,consumer,2023-11-09T00:00:00
CUST-04860,Customer 4860,customer4860@example.com,CA,small-business,2021-08-17T00:00:00
CUST-04861,Customer 4861,customer4861@example.com,UK,consumer,2021-07-20T00:00:00
CUST-04862,Customer 4862,customer4862@example.com,BR,small-business,2023-06-19T00:00:00
CUST-04863,Customer 4863,customer4863@example.com,CA,small-business,2023-09-19T00:00:00
CUST-04864,Customer 4864,customer4864@example.com,IN,small-business,2022-03-29T00:00:00
CUST-04865,Customer 4865,customer4865@example.com,IN,enterprise,2022-09-17T00:00:00
CUST-04866,Customer 4866,customer4866@example.com,CA,enterprise,2023-05-02T00:00:00
CUST-04867,Customer 4867,customer4867@example.com,BR,consumer,2020-04-08T00:00:00
CUST-04868,Customer 4868,customer4868@example.com,DE,enterprise,2021-05-05T00:00:00
CUST-04869,Customer 4869,customer4869@example.com,BR,consumer,2022-10-10T00:00:00
CUST-04870,Customer 4870,customer4870@example.com,AU,enterprise,2022-03-19T00:00:00
CUST-04871,Customer 4871,customer4871@example.com,CA,consumer,2020-07-20T00:00:00
CUST-04872,Customer 4872,customer4872@example.com,CA,small-business,2023-03-30T00:00:00
CUST-04873,Customer 4873,customer4873@example.com,AU,consumer,2022-07-08T00:00:00
CUST-04874,Customer 4874,customer4874@example.com,AU,mid-market,2020-10-30T00:00:00
CUST-04875,Customer 4875,customer4875@example.com,IN,enterprise,2022-04-13T00:00:00
CUST-04876,Customer 4876,customer4876@example.com,BR,mid-market,2021-06-17T00:00:00
CUST-04877,Customer 4877,customer4877@example.com,BR,mid-market,2020-08-08T00:00:00
CUST-04878,Customer 4878,customer4878@example.com,DE,small-business,2022-03-22T00:00:00
CUST-04879,Customer 4879,customer4879@example.com,FR,mid-market,2022-12-11T00:00:00
CUST-04880,Customer 4880,customer4880@example.com,AU,mid-market,2020-01-15T00:00:00
CUST-04881,Customer 4881,customer4881@example.com,CA,consumer,2022-02-14T00:00:00
CUST-04882,Customer 4882,customer4882@example.com,US,enterprise,2023-07-08T00:00:00
CUST-04883,Customer 4883,customer4883@example.com,BR,enterprise,2021-10-26T00:00:00
CUST-04884,Customer 4884,customer4884@example.com,FR,enterprise,2022-08-05T00:00:00
CUST-04885,Customer 4885,customer4885@example.com,AU,consumer,2023-08-04T00:00:00
CUST-04886,Customer 4886,customer4886@example.com,US,enterprise,2023-09-12T00:00:00
CUST-04887,Customer 4887,customer4887@example.com,IN,consumer,2022-10-26T00:00:00
CUST-04888,Customer 4888,customer4888@example.com,BR,mid-market,2020-08-06T00:00:00
CUST-04889,Customer 4889,customer4889@example.com,CA,consumer,2023-10-24T00:00:00
CUST-04890,Customer 4890,customer4890@example.com,JP,small-business,2020-11-03T00:00:00
CUST-04891,Customer 4891,customer4891@example.com,CA,mid-market,2021-07-20T00:00:00
CUST-04892,Customer 4892,customer4892@example.com,US,small-business,2023-10-10T00:00:00
CUST-04893,Customer 4893,customer4893@example.com,UK,small-business,2020-02-12T00:00:00
CUST-04894,Customer 4894,customer4894@example.com,AU,mid-market,2020-04-06T00:00:00
CUST-04895,Customer 4895,customer4895@example.com,US,consumer,2023-01-06T00:00:00
CUST-04896,Customer 4896,customer4896@example.com,DE,enterprise,2022-05-08T00:00:00
CUST-04897,Customer 4897,customer4897@example.com,IN,small-business,2023-03-05T00:00:00
CUST-04898,Customer 4898,customer4898@example.com,DE,consumer,2020-12-11T00:00:00
CUST-04899,Customer 4899,customer4899@example.com,CA,mid-market,2022-06-11T00:00:00
CUST-04900,Customer 4900,customer4900@example.com,UK,enterprise,2021-05-19T00:00:00
CUST-04901,Customer 4901,customer4901@example.com,DE,enterprise,2021-11-26T00:00:00
CUST-04902,Customer 4902,customer4902@example.com,FR,mid-market,2022-10-05T00:00:00
CUST-04903,Customer 4903,customer4903@example.com,BR,enterprise,2022-01-28T00:00:00
CUST-04904,Customer 4904,customer4904@example.com,BR,mid-market,2021-02-07T00:00:00
CUST-04905,Customer 4905,customer4905@example.com,US,mid-market,2020-08-02T00:00:00
CUST-04906,Customer 4906,customer4906@example.com,US,consumer,2022-09-27T00:00:00
CUST-04907,Customer 4907,customer4907@example.com,FR,consumer,2020-07-14T00:00:00
CUST-04908,Customer 4908,customer4908@example.com,JP,small-business,2021-06-17T00:00:00
CUST-04909,Customer 4909,customer4909@example.com,BR,enterprise,2022-01-03T00:00:00
CUST-04910,Customer 4910,customer4910@example.com,AU,small-business,2021-09-07T00:00:00
CUST-04911,Customer 4911,customer4911@example.com,DE,enterprise,2022-07-02T00:00:00
CUST-04912,Customer 4912,customer4912@example.com,DE,mid-market,2022-07-19T00:00:00
CUST-04913,Customer 4913,customer4913@example.com,UK,mid-market,2020-09-09T00:00:00
CUST-04914,Customer 4914,customer4914@example.com,CA,enterprise,2020-05-27T00:00:00
CUST-04915,Customer 4915,customer4915@example.com,IN,enterprise,2020-06-07T00:00:00
CUST-04916,Customer 4916,customer4916@example.com,US,enterprise,2020-01-23T00:00:00
CUST-04917,Customer 4917,customer4917@example.com,UK,enterprise,2023-10-27T00:00:00
CUST-04918,Customer 4918,customer4918@example.com,UK,enterprise,2023-08-03T00:00:00
CUST-04919,Customer 4919,customer4919@example.com,KR,enterprise,2021-12-13T00:00:00
CUST-04920,Customer 4920,customer4920@example.com,JP,enterprise,2023-02-17T00:00:00
CUST-04921,Customer 4921,customer4921@example.com,US,consumer,2023-05-04T00:00:00
CUST-04922,Customer 4922,customer4922@example.com,KR,small-business,2020-01-27T00:00:00
CUST-04923,Customer 4923,customer4923@example.com,KR,enterprise,2021-08-07T00:00:00
CUST-04924,Customer 4924,customer4924@example.com,US,mid-market,2022-09-09T00:00:00
CUST-04925,Customer 4925,customer4925@example.com,US,small-business,2022-04-27T00:00:00
CUST-04926,Customer 4926,customer4926@example.com,FR,mid-market,2023-02-01T00:00:00
CUST-04927,Customer 4927,customer4927@example.com,US,consumer,2023-03-05T00:00:00
CUST-04928,Customer 4928,customer4928@example.com,UK,enterprise,2022-02-18T00:00:00
CUST-04929,Customer 4929,customer4929@example.com,DE,small-business,2023-09-01T00:00:00
CUST-04930,Customer 4930,customer4930@example.com,FR,mid-market,2023-08-14T00:00:00
CUST-04931,Customer 4931,customer4931@example.com,BR,consumer,2020-07-09T00:00:00
CUST-04932,Customer 4932,customer4932@example.com,BR,mid-market,2023-08-20T00:00:00
CUST-04933,Customer 4933,customer4933@example.com,US,enterprise,2021-09-13T00:00:00
CUST-04934,Customer 4934,customer4934@example.com,US,small-business,2021-01-21T00:00:00
CUST-04935,Customer 4935,customer4935@example.com,BR,enterprise,2022-06-29T00:00:00
CUST-04936,Customer 4936,customer4936@example.com,US,consumer,2021-08-28T00:00:00
CUST-04937,Customer 4937,customer4937@example.com,JP,consumer,2023-10-27T00:00:00
CUST-04938,Customer 4938,customer4938@example.com,JP,enterprise,2022-10-16T00:00:00
CUST-04939,Customer 4939,customer4939@example.com,DE,mid-market,2023-02-24T00:00:00
CUST-04940,Customer 4940,customer4940@example.com,US,mid-market,2022-12-08T00:00:00
CUST-04941,Customer 4941,customer4941@example.com,AU,small-business,2020-10-16T00:00:00
CUST-04942,Customer 4942,customer4942@example.com,CA,consumer,2023-03-04T00:00:00
CUST-04943,Customer 4943,customer4943@example.com,IN,small-business,2022-01-21T00:00:00
CUST-04944,Customer 4944,customer4944@example.com,IN,enterprise,2022-04-30T00:00:00
CUST-04945,Customer 4945,customer4945@example.com,US,enterprise,2022-01-18T00:00:00
CUST-04946,Customer 4946,customer4946@example.com,BR,consumer,2023-08-13T00:00:00
CUST-04947,Customer 4947,customer4947@example.com,JP,consumer,2023-12-02T00:00:00
CUST-04948,Customer 4948,customer4948@example.com,FR,mid-market,2023-08-30T00:00:00
CUST-04949,Customer 4949,customer4949@example.com,US,small-business,2020-10-27T00:00:00
CUST-04950,Customer 4950,customer4950@example.com,DE,enterprise,2022-12-24T00:00:00
CUST-04951,Customer 4951,customer4951@example.com,KR,mid-market,2022-03-20T00:00:00
CUST-04952,Customer 4952,customer4952@example.com,KR,consumer,2023-08-05T00:00:00
CUST-04953,Customer 4953,customer4953@example.com,US,enterprise,2021-01-06T00:00:00
CUST-04954,Customer 4954,customer4954@example.com,AU,mid-market,2022-04-26T00:00:00
CUST-04955,Customer 4955,customer4955@example.com,AU,enterprise,2020-04-27T00:00:00
CUST-04956,Customer 4956,customer4956@example.com,JP,small-business,2023-06-21T00:00:00
CUST-04957,Customer 4957,customer4957@example.com,AU,enterprise,2021-03-15T00:00:00
CUST-04958,Customer 4958,customer4958@example.com,US,consumer,2021-01-21T00:00:00
CUST-04959,Customer 4959,customer4959@example.com,CA,mid-market,2022-08-04T00:00:00
CUST-04960,Customer 4960,customer4960@example.com,AU,small-business,2023-01-17T00:00:00
CUST-04961,Customer 4961,customer4961@example.com,KR,mid-market,2020-02-10T00:00:00
CUST-04962,Customer 4962,customer4962@example.com,BR,enterprise,2023-12-03T00:00:00
CUST-04963,Customer 4963,customer4963@example.com,BR,enterprise,2022-05-27T00:00:00
CUST-04964,Customer 4964,customer4964@example.com,US,enterprise,2022-04-01T00:00:00
CUST-04965,Customer 4965,customer4965@example.com,DE,small-business,2023-08-23T00:00:00
CUST-04966,Customer 4966,customer4966@example.com,CA,small-business,2023-05-23T00:00:00
CUST-04967,Customer 4967,customer4967@example.com,US,consumer,2020-11-09T00:00:00
CUST-04968,Customer 4968,customer4968@example.com,IN,small-business,2020-10-24T00:00:00
CUST-04969,Customer 4969,customer4969@example.com,JP,mid-market,2022-02-03T00:00:00
CUST-04970,Customer 4970,customer4970@example.com,IN,enterprise,2020-05-13T00:00:00
CUST-04971,Customer 4971,customer4971@example.com,KR,enterprise,2021-08-22T00:00:00
CUST-04972,Customer 4972,customer4972@example.com,DE,mid-market,2020-01-25T00:00:00
CUST-04973,Customer 4973,customer4973@example.com,AU,consumer,2020-05-17T00:00:00
CUST-04974,Customer 4974,customer4974@example.com,DE,small-business,2023-08-17T00:00:00
CUST-04975,Customer 4975,customer4975@example.com,AU,small-business,2020-02-22T00:00:00
CUST-04976,Customer 4976,customer4976@example.com,KR,mid-market,2023-01-29T00:00:00
CUST-04977,Customer 4977,customer4977@example.com,FR,consumer,2021-03-19T00:00:00
CUST-04978,Customer 4978,customer4978@example.com,CA,mid-market,2023-02-19T00:00:00
CUST-04979,Customer 4979,customer4979@example.com,JP,small-business,2020-03-31T00:00:00
CUST-04980,Customer 4980,customer4980@example.com,CA,enterprise,2022-03-14T00:00:00
CUST-04981,Customer 4981,customer4981@example.com,KR,consumer,2021-05-15T00:00:00
CUST-04982,Customer 4982,customer4982@example.com,KR,mid-market,2022-11-05T00:00:00
CUST-04983,Customer 4983,customer4983@example.com,BR,consumer,2021-06-13T00:00:00
CUST-04984,Customer 4984,customer4984@example.com,AU,mid-market,2022-10-24T00:00:00
CUST-04985,Customer 4985,customer4985@example.com,JP,consumer,2021-03-26T00:00:00
CUST-04986,Customer 4986,customer4986@example.com,US,enterprise,2023-05-10T00:00:00
CUST-04987,Customer 4987,customer4987@example.com,FR,consumer,2022-11-20T00:00:00
CUST-04988,Customer 4988,customer4988@example.com,IN,consumer,2023-04-14T00:00:00
CUST-04989,Customer 4989,customer4989@example.com,UK,small-business,2020-04-12T00:00:00
CUST-04990,Customer 4990,customer4990@example.com,JP,small-business,2022-12-24T00:00:00
CUST-04991,Customer 4991,customer4991@example.com,CA,mid-market,2021-12-23T00:00:00
CUST-04992,Customer 4992,customer4992@example.com,AU,small-business,2021-01-01T00:00:00
CUST-04993,Customer 4993,customer4993@example.com,FR,small-business,2020-04-06T00:00:00
CUST-04994,Customer 4994,customer4994@example.com,FR,enterprise,2022-03-08T00:00:00
CUST-04995,Customer 4995,customer4995@example.com,FR,mid-market,2021-02-26T00:00:00
CUST-04996,Customer 4996,customer4996@example.com,KR,enterprise,2023-11-18T00:00:00
CUST-04997,Customer 4997,customer4997@example.com,FR,enterprise,2021-03-21T00:00:00
CUST-04998,Customer 4998,customer4998@example.com,IN,mid-market,2021-06-12T00:00:00
CUST-04999,Customer 4999,customer4999@example.com,CA,small-business,2023-11-15T00:00:00
CUST-05000,Customer 5000,customer5000@example.com,KR,consumer,2022-03-03T00:00:00
